Ethanol,Isopropyl Alcohol,Methanol,Butane,Propane,Isobutane,Dimethyl Ether,Formaldehyde,Benzaldehyde,Cinnamaldehyde,Acetone,Musk Ketone,Ethyl Acetate,Amyl Acetate,Toluene,Xylene,Class
23.59,10.98,17.04,15.69,9.02,10.23,1.04,13.55,4.7,9.03,5.87,9.94,10.11,2.44,7.16,11.61,Alcoholic
11.12,1.94,13.53,20.38,10.44,9.31,5.52,10.47,7.52,16.8,7.83,7.72,21.33,18.1,2.38,9.55,Fruity
10.24,3.76,12.5,16.63,9.45,6.75,2.57,12.07,8.51,19.49,10.95,11.47,17.23,21.84,4.89,10.11,Fruity
9.12,9.09,1.78,16.65,11.06,6.73,3.47,11.72,1.49,7.7,6.7,9.98,10.33,8.21,7.31,6.25,Gasoline-like
6.27,2.42,13.33,15.74,6.65,1.55,2.09,12.17,2.53,11.64,15.02,7.02,6.25,4.8,9.22,14.48,Chemical
10.36,11.06,16.88,17.79,2.56,3.66,1.27,12.41,4.18,7.63,7.27,6.22,6.24,7.18,8.4,11.94,Chemical
10.27,12.64,20.05,6.78,9.02,3.54,7.93,10.55,7.06,15.74,0.1,5.43,15.24,16.41,7.05,4.3,Fruity
13.56,10.12,0.1,3.37,4.75,2.1,5.15,16.53,5.29,16.41,1.17,5.51,15.97,18.64,10.17,11.07,Fruity
8.95,6.54,4.88,11.6,6.53,6.61,1.3,10.75,8.32,17.0,11.72,4.01,19.27,20.66,4.16,10.2,Fruity
6.88,6.23,12.73,5.03,5.73,5.04,4.07,13.87,5.61,2.64,9.4,6.49,11.56,15.95,11.33,13.48,Chemical
10.1,3.72,7.33,5.02,8.59,4.03,3.94,0.1,3.16,14.3,4.6,1.4,15.64,15.9,3.98,5.17,Fruity
0.56,3.99,5.72,12.86,11.55,7.37,7.32,15.43,1.54,16.1,6.62,3.66,3.16,6.5,6.53,14.48,Chemical
7.39,8.96,10.13,17.14,9.06,9.26,4.94,10.41,5.72,6.05,1.83,3.0,16.5,12.39,11.42,12.3,Gasoline-like
26.41,5.46,0.31,11.09,10.54,3.41,6.95,7.75,11.1,9.35,11.64,9.55,8.55,11.99,3.21,9.09,Sweet
10.69,4.87,9.84,3.63,9.22,2.77,10.3,15.68,9.67,1.4,9.17,11.48,10.0,18.17,6.01,5.67,Sweet
12.18,7.66,7.66,14.81,0.11,0.1,2.7,2.85,4.16,15.19,7.88,6.12,14.66,18.53,2.25,2.44,Fruity
21.3,8.11,7.14,9.4,5.94,8.66,6.43,7.61,3.99,16.36,10.12,4.86,17.07,23.76,10.8,0.36,Fruity
20.05,11.02,20.39,9.77,9.77,5.62,2.84,14.72,4.41,6.44,6.31,6.26,8.25,2.92,4.55,7.75,Alcoholic
25.7,12.34,17.75,4.95,6.16,10.59,2.49,13.13,2.69,10.99,10.57,6.93,5.73,5.44,10.1,9.56,Alcoholic
14.9,3.84,9.56,13.26,0.45,2.66,4.82,12.12,2.71,11.34,14.54,5.98,10.61,10.51,11.65,16.21,Chemical
6.06,8.81,20.3,8.01,10.37,5.59,7.02,13.79,8.66,10.02,9.18,12.8,16.53,11.79,7.67,5.33,Sweet
9.25,3.39,3.61,11.63,3.49,8.4,3.64,1.46,5.35,10.55,13.35,12.11,9.44,9.26,9.92,9.07,Sweet
12.4,5.82,6.89,1.02,3.47,4.71,4.9,12.69,2.85,9.63,8.79,8.08,6.99,12.27,12.79,10.8,Chemical
27.23,13.8,24.18,3.27,12.67,4.24,2.43,7.14,7.24,9.76,10.09,4.92,6.88,8.17,11.59,3.75,Alcoholic
9.57,7.22,5.93,0.88,6.16,3.14,4.42,9.35,4.3,19.71,9.57,5.58,18.89,15.87,9.51,8.78,Fruity
5.28,6.43,13.46,12.53,3.52,0.1,1.15,0.1,8.0,4.83,11.86,11.92,11.29,9.7,3.72,3.28,Sweet
32.54,16.19,21.49,8.18,5.45,6.73,2.79,10.25,6.15,0.1,11.26,11.33,8.83,17.36,4.86,7.42,Alcoholic
26.17,11.77,26.82,8.46,6.35,4.17,0.8,8.72,4.28,13.1,7.07,15.3,10.6,4.32,9.98,11.25,Alcoholic
27.27,8.2,13.93,8.88,8.71,5.98,0.36,6.03,8.25,2.71,12.59,11.14,10.61,8.48,4.69,4.66,Sweet
4.19,13.51,3.72,8.63,10.91,6.59,1.55,15.2,5.36,16.58,10.02,8.93,13.84,8.06,10.41,17.12,Chemical
20.19,10.49,9.48,12.34,9.14,2.78,5.59,8.42,7.26,3.04,13.19,13.75,10.69,6.6,4.59,9.98,Sweet
19.3,4.32,24.77,18.47,11.91,8.13,3.52,11.67,4.14,14.69,5.16,4.47,11.9,7.65,7.46,16.54,Gasoline-like
10.67,14.42,4.06,12.25,1.39,1.93,7.62,13.13,7.86,1.37,5.14,3.75,9.89,21.29,13.18,14.77,Chemical
19.35,8.37,19.83,12.13,9.51,8.51,1.49,9.84,8.03,5.47,10.32,9.79,16.12,7.42,7.07,6.94,Sweet
14.01,2.89,17.42,21.32,11.07,7.77,3.71,5.9,8.86,14.75,8.9,0.1,10.73,22.89,6.94,8.79,Gasoline-like
16.95,15.49,18.6,1.16,6.76,1.18,3.58,9.21,2.43,5.67,9.97,10.67,9.76,0.1,1.32,9.22,Alcoholic
26.11,9.29,21.96,18.24,4.76,5.13,7.27,2.31,9.1,8.87,7.2,0.1,10.93,11.11,8.69,4.69,Alcoholic
16.25,6.18,8.63,9.12,13.13,9.79,4.94,14.82,4.8,2.96,7.55,9.96,15.62,4.16,6.63,12.34,Chemical
17.16,5.99,0.1,19.49,9.97,8.32,7.54,14.46,8.49,7.49,10.96,1.47,0.1,14.13,7.59,0.58,Gasoline-like
13.22,12.72,10.94,10.73,7.37,7.3,7.51,14.56,7.16,14.13,9.19,5.11,17.03,2.09,8.43,13.97,Chemical
1.0,8.31,13.66,7.21,0.91,3.63,6.36,14.1,6.83,3.46,16.02,10.08,9.86,14.86,0.1,4.7,Sweet
12.32,3.57,18.87,17.5,5.18,9.9,7.52,6.68,10.44,15.7,7.74,7.23,16.04,20.01,10.51,5.89,Fruity
8.48,9.74,5.39,3.5,3.55,3.79,3.84,16.39,5.93,15.1,7.48,2.74,19.66,19.46,6.23,17.38,Fruity
22.5,10.69,20.63,2.28,7.77,6.35,0.1,5.47,2.78,8.86,7.6,3.45,13.88,11.56,3.7,11.37,Alcoholic
6.73,6.74,15.18,17.37,10.44,8.96,5.46,12.34,2.93,0.86,15.59,8.21,13.88,11.83,8.79,9.07,Gasoline-like
20.31,11.12,5.78,10.09,8.32,4.61,0.1,7.05,9.34,0.7,12.99,9.39,17.15,10.76,5.23,8.82,Sweet
17.18,10.76,10.98,19.21,13.59,8.72,5.76,7.03,5.57,4.63,9.6,5.82,8.72,7.83,5.04,13.49,Gasoline-like
9.5,0.1,16.14,11.62,7.49,6.9,2.89,17.12,9.88,7.25,8.92,1.48,0.1,6.56,12.64,16.7,Chemical
3.31,13.9,13.79,12.42,14.65,6.5,2.11,5.13,2.23,11.83,1.94,8.26,13.14,3.29,5.7,6.15,Gasoline-like
19.76,14.19,19.84,13.45,3.45,10.99,7.29,13.53,4.28,8.47,5.18,9.78,11.41,21.06,8.02,8.44,Alcoholic
21.26,5.05,17.93,15.91,12.61,10.57,1.17,12.5,5.59,19.74,5.68,0.1,0.1,8.48,7.77,13.77,Gasoline-like
10.64,4.86,5.0,7.73,5.54,8.63,6.81,16.34,2.93,12.72,4.09,5.21,9.83,7.07,10.35,14.13,Chemical
12.44,6.46,11.23,2.48,4.2,8.21,5.44,0.8,3.26,20.39,9.66,7.13,19.86,18.48,2.14,2.47,Fruity
20.27,15.12,25.54,14.8,3.28,5.43,6.24,12.69,2.31,11.24,6.35,8.46,14.82,5.22,6.15,2.46,Alcoholic
5.98,3.03,6.23,15.91,4.04,3.2,1.92,14.24,3.83,9.62,7.95,7.67,12.63,7.09,9.93,12.32,Chemical
23.93,7.96,19.13,10.58,5.28,4.44,4.17,13.94,1.36,4.34,5.99,0.1,7.96,18.06,7.05,5.9,Alcoholic
21.47,7.75,17.63,5.3,2.16,3.28,5.37,0.1,7.06,8.29,17.65,11.7,16.31,19.75,7.53,3.69,Fruity
19.54,13.48,20.91,0.1,6.54,4.23,6.13,3.41,0.21,7.47,6.73,7.58,11.48,7.53,6.35,7.79,Alcoholic
2.29,10.11,12.17,12.38,10.17,5.39,4.06,7.8,6.54,0.94,11.33,12.68,2.76,19.5,3.96,5.22,Sweet
21.53,10.22,22.45,11.6,2.5,9.27,5.8,10.89,1.68,2.92,8.95,9.62,8.33,21.93,6.3,2.53,Alcoholic
8.05,7.8,13.56,19.6,12.73,4.4,1.74,3.84,8.04,3.47,13.03,11.51,14.65,6.99,1.94,4.68,Sweet
2.05,4.42,8.03,8.2,13.07,7.13,4.01,11.63,8.57,13.15,16.09,12.7,0.1,12.83,4.47,3.81,Sweet
14.56,7.91,10.18,10.26,7.47,2.04,5.65,6.69,3.01,13.76,3.95,11.13,18.7,14.23,6.37,9.16,Fruity
2.74,5.39,2.02,21.72,8.39,9.47,7.42,10.24,4.17,12.16,6.2,8.82,10.87,12.45,4.83,13.31,Gasoline-like
25.89,12.67,22.01,4.51,6.66,6.03,5.67,19.83,0.1,7.45,4.49,7.27,4.18,6.13,5.02,10.01,Alcoholic
30.68,13.83,17.67,7.07,6.13,3.54,7.23,6.68,0.2,10.84,5.16,4.7,7.9,5.16,9.75,10.65,Alcoholic
14.24,0.1,9.39,4.38,3.33,3.82,4.2,9.28,8.38,10.36,13.0,7.45,10.66,0.1,3.26,12.48,Sweet
16.0,5.42,17.23,11.02,8.1,4.02,1.6,7.19,8.2,5.47,18.31,11.69,18.53,16.26,7.86,5.67,Sweet
6.79,7.81,11.73,10.62,8.51,5.2,7.73,0.1,7.04,8.83,11.52,11.01,12.1,14.36,9.1,11.71,Sweet
12.04,2.51,15.08,5.35,3.86,1.26,6.46,12.14,1.03,0.22,4.89,8.77,9.37,11.94,8.31,14.08,Chemical
19.77,12.24,14.06,3.82,11.8,2.43,4.56,11.59,9.42,10.82,11.92,15.32,8.33,10.2,3.28,11.05,Sweet
22.94,10.72,12.96,11.64,2.7,6.42,3.29,10.98,6.65,4.46,6.88,0.1,6.43,15.3,3.02,7.33,Alcoholic
7.05,3.75,14.05,9.76,4.97,3.11,5.04,7.49,9.28,14.9,12.51,9.93,17.48,12.62,5.11,6.43,Sweet
10.78,13.5,4.9,14.82,7.52,5.3,6.06,5.4,7.77,16.16,1.8,4.04,16.53,20.77,4.17,10.23,Fruity
9.28,14.07,29.82,21.82,9.81,8.9,0.93,3.96,5.85,13.59,10.27,0.1,11.22,11.17,9.27,10.6,Gasoline-like
14.28,4.68,8.45,4.78,1.08,6.84,6.94,14.23,5.33,0.84,6.79,4.82,3.08,4.43,9.94,14.6,Chemical
21.82,12.7,17.93,7.69,11.42,2.6,8.17,12.35,2.0,9.0,10.23,5.93,6.67,8.2,7.94,8.68,Alcoholic
23.78,13.71,18.32,5.05,9.69,8.98,6.01,0.1,8.65,10.44,7.4,3.17,13.1,15.18,6.88,5.7,Alcoholic
10.57,8.08,6.33,1.97,11.93,8.31,6.09,12.09,8.18,4.68,13.35,10.32,13.55,21.41,2.96,10.45,Sweet
1.14,2.06,4.66,16.92,11.81,6.26,10.68,12.95,4.22,12.34,6.95,3.73,9.11,10.58,7.25,9.3,Gasoline-like
11.55,7.78,6.92,5.9,9.07,0.63,0.1,15.2,2.33,8.28,10.89,1.46,10.06,7.77,10.21,10.7,Chemical
6.71,6.13,15.2,10.62,6.53,4.9,3.49,1.58,7.86,17.75,8.69,12.18,16.29,24.19,7.19,2.11,Fruity
5.39,6.66,6.24,19.62,13.7,9.63,1.86,11.11,4.6,16.44,8.47,5.11,1.83,7.74,2.56,7.29,Gasoline-like
5.64,5.73,14.05,16.53,6.34,4.97,3.27,0.1,8.84,4.97,14.13,11.28,2.82,12.23,6.64,6.48,Sweet
9.15,8.47,9.62,15.13,7.11,9.04,10.44,10.25,0.1,19.13,3.61,4.97,15.91,18.21,5.97,3.41,Fruity
10.88,6.16,19.15,19.61,3.81,4.3,7.37,5.51,8.77,4.21,15.18,8.62,12.04,10.01,6.23,6.75,Sweet
16.24,3.42,10.92,13.83,8.78,3.27,2.81,8.37,2.4,16.39,7.31,9.3,11.4,17.15,4.36,9.41,Fruity
6.75,8.12,12.08,10.84,6.52,3.67,3.37,8.46,4.71,20.11,10.36,6.44,19.11,18.59,7.47,7.16,Fruity
1.09,10.78,12.21,8.92,6.3,8.51,3.55,2.94,9.32,9.93,14.17,11.1,20.84,12.06,0.1,8.23,Sweet
12.86,5.26,13.35,14.19,7.57,1.38,4.24,7.93,6.04,8.34,15.2,8.49,9.73,20.04,8.01,2.26,Sweet
9.32,4.28,17.9,0.1,4.44,7.23,6.1,13.65,2.37,13.26,11.55,5.37,17.52,12.42,10.92,14.8,Chemical
8.91,4.04,1.41,15.43,11.33,11.12,1.9,8.36,6.25,5.99,6.73,9.81,13.8,13.67,9.2,1.3,Gasoline-like
19.75,13.86,5.24,9.55,7.22,5.56,4.23,7.57,5.37,10.04,11.03,7.83,12.85,10.1,9.0,12.4,Sweet
8.93,7.8,14.04,12.26,1.33,5.34,7.01,11.96,5.8,18.31,7.24,7.83,7.19,18.2,8.77,7.64,Fruity
22.01,10.88,19.04,9.23,4.2,7.79,5.43,8.71,2.92,1.88,11.99,5.47,10.1,14.0,0.1,15.54,Alcoholic
6.71,7.53,6.11,10.43,11.93,0.45,0.1,13.05,3.82,14.92,5.82,6.55,21.75,22.43,6.64,0.69,Fruity
17.69,10.0,17.55,8.12,0.44,3.99,5.18,11.83,3.06,2.36,0.1,1.35,11.87,9.38,7.06,12.39,Chemical
4.12,14.0,7.64,8.19,5.88,5.12,4.28,14.05,3.38,10.16,6.71,3.41,0.37,16.01,11.69,15.1,Chemical
0.1,9.48,14.81,12.41,12.73,9.88,2.89,14.17,6.04,8.84,4.15,0.44,16.96,9.75,8.93,0.1,Gasoline-like
20.0,9.37,22.09,10.57,11.06,5.02,4.97,9.34,3.56,5.11,3.56,1.9,4.74,16.91,9.01,7.35,Alcoholic
16.95,10.96,24.58,13.79,8.62,2.52,7.21,9.64,2.1,7.26,1.4,12.98,17.85,9.69,8.98,7.75,Alcoholic
4.88,3.69,8.13,13.47,7.39,0.64,3.44,11.14,6.49,7.55,3.37,1.82,10.76,14.81,8.88,13.2,Chemical
21.59,6.57,15.2,8.34,3.11,5.87,4.96,10.27,8.45,14.1,10.83,11.87,4.0,8.36,9.03,2.49,Sweet
10.52,2.83,20.92,11.18,0.36,2.56,1.53,6.16,0.1,15.41,4.6,7.48,12.32,20.0,3.2,11.26,Fruity
25.96,11.85,26.99,7.87,2.62,1.28,5.82,6.9,6.67,0.1,9.29,3.2,5.04,8.12,7.25,17.26,Alcoholic
21.67,11.36,25.25,5.4,10.25,5.8,1.24,16.34,3.63,3.77,3.75,3.54,5.62,18.57,5.15,11.06,Alcoholic
6.73,2.15,13.02,17.49,10.95,11.36,2.1,5.98,4.73,22.2,2.37,6.4,5.91,14.95,4.15,9.8,Gasoline-like
15.25,17.7,10.55,20.26,10.67,9.94,2.18,7.81,5.04,6.75,4.43,9.31,5.09,11.67,1.88,1.22,Gasoline-like
20.12,11.6,15.99,2.8,10.61,6.87,9.17,8.74,4.49,8.8,7.38,2.77,8.55,8.6,2.95,10.35,Alcoholic
10.47,6.38,6.86,7.34,4.69,4.93,2.59,7.44,7.4,7.88,11.9,11.4,15.54,5.7,8.04,6.66,Sweet
25.13,14.04,20.44,7.9,6.53,8.04,5.3,10.82,5.59,6.69,15.39,5.36,8.31,16.8,2.72,8.0,Alcoholic
28.42,9.24,21.1,19.56,14.06,10.06,7.02,8.66,3.74,10.25,1.39,6.38,9.28,12.13,4.64,12.54,Gasoline-like
9.01,5.48,8.15,7.46,2.85,7.27,5.47,17.24,8.93,8.29,16.56,11.48,14.18,13.48,7.19,8.8,Sweet
5.86,10.01,7.01,22.77,4.23,7.04,4.07,10.08,5.73,4.75,13.12,9.04,12.82,11.97,7.41,5.67,Sweet
17.7,2.24,6.09,15.17,10.15,9.63,10.39,7.71,7.43,10.51,9.55,8.07,0.1,10.84,0.1,9.81,Gasoline-like
3.05,5.32,0.48,12.48,7.9,6.88,3.33,4.39,4.45,20.98,6.83,3.45,12.89,16.65,5.54,12.94,Fruity
13.42,6.33,32.06,13.71,14.55,7.85,4.73,0.1,4.17,12.51,9.28,1.45,5.44,16.22,7.09,9.3,Gasoline-like
17.79,6.2,0.1,13.32,1.03,0.14,3.4,7.56,7.49,4.48,12.52,11.95,6.16,7.29,1.99,10.6,Sweet
9.85,7.52,11.58,15.45,8.83,4.47,3.54,8.98,6.28,12.59,5.34,8.46,17.17,24.27,8.8,5.79,Fruity
16.76,0.46,4.28,2.58,9.2,5.69,4.09,18.01,2.0,7.16,3.93,10.71,12.31,10.35,10.29,12.39,Chemical
12.92,11.52,13.52,4.4,6.15,3.77,4.75,16.59,4.13,6.27,7.97,0.1,7.68,11.0,11.57,8.95,Chemical
12.11,4.7,19.36,8.76,6.72,6.52,5.08,14.5,7.82,12.32,12.77,10.41,0.1,9.53,4.27,12.2,Sweet
2.37,0.1,1.47,14.41,10.63,9.09,7.23,7.2,4.4,13.8,9.33,8.74,11.72,7.47,5.05,7.69,Gasoline-like
21.08,0.68,13.59,3.08,0.1,7.4,6.7,16.64,6.03,14.2,6.42,8.08,14.56,20.26,10.16,13.08,Chemical
25.61,16.03,16.24,16.28,3.57,6.99,1.88,8.47,0.1,11.84,6.31,7.87,8.04,11.34,7.77,5.06,Alcoholic
6.87,1.56,8.49,16.77,11.46,12.62,3.11,13.26,5.87,15.23,0.1,4.14,10.08,21.58,3.68,6.59,Gasoline-like
8.81,11.69,22.05,16.57,8.01,8.59,4.54,5.05,5.59,0.1,5.48,6.14,17.58,5.67,8.11,9.15,Alcoholic
10.34,5.62,7.2,18.03,13.05,10.0,2.95,5.62,6.74,9.08,12.02,7.28,9.97,14.13,2.08,12.31,Gasoline-like
27.71,11.22,20.58,10.23,8.54,10.87,3.92,5.76,1.02,0.69,0.1,4.98,1.86,18.82,5.46,4.91,Alcoholic
19.98,9.14,16.8,8.57,11.48,8.9,3.16,16.73,5.69,4.81,5.17,4.93,6.38,10.77,11.85,13.24,Chemical
6.92,8.98,5.16,12.23,13.71,6.77,4.63,3.4,5.93,4.55,0.1,7.19,3.49,12.71,7.61,6.77,Gasoline-like
20.56,10.9,12.93,10.98,6.63,4.42,5.5,10.18,3.92,17.31,10.94,7.32,10.91,15.83,4.31,11.46,Alcoholic
11.29,1.35,7.37,6.11,5.33,1.61,5.78,9.36,6.89,17.13,2.24,3.61,17.23,16.58,0.1,10.7,Fruity
21.78,14.21,23.51,8.42,3.13,1.92,4.59,3.04,7.72,3.16,12.22,12.62,8.3,12.62,3.17,7.22,Alcoholic
9.65,4.64,19.59,11.85,9.65,2.73,5.65,18.05,1.83,5.07,8.02,6.8,16.07,14.42,11.28,11.84,Chemical
7.89,6.11,4.17,13.81,4.43,2.99,1.76,3.33,5.92,12.22,11.83,3.14,16.64,15.2,4.29,7.86,Fruity
24.07,14.56,14.64,12.42,9.32,8.06,4.43,9.48,8.25,8.45,9.79,7.2,9.11,9.88,6.28,10.62,Alcoholic
22.65,8.41,12.3,2.91,1.49,7.24,7.81,13.52,1.32,8.05,14.01,2.83,6.18,17.55,11.71,12.91,Chemical
26.68,10.47,12.39,10.64,7.99,7.51,3.73,13.9,8.89,0.1,5.15,7.75,10.58,16.76,10.9,12.68,Chemical
15.9,7.94,6.13,0.1,2.54,8.77,1.61,10.51,1.16,10.15,2.87,3.88,7.75,13.76,10.93,18.74,Chemical
13.86,10.15,7.0,13.51,11.22,11.59,7.78,1.05,3.18,10.16,12.72,8.02,0.1,6.98,8.66,6.56,Gasoline-like
3.5,10.8,2.33,12.71,8.96,1.65,3.21,15.88,2.2,9.72,10.79,6.1,7.21,8.17,8.46,15.6,Chemical
13.56,11.94,10.24,5.21,14.19,4.09,4.32,5.8,7.02,16.34,1.06,5.75,15.3,19.46,5.46,10.57,Fruity
7.64,9.53,1.38,7.73,5.65,5.72,1.51,15.51,4.95,14.65,1.06,7.64,5.59,11.9,8.19,11.44,Chemical
13.55,8.55,15.4,21.46,7.7,7.67,6.96,15.91,7.43,10.17,12.34,13.73,5.27,10.1,6.18,1.01,Sweet
23.06,17.94,18.57,9.73,2.97,4.75,5.37,12.78,5.24,14.84,11.15,6.83,4.4,17.51,7.18,5.9,Alcoholic
6.83,14.62,16.75,13.37,7.81,4.91,4.86,15.87,8.29,14.0,9.03,4.19,9.59,5.65,10.94,11.95,Chemical
12.13,9.44,6.86,15.82,11.91,3.08,8.55,5.82,6.13,14.44,8.57,5.89,14.69,15.78,0.39,9.73,Fruity
17.57,3.21,12.24,7.02,10.74,8.38,5.03,3.94,5.77,13.3,3.42,1.0,18.03,24.32,6.82,9.82,Fruity
8.13,16.6,12.07,3.0,5.72,3.81,4.13,4.71,4.97,13.84,1.7,8.07,19.34,22.56,8.26,7.25,Fruity
21.63,10.8,19.68,11.54,9.4,8.6,0.1,10.16,5.41,13.1,3.22,6.28,12.03,7.44,1.87,3.44,Alcoholic
9.53,8.77,24.68,13.12,10.45,3.78,2.47,16.83,5.3,10.77,3.21,5.22,14.81,2.66,10.54,14.54,Chemical
4.72,9.43,12.01,15.78,0.1,2.8,7.71,9.27,9.65,8.77,12.23,15.27,6.64,12.35,0.11,5.92,Sweet
10.62,8.17,16.37,15.09,6.95,1.34,4.82,12.44,7.85,3.5,3.91,3.38,5.64,12.57,9.73,12.47,Chemical
3.75,10.39,29.33,20.42,11.48,10.41,4.32,7.98,3.08,2.69,10.34,11.64,12.06,16.12,8.83,5.69,Gasoline-like
15.97,10.94,18.82,11.84,9.25,4.71,2.87,17.2,3.33,0.1,1.91,8.8,5.97,14.59,9.61,14.88,Chemical
15.88,1.49,15.85,6.33,2.37,3.27,1.23,4.5,0.87,10.82,11.91,3.52,16.55,22.26,5.07,6.06,Fruity
16.71,9.6,20.05,16.03,12.7,10.33,0.29,12.04,7.73,14.11,10.63,12.89,5.65,5.69,1.87,18.47,Gasoline-like
12.35,7.23,9.06,16.47,12.77,10.02,6.53,14.16,4.47,11.66,1.16,8.03,6.54,7.25,5.67,10.93,Gasoline-like
20.97,12.42,21.84,6.54,3.97,3.54,3.48,4.03,4.99,9.59,5.34,4.69,10.22,12.22,4.76,1.86,Alcoholic
18.86,12.12,24.86,8.27,5.62,9.59,6.76,13.98,0.1,11.91,8.29,12.28,4.72,19.49,11.14,0.1,Alcoholic
3.32,8.44,14.86,13.95,7.19,2.03,4.9,11.74,8.37,4.4,13.29,7.33,7.13,2.58,3.16,10.9,Sweet
7.8,8.97,7.62,19.4,11.74,8.87,3.28,14.91,5.28,10.52,11.73,5.92,9.72,13.46,2.24,13.46,Gasoline-like
3.8,7.18,14.55,5.3,3.87,6.98,9.35,12.66,5.43,0.1,7.79,6.98,18.06,4.74,11.27,11.78,Chemical
17.01,9.41,14.25,17.37,12.13,8.43,4.47,12.62,3.05,4.47,7.3,4.54,0.1,12.38,4.32,4.12,Gasoline-like
12.95,11.66,2.95,4.32,8.39,6.3,2.36,13.21,0.1,14.33,6.82,0.1,21.45,15.12,2.74,12.34,Fruity
8.8,9.94,8.35,5.39,7.03,2.85,0.1,5.45,3.02,1.08,11.26,13.76,10.56,14.85,12.54,2.56,Sweet
17.44,6.74,12.7,10.57,0.5,9.05,4.68,3.55,6.23,7.4,12.77,10.74,14.14,11.91,3.98,16.56,Sweet
0.3,7.67,6.83,3.13,6.33,9.96,6.3,14.23,2.53,10.11,3.95,3.79,11.09,0.73,12.48,10.69,Chemical
7.72,4.69,0.12,8.49,9.94,7.34,7.85,7.19,4.38,16.2,7.77,2.7,14.46,25.08,0.11,8.54,Fruity
16.76,12.59,4.79,15.57,5.0,7.28,4.1,3.71,6.19,0.59,14.16,9.95,18.9,10.66,6.13,6.02,Sweet
17.33,7.26,25.03,17.45,9.72,8.31,3.64,5.85,4.39,2.8,11.59,7.61,8.13,7.88,7.05,3.6,Gasoline-like
11.45,4.27,13.86,15.81,8.45,1.68,2.31,17.1,4.39,10.65,7.66,3.23,9.62,9.78,10.56,10.36,Chemical
11.43,13.53,8.04,21.57,10.99,9.37,5.98,2.59,6.54,10.63,6.83,6.29,6.97,4.19,6.97,1.77,Gasoline-like
16.08,11.71,2.91,15.32,12.64,8.24,6.65,4.58,5.8,14.84,5.62,7.82,11.16,10.81,8.39,8.94,Gasoline-like
4.26,11.23,22.35,11.01,11.02,4.76,7.93,10.51,4.45,16.77,5.03,4.79,16.83,23.05,5.53,9.05,Fruity
9.87,10.91,13.3,20.12,11.23,9.94,6.96,13.53,5.33,5.56,5.84,8.73,0.1,10.08,7.75,12.6,Gasoline-like
23.59,12.37,23.24,7.37,0.1,1.84,7.84,6.39,7.25,5.31,8.27,5.98,22.61,9.78,5.28,0.1,Alcoholic
27.03,16.86,26.67,10.75,9.76,2.7,6.2,6.31,4.16,12.37,1.83,7.42,9.21,12.71,7.68,0.96,Alcoholic
15.52,0.22,9.67,13.44,8.49,5.39,9.01,6.01,7.7,8.21,10.77,9.66,2.1,20.48,8.95,2.39,Sweet
13.05,2.43,5.29,14.31,10.36,10.72,0.1,15.59,5.47,11.3,9.65,7.53,8.04,14.37,3.72,7.99,Gasoline-like
12.46,7.48,15.96,17.71,7.45,8.82,7.33,0.1,1.85,3.06,10.67,4.59,5.91,13.44,3.39,10.69,Gasoline-like
18.07,9.18,23.13,8.65,7.48,7.09,7.26,9.82,0.1,9.23,8.71,3.89,7.73,11.18,7.91,7.15,Alcoholic
22.43,14.99,21.34,11.19,6.12,5.07,2.83,7.78,3.05,3.4,6.19,6.07,12.11,7.74,8.58,7.19,Alcoholic
16.14,2.38,8.05,6.53,8.93,9.74,7.93,9.64,5.72,8.36,14.7,10.86,1.59,7.37,3.05,10.38,Sweet
17.55,6.09,13.48,10.61,4.74,3.91,6.99,15.65,5.64,13.57,6.1,4.74,10.66,9.17,9.67,14.67,Chemical
16.67,0.1,14.94,6.05,5.15,2.07,6.08,0.41,4.46,7.71,16.87,9.39,9.23,17.86,7.45,6.2,Sweet
11.94,10.03,11.6,9.83,4.18,6.74,8.99,15.44,4.23,10.7,10.46,6.01,16.62,6.22,7.86,13.42,Chemical
14.13,4.96,4.0,2.48,8.37,5.51,0.27,7.78,8.56,11.78,13.33,11.73,8.08,14.98,5.68,6.93,Sweet
14.96,12.76,19.93,10.55,4.16,9.65,7.44,15.62,7.66,9.26,1.57,10.09,3.09,7.04,8.62,8.56,Alcoholic
10.23,2.87,14.84,16.4,16.96,8.81,5.32,15.25,5.72,6.35,8.01,7.88,15.82,20.22,7.09,10.74,Gasoline-like
5.59,0.95,9.05,13.29,6.26,6.44,2.78,15.15,2.67,10.11,5.94,4.23,6.27,11.49,13.72,17.69,Chemical
8.56,8.57,11.65,6.52,5.91,7.33,7.19,16.88,6.3,4.62,6.18,8.96,14.18,11.87,8.31,12.56,Chemical
29.7,13.91,25.43,5.52,5.65,5.22,4.16,1.78,7.51,11.03,5.23,1.88,14.14,26.03,3.99,6.44,Alcoholic
23.88,10.15,11.87,8.95,0.39,3.43,6.24,3.87,1.16,16.12,5.13,2.38,15.83,15.1,1.7,8.37,Fruity
11.15,9.2,4.45,11.6,5.79,7.13,8.34,6.16,4.25,13.99,7.65,3.43,18.69,21.14,5.91,13.61,Fruity
11.16,8.07,10.3,14.89,7.67,5.21,2.76,8.41,8.56,7.24,12.85,10.01,8.45,10.94,4.21,7.7,Sweet
14.89,12.44,22.92,10.42,8.53,0.58,3.99,5.07,6.75,7.68,15.72,2.34,0.97,17.86,0.47,8.29,Alcoholic
15.65,12.27,19.41,6.57,11.26,4.49,5.25,11.7,4.59,6.31,6.34,7.55,15.55,7.66,3.52,8.22,Alcoholic
10.12,13.24,10.39,12.26,7.7,3.39,5.38,7.32,7.86,3.69,13.07,8.7,11.81,14.83,10.53,10.2,Sweet
22.8,9.39,16.36,5.19,10.79,7.6,1.67,0.1,5.52,6.96,6.51,9.48,13.44,2.58,7.51,12.14,Alcoholic
25.71,12.81,21.85,11.07,4.64,1.71,5.41,7.34,4.22,11.28,7.67,4.53,8.86,10.1,6.13,9.7,Alcoholic
17.8,4.47,15.55,23.41,14.29,9.77,7.16,6.69,3.52,14.52,6.44,6.93,1.08,12.53,7.2,8.0,Gasoline-like
14.31,0.43,6.62,3.45,7.7,5.34,4.15,3.72,8.17,8.32,12.77,8.21,11.39,11.71,3.81,0.1,Sweet
11.41,8.88,26.74,14.15,16.85,9.22,4.14,8.76,4.4,16.42,12.92,11.13,5.47,9.45,2.55,12.71,Gasoline-like
6.06,9.79,9.43,12.33,5.68,5.66,1.71,15.36,5.71,13.65,8.87,7.44,8.77,6.95,7.67,16.82,Chemical
4.84,5.72,17.5,12.48,9.66,10.44,9.05,5.72,2.43,7.6,10.03,2.21,5.11,10.46,0.51,12.14,Gasoline-like
7.35,4.62,8.16,12.62,9.55,11.46,6.57,14.5,3.51,20.32,16.58,8.86,14.17,17.86,5.08,7.47,Fruity
19.32,5.77,14.34,19.07,5.08,9.35,5.23,11.24,3.61,12.63,7.46,7.83,12.13,8.48,10.31,10.73,Chemical
8.78,6.69,19.46,8.92,8.39,4.73,3.08,6.11,9.12,8.72,14.01,10.96,1.79,13.13,7.29,5.84,Sweet
10.86,5.22,15.37,5.94,4.28,0.1,6.0,17.25,6.86,15.33,13.39,5.12,7.02,20.91,8.87,10.83,Chemical
23.12,5.98,12.61,0.1,9.2,8.96,1.52,11.71,7.14,0.41,11.99,9.88,7.9,6.84,10.31,3.8,Sweet
26.12,2.83,11.92,5.9,8.24,6.49,9.22,14.31,7.98,7.99,11.71,2.1,13.58,0.1,9.98,15.95,Chemical
7.36,7.21,22.13,17.13,13.27,6.07,9.02,8.75,8.98,3.18,7.05,9.72,0.1,22.49,6.32,0.41,Gasoline-like
19.45,11.06,26.01,15.64,10.1,0.7,2.4,5.2,5.53,0.1,3.45,11.42,11.79,5.77,5.56,11.1,Alcoholic
13.29,5.52,16.75,8.11,9.1,7.24,4.15,7.35,7.11,12.09,1.78,8.29,18.58,15.51,5.69,6.86,Fruity
8.92,11.4,11.74,14.56,13.65,10.3,5.0,12.32,2.82,5.87,13.72,6.91,9.53,13.24,0.1,5.21,Gasoline-like
15.63,10.47,10.23,4.69,9.05,6.73,2.23,8.66,1.75,18.46,5.49,4.43,16.74,21.18,7.16,3.13,Fruity
10.21,7.79,14.4,14.25,4.97,1.31,4.48,8.18,5.7,6.89,15.46,13.05,16.74,10.04,4.22,7.94,Sweet
19.1,8.84,7.24,5.53,6.88,2.95,7.43,17.45,3.91,13.95,7.99,1.8,10.22,15.13,8.91,10.01,Chemical
1.13,8.42,14.12,8.75,6.59,2.94,9.66,2.08,7.23,14.13,11.31,11.17,8.96,6.39,3.24,11.81,Sweet
13.67,11.82,11.07,4.69,2.66,8.28,3.97,12.49,4.45,10.44,6.53,1.25,17.17,15.69,6.81,8.72,Fruity
13.7,7.68,2.41,10.99,9.52,4.51,3.73,7.44,1.84,14.68,6.06,6.7,14.92,16.67,11.47,12.53,Fruity
1.76,14.75,12.93,11.89,7.96,0.1,4.12,14.73,5.52,5.03,9.57,7.41,18.97,13.71,9.61,13.12,Chemical
11.02,8.98,18.18,19.58,9.81,7.63,6.27,10.89,4.83,3.65,3.04,5.76,6.8,6.17,9.15,5.5,Gasoline-like
9.82,2.87,11.32,11.86,7.81,6.59,3.69,6.58,6.14,17.53,5.72,8.69,16.99,21.49,5.82,6.79,Fruity
11.68,2.17,0.1,10.82,11.96,4.59,3.99,8.85,10.12,10.18,14.3,14.71,10.11,13.49,3.75,5.23,Sweet
20.1,10.45,20.75,1.33,8.65,1.93,7.95,4.12,1.59,16.42,9.08,4.78,12.3,17.73,2.27,7.42,Alcoholic
10.67,7.06,9.95,3.84,4.59,5.88,5.09,8.85,7.06,3.14,13.54,12.41,3.98,7.25,5.37,5.47,Sweet
19.4,7.25,8.32,5.9,7.77,3.61,4.3,15.62,5.65,12.23,10.57,11.19,18.21,23.41,9.73,12.76,Fruity
14.8,2.93,14.86,5.15,8.5,7.82,5.61,16.61,4.24,4.54,1.78,4.9,13.01,6.36,10.66,14.19,Chemical
23.66,10.62,23.73,11.96,4.0,2.2,5.13,6.69,3.5,7.12,9.35,12.47,10.78,13.73,7.34,8.19,Alcoholic
16.49,10.94,6.98,6.85,0.1,4.09,5.12,13.8,4.93,12.02,8.24,4.3,14.5,14.75,7.44,11.33,Chemical
15.17,6.9,11.45,9.31,8.34,8.02,6.76,14.95,6.06,4.27,8.3,11.23,7.37,12.0,10.44,10.86,Chemical
27.4,10.73,13.93,14.32,4.98,1.42,1.53,13.85,9.05,7.09,11.19,11.49,6.22,7.51,4.05,8.8,Sweet
7.71,4.95,5.79,16.36,12.64,8.11,6.44,11.03,2.74,8.77,4.32,4.81,12.95,8.7,4.62,7.62,Gasoline-like
30.85,9.2,0.1,17.35,6.28,4.45,7.51,1.21,9.81,9.58,8.66,12.62,1.13,12.9,2.33,4.63,Sweet
9.14,8.88,17.77,19.94,14.67,8.64,5.96,6.32,0.1,14.04,8.68,1.51,8.12,8.75,4.73,13.22,Gasoline-like
14.93,5.54,10.5,16.74,9.7,9.78,4.83,4.55,6.36,13.85,0.1,5.33,16.24,6.59,4.4,9.44,Gasoline-like
8.02,6.96,0.1,4.4,4.82,7.51,2.97,7.77,0.67,15.63,2.78,1.17,16.53,24.03,7.72,9.12,Fruity
19.11,12.1,13.63,7.58,11.61,2.64,4.64,7.51,6.94,7.43,9.83,7.5,13.36,14.97,4.82,9.41,Alcoholic
18.51,15.02,29.0,3.52,4.47,5.84,6.68,9.47,2.17,18.89,8.86,1.14,6.16,6.82,8.6,3.43,Alcoholic
14.13,1.48,6.49,3.27,11.06,10.41,6.8,4.97,8.44,10.51,12.38,11.17,8.58,3.96,5.06,8.9,Sweet
17.07,4.66,1.32,4.37,9.27,6.11,6.41,15.09,1.82,8.06,8.88,11.26,6.81,13.5,11.43,11.83,Chemical
12.61,9.04,23.4,3.03,5.08,5.88,4.91,8.9,7.34,2.69,15.0,9.06,0.96,13.96,5.62,1.05,Sweet
16.23,11.45,9.84,2.98,3.55,5.54,1.53,10.68,9.26,4.65,11.99,14.84,16.68,14.14,7.27,11.79,Sweet
11.3,12.03,18.92,5.54,11.69,5.13,1.02,5.93,1.32,14.83,8.53,12.21,18.03,18.98,8.95,0.1,Fruity
16.03,5.17,12.54,18.02,5.91,2.57,6.58,4.22,2.32,11.67,8.58,6.18,17.61,16.22,7.89,3.06,Fruity
30.32,7.44,23.87,13.9,6.79,6.56,4.79,9.83,1.85,8.02,4.82,1.5,10.58,10.18,2.69,3.87,Alcoholic
16.77,8.01,15.44,11.59,0.29,3.09,9.13,7.31,2.71,14.32,5.15,2.99,18.5,20.39,8.8,5.25,Fruity
11.08,0.93,18.23,15.18,2.9,11.66,5.74,5.09,0.1,21.98,3.76,0.1,20.07,27.97,10.44,7.86,Fruity
0.1,6.45,10.12,14.56,10.09,9.74,7.56,14.26,1.97,17.96,15.13,2.68,22.34,17.86,4.43,10.12,Fruity
0.1,7.01,14.72,7.05,5.43,7.66,5.08,9.23,8.42,12.47,10.31,8.93,5.53,9.5,5.12,8.71,Sweet
15.44,8.15,3.65,2.59,5.38,5.82,3.91,16.99,2.89,18.41,3.54,7.72,10.07,10.76,11.92,14.99,Chemical
23.28,11.69,4.25,8.02,7.06,9.01,8.32,20.09,3.65,15.16,0.82,2.65,9.57,16.4,8.36,13.54,Chemical
14.31,6.81,3.71,13.45,3.74,5.85,3.32,3.4,0.29,14.43,11.76,6.21,19.94,21.48,3.75,7.85,Fruity
15.06,3.88,10.28,15.88,9.37,9.96,2.74,5.23,2.73,11.21,0.1,13.41,9.67,2.02,1.47,7.99,Gasoline-like
9.65,2.86,6.7,12.73,2.97,5.6,3.67,9.99,7.49,11.56,10.23,10.66,2.87,7.71,7.06,4.97,Sweet
8.52,13.79,3.99,11.76,7.58,2.54,5.45,5.05,6.42,15.82,6.44,3.82,19.44,17.74,2.31,5.02,Fruity
11.22,11.37,11.65,10.44,3.43,4.61,4.19,13.68,1.61,6.24,1.67,9.3,11.21,5.99,7.4,14.58,Chemical
17.21,6.63,8.48,10.55,6.72,2.57,5.68,8.25,10.21,3.44,9.62,10.18,1.22,16.73,7.35,4.62,Sweet
14.14,10.17,10.42,15.83,11.23,9.43,4.62,6.67,5.15,4.42,3.65,3.94,19.85,12.3,5.05,16.84,Gasoline-like
14.98,4.02,24.71,9.05,13.61,8.97,4.83,10.1,7.94,8.53,0.63,0.41,6.34,11.65,10.23,6.63,Gasoline-like
17.1,2.49,17.08,11.68,8.73,9.25,7.17,11.08,1.77,13.18,8.05,4.97,13.77,27.87,8.4,11.23,Fruity
3.77,3.73,0.1,17.4,10.68,8.62,3.35,0.1,4.83,8.15,16.23,3.3,5.54,1.32,0.1,12.23,Gasoline-like
14.92,4.51,16.93,15.41,6.82,5.07,2.21,12.06,5.66,9.39,7.93,10.67,18.12,1.22,10.78,14.6,Chemical
20.62,8.9,7.07,0.1,7.07,5.31,5.69,8.22,0.9,16.25,10.74,11.77,19.67,22.29,6.88,7.22,Fruity
7.52,2.78,9.24,10.0,5.64,7.67,2.16,11.11,6.21,7.89,6.21,4.15,12.92,9.64,10.29,12.22,Chemical
22.53,5.4,0.1,0.1,7.4,2.54,6.51,10.39,3.02,15.52,5.53,7.26,15.36,18.46,3.45,5.0,Fruity
6.37,7.94,7.07,3.31,7.64,4.63,1.47,4.63,2.86,16.41,6.24,10.56,21.77,22.02,0.15,11.27,Fruity
7.85,5.97,11.96,11.99,11.2,12.25,3.71,6.9,3.25,14.65,8.6,6.67,12.07,15.42,7.8,6.03,Gasoline-like
24.32,8.51,3.62,18.32,12.65,6.43,8.51,6.79,7.32,8.49,4.3,5.94,10.92,9.98,8.34,9.58,Gasoline-like
24.01,9.97,6.88,8.99,10.11,3.83,5.67,10.53,6.77,9.0,12.28,9.53,8.57,11.0,11.25,3.06,Sweet
20.15,11.22,22.78,17.6,4.41,0.1,0.1,11.12,2.15,3.12,5.48,0.1,5.59,2.33,2.69,6.15,Alcoholic
5.46,11.13,14.86,1.18,2.63,7.76,5.42,11.45,7.56,9.69,1.98,3.06,1.75,5.21,6.85,13.4,Chemical
24.52,2.73,20.44,7.75,5.87,1.3,0.66,5.51,5.77,12.74,1.76,6.34,18.72,19.25,8.82,4.8,Fruity
16.33,5.97,12.89,11.81,12.26,4.46,3.97,11.1,4.16,15.07,12.8,0.1,15.84,21.23,5.55,10.72,Fruity
20.84,13.33,18.25,14.34,6.48,5.7,6.24,1.46,9.39,9.96,13.12,8.11,5.66,17.68,7.85,8.82,Sweet
15.35,4.06,12.59,17.0,11.25,7.41,4.05,13.78,3.74,17.93,10.68,5.55,20.92,17.9,3.82,6.16,Fruity
14.32,9.12,9.97,16.24,16.33,8.92,6.95,12.3,0.99,12.4,4.27,9.16,7.85,7.28,3.52,8.79,Gasoline-like
7.34,5.34,8.72,15.82,8.24,6.2,4.5,16.13,3.9,6.59,6.74,7.64,9.44,16.72,10.35,13.7,Chemical
12.5,10.39,8.41,14.17,11.89,9.26,3.15,18.81,3.48,14.53,10.48,2.34,13.49,4.03,6.91,8.8,Gasoline-like
10.65,6.66,16.94,12.08,3.71,9.21,8.14,14.42,3.36,17.01,9.02,8.28,23.15,16.02,10.64,16.74,Chemical
25.48,12.26,25.41,6.02,4.8,3.92,5.78,6.06,7.94,10.15,3.62,9.18,0.1,24.46,5.95,8.36,Alcoholic
11.12,12.1,8.15,16.52,8.78,10.52,3.7,5.89,2.89,9.33,8.31,4.6,14.77,4.7,1.57,10.93,Gasoline-like
15.3,6.61,6.43,21.7,11.53,10.98,3.23,11.31,5.99,14.41,10.96,3.31,16.66,7.94,3.54,8.0,Gasoline-like
21.55,11.19,23.33,1.48,10.82,0.75,6.96,7.36,6.25,14.34,5.96,3.8,7.3,9.31,0.1,13.13,Alcoholic
4.75,7.19,11.5,16.7,12.87,12.6,11.3,6.76,5.31,9.54,9.09,7.74,4.91,18.87,8.44,12.55,Gasoline-like
14.46,8.19,30.07,17.58,11.05,8.72,7.89,4.96,1.16,3.31,8.22,9.04,10.65,14.07,8.36,10.3,Gasoline-like
17.53,6.18,7.2,6.39,11.11,7.33,8.13,17.92,6.28,17.7,14.81,13.15,8.33,16.95,2.17,9.59,Sweet
18.59,12.96,19.13,9.87,7.57,4.46,3.4,3.53,4.94,9.37,0.1,4.63,8.6,3.25,10.54,7.65,Alcoholic
17.63,8.77,0.1,9.06,6.21,2.01,2.76,15.9,3.53,11.17,9.76,4.51,9.21,13.25,12.39,12.47,Chemical
5.69,0.76,2.79,3.16,6.25,5.57,4.61,14.14,4.36,7.24,4.96,2.38,14.04,21.8,14.46,15.75,Chemical
14.9,7.88,23.92,11.58,5.4,5.79,3.43,10.22,9.24,12.41,10.22,14.22,11.09,12.84,1.61,11.75,Sweet
7.67,7.47,6.11,16.69,10.56,8.47,3.34,5.11,10.67,3.28,3.51,10.61,8.53,13.24,5.41,4.35,Gasoline-like
10.59,8.1,7.64,5.98,7.66,3.5,3.9,2.97,8.46,6.37,13.04,10.6,12.75,14.02,6.97,6.37,Sweet
14.49,12.07,7.1,14.72,5.73,7.23,4.5,0.1,2.89,16.06,0.1,9.74,19.62,20.82,3.71,14.05,Fruity
22.81,10.32,17.06,7.87,14.33,5.12,8.28,8.07,5.24,14.32,11.69,5.83,17.65,10.44,8.93,0.1,Alcoholic
4.37,2.12,9.08,2.05,0.1,0.1,0.13,11.02,12.74,19.02,13.24,9.5,5.35,9.19,12.28,2.23,Sweet
8.57,5.53,4.85,20.06,15.15,9.95,4.1,10.01,8.36,18.78,7.77,6.73,12.87,6.94,0.1,4.21,Gasoline-like
16.9,3.46,0.1,16.96,12.72,8.94,8.0,7.32,7.78,10.08,14.77,2.13,9.17,8.38,8.81,14.75,Gasoline-like
13.81,8.7,18.06,10.76,10.38,5.96,6.9,11.41,5.2,15.36,13.24,7.81,6.87,15.64,9.91,16.24,Chemical
23.21,12.74,20.68,0.1,5.94,6.62,3.35,12.46,4.96,5.75,5.2,11.83,1.15,10.02,2.04,8.52,Alcoholic
10.21,7.05,9.29,15.22,11.25,9.59,5.69,14.03,5.68,2.09,17.2,4.45,8.56,14.42,5.27,5.98,Gasoline-like
8.73,11.04,13.46,6.86,2.31,11.28,7.44,9.26,3.67,15.47,3.6,8.39,17.84,17.07,3.05,9.88,Fruity
14.45,5.16,9.69,13.64,8.37,5.51,6.58,7.04,7.78,3.2,12.2,11.19,10.07,9.92,8.0,5.59,Sweet
12.65,12.6,4.33,10.54,11.23,10.98,5.89,8.24,2.99,13.57,10.64,0.1,12.72,21.83,5.09,8.36,Gasoline-like
18.06,5.54,7.81,17.49,8.22,6.16,2.46,12.09,4.76,15.25,9.85,5.56,21.44,19.18,8.38,14.32,Fruity
14.38,10.06,8.66,9.24,6.93,2.26,5.32,5.11,6.05,4.52,11.2,11.3,8.53,8.82,1.68,13.43,Sweet
10.61,6.36,15.86,14.04,10.44,10.02,8.61,5.85,3.58,12.05,6.82,11.11,3.11,8.92,7.01,0.1,Gasoline-like
8.6,8.56,7.78,10.75,8.11,3.13,6.11,3.78,9.24,4.18,11.25,10.11,8.45,21.67,9.49,0.49,Sweet
14.85,3.88,0.1,11.68,6.46,7.12,6.3,5.68,4.8,19.01,2.44,8.24,15.6,19.44,5.25,4.05,Fruity
12.32,13.23,4.31,12.05,10.6,6.1,1.65,3.33,4.16,10.95,2.04,2.97,21.01,21.81,8.83,7.95,Fruity
13.6,6.76,9.05,10.21,3.01,6.0,2.76,14.3,7.66,3.55,0.17,1.12,14.42,12.31,9.49,10.62,Chemical
10.68,10.44,15.41,17.92,10.17,3.74,7.86,17.87,1.99,14.57,7.71,4.4,12.03,11.14,9.33,15.87,Chemical
10.58,11.61,0.55,19.89,11.95,7.85,2.56,9.12,6.26,1.61,5.22,6.36,7.18,12.22,7.44,7.64,Gasoline-like
11.11,7.56,8.36,13.79,15.22,10.39,1.84,1.41,2.33,9.46,7.75,0.58,2.93,17.92,6.76,9.28,Gasoline-like
14.37,9.04,22.34,10.95,7.23,5.23,8.03,6.66,5.32,6.77,8.26,10.75,18.04,7.19,8.87,10.37,Alcoholic
21.72,5.38,9.46,16.39,5.05,3.95,5.63,12.37,8.2,8.78,14.97,10.54,8.88,6.52,1.85,1.88,Sweet
29.8,6.22,15.17,5.2,8.46,4.8,9.85,14.09,3.76,8.24,5.33,8.51,7.07,9.18,10.93,13.83,Chemical
11.81,10.08,3.55,0.39,8.67,4.35,6.11,8.9,8.07,10.62,8.21,12.01,8.21,23.0,9.78,0.45,Sweet
3.78,15.31,18.71,15.91,10.76,10.12,5.74,1.34,6.51,8.44,8.62,7.69,12.8,15.49,8.11,4.53,Gasoline-like
8.1,6.57,12.22,12.34,2.98,2.02,3.77,3.48,8.07,11.82,15.57,9.23,12.88,14.63,7.29,5.51,Sweet
12.67,6.53,13.07,17.9,4.5,6.08,4.47,10.75,9.37,17.0,5.72,7.42,10.09,22.24,7.08,10.6,Fruity
15.76,6.34,9.41,4.78,7.47,9.02,5.38,19.83,0.25,4.95,12.19,11.54,7.47,0.1,8.8,14.36,Chemical
10.15,2.73,14.17,9.11,9.66,8.48,10.32,6.88,5.21,16.28,12.85,2.34,14.62,17.69,0.1,7.15,Fruity
11.29,7.69,10.33,15.96,13.17,10.22,6.67,8.04,4.8,5.87,6.41,7.31,3.0,19.08,12.29,6.0,Gasoline-like
24.95,10.64,20.94,1.98,13.66,3.91,2.4,7.03,3.54,16.29,14.52,3.53,13.1,8.88,4.08,17.82,Alcoholic
29.47,14.32,19.08,10.94,0.98,1.56,5.88,7.97,1.18,8.82,8.18,0.12,1.93,10.15,2.45,0.1,Alcoholic
25.92,11.62,18.36,7.29,12.56,4.04,0.76,10.37,5.02,6.34,12.72,9.84,11.1,13.37,0.1,10.2,Alcoholic
11.99,0.28,20.2,6.41,2.89,7.62,7.29,0.1,9.97,16.11,12.92,11.41,22.28,2.7,5.32,7.92,Sweet
18.18,5.52,14.23,4.33,7.39,3.44,4.33,18.14,7.99,12.56,12.64,11.09,11.99,11.88,5.91,3.23,Sweet
25.59,5.1,16.5,10.35,7.57,4.93,4.3,19.23,4.09,0.28,5.87,10.28,17.04,2.17,12.0,18.37,Chemical
23.63,14.58,9.04,11.04,8.39,7.89,7.51,12.05,3.51,2.07,11.21,6.32,5.89,10.2,9.44,16.51,Chemical
2.84,3.48,4.95,14.69,5.53,4.18,2.73,8.64,6.39,16.15,8.83,8.24,1.55,2.17,7.15,13.2,Chemical
17.87,5.8,5.69,14.84,13.77,4.49,5.39,21.55,4.85,6.05,10.36,6.48,13.41,11.02,10.03,10.22,Chemical
3.88,9.49,15.13,17.1,9.25,8.73,4.16,6.65,4.36,9.1,10.81,9.41,5.34,10.84,5.48,2.97,Gasoline-like
0.1,2.74,6.44,9.47,8.59,5.72,5.52,2.5,0.23,17.75,10.81,11.94,14.76,22.06,3.56,10.13,Fruity
24.14,13.8,27.29,7.97,5.28,3.91,6.51,12.58,4.85,9.06,4.45,9.27,15.54,17.87,7.04,2.05,Alcoholic
9.72,10.18,10.22,0.1,4.34,7.98,6.65,17.45,5.82,7.89,4.18,6.82,9.21,18.88,13.31,15.47,Chemical
2.99,2.58,0.1,6.69,4.26,7.92,1.85,17.95,5.13,6.03,5.12,2.2,9.95,22.61,12.12,11.98,Chemical
6.24,0.1,12.37,0.25,5.69,8.14,7.39,17.9,0.1,11.77,7.59,7.59,18.1,1.57,10.11,15.51,Chemical
18.61,16.74,21.45,5.52,3.45,3.26,10.89,2.87,3.13,8.26,7.13,5.78,6.2,12.12,3.52,3.67,Alcoholic
3.69,8.09,6.57,0.1,6.46,3.8,6.77,16.02,0.67,7.28,6.66,3.65,6.84,12.88,15.49,17.9,Chemical
8.66,4.57,6.73,14.96,4.21,6.38,4.11,2.13,4.82,14.7,0.1,9.24,13.8,16.18,6.17,4.56,Fruity
0.1,6.82,2.35,8.16,5.32,4.56,5.47,7.18,5.88,11.67,11.34,8.95,2.27,0.28,4.38,5.97,Sweet
6.29,0.1,3.65,7.53,8.81,4.68,7.75,7.01,8.17,5.74,14.98,14.06,6.99,9.63,3.52,11.87,Sweet
28.19,14.6,25.08,7.79,7.58,4.47,2.86,7.59,3.91,12.98,5.01,5.08,14.37,1.55,10.64,8.21,Alcoholic
11.29,10.3,17.5,9.74,15.35,9.96,8.29,16.69,4.34,12.14,2.35,1.62,6.31,9.12,9.86,14.21,Chemical
8.1,0.63,0.1,12.4,7.33,0.52,2.42,16.03,4.48,9.68,4.09,3.0,8.67,5.17,8.78,11.21,Chemical
8.07,11.83,5.67,14.65,8.72,9.53,2.78,6.7,8.07,0.1,13.04,12.03,16.38,10.59,6.34,16.08,Sweet
24.22,10.89,27.05,0.1,5.74,9.01,4.72,12.73,0.2,5.84,3.64,8.53,10.37,10.57,8.14,14.53,Alcoholic
0.1,1.12,4.82,12.08,8.81,5.71,6.95,2.31,4.66,17.07,9.74,6.78,22.43,21.39,1.72,6.72,Fruity
7.96,7.64,11.42,16.97,8.77,6.4,0.73,5.06,5.28,16.69,4.17,3.29,15.34,19.64,0.32,5.06,Fruity
7.32,6.26,5.91,12.89,3.53,1.28,1.51,12.08,1.65,10.54,8.95,8.1,12.36,9.62,6.48,13.91,Chemical
12.09,0.1,15.29,13.4,6.06,2.89,6.87,9.53,9.2,8.78,13.37,10.43,15.74,7.13,0.92,15.75,Sweet
23.58,4.57,14.75,5.9,0.59,6.18,4.23,7.9,2.83,13.4,8.03,10.46,21.12,15.17,6.62,3.42,Fruity
17.88,8.49,14.38,9.56,6.49,4.08,7.67,4.06,8.01,13.39,11.72,11.44,6.02,8.85,4.78,7.18,Sweet
19.36,9.69,20.61,0.1,7.77,10.98,2.18,13.03,7.95,6.62,3.18,5.19,7.74,13.05,8.71,14.42,Chemical
23.07,14.23,17.82,4.81,6.77,0.1,6.71,11.14,3.7,3.66,4.11,6.14,15.06,2.23,8.84,7.75,Alcoholic
10.25,13.14,16.97,11.32,7.13,6.32,3.41,11.81,3.64,6.73,7.27,4.99,10.89,14.28,11.23,12.61,Chemical
19.62,9.54,8.85,8.35,6.4,8.17,0.55,9.5,7.9,18.04,10.47,13.16,11.07,7.11,5.42,8.15,Sweet
10.77,0.1,13.0,20.93,10.52,12.1,5.77,6.08,4.71,13.49,8.94,5.85,8.94,12.52,6.2,8.4,Gasoline-like
22.85,11.67,8.28,19.51,8.97,6.83,4.82,11.1,2.9,8.61,4.17,0.1,6.45,0.46,4.33,4.52,Gasoline-like
16.85,12.48,17.54,7.06,7.82,3.26,2.73,7.4,7.57,11.34,10.95,9.15,9.18,12.51,6.13,11.12,Sweet
9.55,3.25,4.88,17.77,13.84,10.62,3.55,8.02,4.21,1.43,2.91,0.1,6.57,5.43,7.27,10.11,Gasoline-like
3.69,2.93,9.15,17.14,13.18,8.1,6.48,15.11,3.66,12.08,2.78,3.15,1.62,3.67,8.1,11.79,Gasoline-like
10.05,6.42,10.17,17.84,6.97,8.68,4.73,19.16,7.06,16.83,10.35,7.55,13.04,19.05,9.02,6.91,Gasoline-like
5.29,5.91,13.01,19.46,10.88,10.51,6.63,10.08,4.71,14.62,3.05,6.6,14.6,8.2,7.14,3.54,Gasoline-like
9.84,3.54,24.34,12.76,7.2,5.84,4.68,11.94,10.03,13.23,10.27,9.52,9.45,3.91,3.05,14.52,Sweet
24.02,12.59,14.24,8.71,9.76,1.59,2.91,14.59,4.86,10.87,9.25,8.46,11.95,0.1,6.1,0.1,Alcoholic
15.77,4.84,12.75,6.75,6.68,6.43,5.78,20.29,5.66,15.94,5.8,5.44,16.9,23.53,7.03,6.18,Fruity
16.13,4.23,7.94,9.26,6.63,2.34,0.1,6.83,5.52,2.5,14.66,11.28,12.2,7.26,10.46,12.69,Sweet
9.47,5.16,10.69,14.18,3.96,2.4,6.85,11.11,5.47,10.64,0.1,3.25,12.89,12.03,9.26,13.94,Chemical
19.56,2.15,3.42,9.2,7.36,5.58,7.47,16.93,7.36,13.61,11.22,4.88,13.69,20.62,9.83,11.97,Chemical
7.73,2.69,20.25,8.44,6.7,8.9,5.71,8.27,8.05,3.22,9.53,9.38,0.63,6.54,2.98,8.0,Sweet
11.35,11.48,16.22,14.87,11.52,9.8,2.11,3.98,3.7,8.37,11.51,4.9,9.03,13.44,0.1,5.78,Gasoline-like
27.33,11.56,24.96,9.15,2.29,3.67,3.18,9.0,3.69,6.17,7.86,8.27,15.76,15.84,4.7,9.33,Alcoholic
11.06,2.28,2.13,16.72,8.65,8.97,4.87,2.52,6.69,6.84,11.57,8.05,5.56,10.12,9.07,11.0,Sweet
0.1,6.29,20.77,7.9,6.66,5.79,5.79,16.32,6.38,2.28,5.83,0.1,7.14,10.54,11.87,14.15,Chemical
1.21,5.57,6.16,6.12,0.1,3.09,0.1,16.7,5.79,5.81,13.37,7.34,13.14,16.76,9.19,12.39,Chemical
14.58,11.85,28.14,6.41,4.74,0.1,0.1,12.06,4.34,5.29,7.01,6.9,5.79,14.81,0.5,3.08,Alcoholic
29.02,11.06,14.12,1.38,1.35,8.14,2.16,11.76,6.83,5.89,7.06,8.88,3.4,20.27,3.55,7.66,Alcoholic
23.75,13.15,22.04,7.52,8.13,8.57,3.8,12.05,5.21,4.79,4.44,8.87,0.44,7.42,1.66,0.1,Alcoholic
10.65,1.95,17.29,12.05,3.19,2.89,4.62,14.08,4.03,15.09,3.58,6.65,9.1,0.44,8.91,15.48,Chemical
1.68,8.49,0.1,4.27,6.87,3.82,5.33,7.36,5.52,9.36,14.12,9.11,4.85,18.21,7.93,9.05,Sweet
8.28,6.14,8.89,20.58,6.21,5.47,6.2,11.05,6.32,8.2,7.28,5.5,13.33,20.69,14.4,11.11,Chemical
4.46,8.26,13.23,6.72,3.84,4.44,7.09,5.53,3.92,19.35,7.38,7.48,18.95,21.25,8.75,1.72,Fruity
17.79,4.36,9.82,16.09,5.75,6.1,4.07,16.59,7.86,13.27,3.74,6.7,7.28,6.63,5.88,12.5,Chemical
13.66,9.47,10.17,18.41,12.36,9.79,5.6,9.4,9.27,11.41,7.5,8.16,2.39,14.06,7.09,8.32,Gasoline-like
12.51,2.82,8.43,13.47,7.82,3.41,5.67,3.99,4.53,10.14,8.74,5.57,14.81,26.14,6.95,2.07,Fruity
14.38,11.28,15.48,0.73,7.07,3.22,3.02,7.39,3.4,18.06,8.35,8.46,3.73,8.76,8.56,8.23,Alcoholic
26.0,11.69,17.82,13.96,6.26,5.36,4.74,2.75,6.77,9.01,5.86,3.55,13.17,5.78,1.31,1.46,Alcoholic
3.91,7.05,8.38,7.16,3.29,0.28,6.35,7.96,0.71,15.33,5.67,0.1,18.04,16.18,8.92,7.72,Fruity
22.27,9.57,11.84,8.54,2.96,6.55,3.96,6.07,4.13,17.94,11.09,3.38,21.82,6.85,2.14,8.65,Alcoholic
0.78,4.61,14.2,13.27,6.33,6.25,4.31,10.52,6.61,18.4,10.23,3.26,19.27,14.02,3.64,7.93,Fruity
14.08,14.47,20.5,15.26,14.59,9.09,5.6,5.55,2.87,17.26,11.75,6.08,15.65,7.69,10.18,0.41,Gasoline-like
26.65,6.46,13.88,13.1,6.74,4.57,3.89,0.1,6.73,11.57,8.31,7.37,13.63,8.3,1.68,17.0,Alcoholic
20.29,12.67,28.3,8.55,4.61,3.35,3.08,2.4,6.89,7.67,11.75,6.43,2.13,6.26,1.88,7.08,Alcoholic
3.29,11.37,4.47,14.52,7.68,6.2,5.13,14.75,0.77,17.43,12.19,9.4,23.88,17.93,9.29,5.43,Fruity
13.33,2.1,11.4,15.05,10.53,8.11,6.05,11.98,4.2,7.8,3.46,0.1,13.11,9.56,10.67,4.06,Gasoline-like
8.67,0.1,25.57,6.04,7.2,3.26,6.23,9.63,7.06,14.2,7.9,5.52,16.35,25.15,8.04,11.71,Fruity
9.76,8.15,11.87,3.95,6.97,3.15,3.98,13.99,9.45,10.8,11.22,11.74,2.75,19.3,4.13,2.07,Sweet
8.06,10.17,19.37,11.88,8.67,5.91,4.28,16.26,3.58,7.4,8.79,8.43,15.67,10.57,11.28,9.06,Chemical
13.21,10.34,9.84,14.63,8.22,5.89,2.27,8.18,7.05,5.2,14.1,10.16,9.73,8.0,9.78,8.62,Sweet
5.05,8.1,16.37,15.83,6.01,8.63,9.66,10.83,9.41,11.03,13.2,9.23,0.1,14.22,4.14,7.51,Sweet
6.26,8.84,7.28,5.24,6.08,3.13,5.34,4.28,0.19,16.65,11.38,4.75,17.73,22.06,0.91,15.21,Fruity
12.84,7.34,8.31,8.37,5.35,0.69,3.05,6.55,3.74,23.86,9.71,3.78,19.77,21.35,5.45,11.25,Fruity
3.19,11.5,1.83,11.63,8.26,0.86,5.95,10.11,3.4,23.54,0.1,7.79,16.57,22.33,7.91,6.4,Fruity
6.54,7.61,20.6,11.27,13.65,7.38,6.43,4.68,6.12,9.4,16.13,11.32,5.54,8.39,5.77,4.98,Sweet
13.03,2.99,21.67,10.16,3.3,5.4,6.33,18.63,4.89,6.89,14.96,5.09,6.83,13.52,7.93,13.47,Chemical
16.24,3.83,20.94,10.67,10.2,7.49,6.39,4.43,2.99,4.06,3.83,6.64,5.45,0.1,6.0,4.57,Gasoline-like
22.88,9.91,21.1,11.38,7.48,3.51,1.02,10.63,5.99,9.77,8.56,7.27,9.29,6.99,6.93,4.63,Alcoholic
7.4,8.06,7.92,13.97,3.8,7.02,4.48,6.66,8.95,4.51,17.09,9.88,7.94,15.72,10.62,7.51,Sweet
24.36,8.95,16.59,11.91,8.97,3.7,2.29,2.64,8.14,1.29,10.3,4.6,13.19,8.98,6.88,2.9,Alcoholic
16.9,4.35,21.8,11.71,7.48,7.7,4.65,7.93,4.96,11.1,14.22,9.92,20.52,13.88,0.36,5.11,Sweet
1.18,3.24,13.0,16.41,7.0,2.45,4.75,15.96,4.11,10.11,8.64,4.66,18.61,9.28,11.03,13.07,Chemical
27.54,10.61,24.9,5.85,0.83,3.2,1.48,0.99,7.46,4.86,16.29,1.79,0.1,19.94,2.37,6.32,Alcoholic
26.93,9.55,19.8,9.79,11.3,0.1,2.46,0.1,2.78,8.53,8.73,5.54,3.9,16.4,5.54,7.81,Alcoholic
14.89,13.93,12.45,19.94,6.47,8.21,7.33,12.89,7.29,9.29,5.95,7.55,13.99,11.24,9.09,13.87,Chemical
8.91,5.67,6.96,11.58,7.97,1.52,6.93,6.19,1.3,21.84,10.08,4.25,21.22,25.95,3.93,7.08,Fruity
24.31,12.07,24.69,10.08,10.46,5.63,7.83,11.86,5.77,3.56,8.13,5.03,3.73,6.91,6.27,9.25,Alcoholic
18.82,15.29,25.15,1.7,7.62,0.1,5.75,3.62,6.01,0.1,4.41,8.68,4.13,4.03,10.47,13.82,Alcoholic
17.92,11.95,13.23,17.04,11.34,9.33,0.21,11.2,4.18,8.4,10.52,7.25,13.69,7.78,8.52,10.66,Gasoline-like
17.04,7.36,15.71,13.63,13.26,8.26,6.07,13.05,7.38,6.08,12.96,2.46,9.35,9.18,6.56,5.54,Gasoline-like
3.86,4.31,11.01,10.02,1.4,7.55,2.61,15.28,5.86,18.21,6.11,5.7,13.33,22.8,6.52,4.34,Fruity
19.76,10.75,26.18,15.02,2.14,4.49,8.08,8.51,4.8,14.29,7.65,8.27,12.53,8.63,7.57,13.53,Alcoholic
12.51,7.59,14.79,16.04,12.43,12.4,6.81,5.77,8.91,16.32,13.52,2.87,12.35,11.09,7.05,15.39,Gasoline-like
21.29,0.1,6.61,10.11,4.54,3.51,6.75,13.64,0.25,1.74,12.92,8.0,9.33,8.91,9.24,14.76,Chemical
27.74,11.79,16.96,13.02,6.66,3.43,5.87,6.71,1.85,10.31,11.73,4.67,12.08,16.37,4.08,9.36,Alcoholic
20.06,6.65,0.1,0.1,7.83,9.96,8.92,18.12,5.12,8.1,12.36,0.1,15.89,2.56,8.5,15.2,Chemical
23.99,13.66,15.56,2.29,11.39,5.98,2.62,5.34,4.7,9.11,4.71,7.38,8.44,15.23,4.92,7.69,Alcoholic
0.3,7.23,6.84,14.54,1.32,10.29,6.01,6.0,4.11,16.86,5.31,7.92,17.41,20.23,5.74,5.61,Fruity
6.32,1.55,18.1,20.43,11.6,9.02,6.0,8.01,7.32,4.73,10.83,3.44,15.14,2.0,3.86,17.21,Gasoline-like
15.77,1.78,11.96,11.74,5.0,8.19,4.13,9.77,6.42,14.18,0.1,6.05,20.09,18.58,2.04,12.4,Fruity
16.43,10.76,5.79,3.08,5.0,4.38,2.79,11.87,8.34,6.9,6.75,5.02,4.68,0.31,9.33,15.5,Chemical
4.3,10.14,17.7,10.57,8.78,3.37,8.99,10.45,5.48,17.74,7.07,7.96,14.76,21.31,9.38,13.92,Fruity
8.79,3.38,16.24,4.43,6.45,10.53,4.41,16.46,2.84,5.81,11.93,5.54,10.34,22.58,9.5,16.41,Chemical
12.96,11.72,15.9,0.1,3.5,9.07,3.75,9.05,1.18,20.61,11.13,4.72,17.5,17.42,8.37,10.9,Fruity
0.1,9.11,17.87,15.01,10.64,7.19,4.31,17.66,8.85,8.03,4.03,8.42,9.9,5.08,7.16,10.45,Gasoline-like
24.69,11.45,19.26,4.01,6.75,7.65,2.37,16.52,6.56,11.35,4.88,8.18,17.46,2.34,4.83,11.35,Alcoholic
15.2,12.96,15.05,9.26,5.28,0.12,2.72,12.6,3.3,6.77,6.85,3.37,8.22,10.45,12.56,14.78,Chemical
5.22,10.16,13.18,1.13,4.92,4.64,6.74,6.67,6.77,0.1,10.02,9.14,14.9,7.45,4.08,13.04,Sweet
17.3,4.62,1.24,10.79,0.1,6.96,8.25,8.21,4.47,15.59,8.64,7.68,18.71,19.14,9.26,7.43,Fruity
17.27,7.1,15.44,16.82,12.13,11.55,7.42,3.64,2.92,7.18,6.89,4.08,4.34,6.08,6.82,8.22,Gasoline-like
14.49,14.82,6.17,3.37,10.48,4.77,8.34,9.69,7.62,14.65,12.18,11.21,9.98,11.1,10.78,6.07,Sweet
15.46,4.01,17.42,16.88,4.08,4.74,3.4,16.04,1.99,14.17,10.08,5.62,17.52,14.47,10.27,4.17,Fruity
4.33,11.24,12.0,8.8,9.74,4.36,7.55,13.31,3.73,5.23,10.73,7.46,9.45,0.1,6.83,8.56,Chemical
5.1,4.17,24.08,20.09,3.92,5.01,7.66,10.54,6.99,12.59,14.36,10.51,10.42,17.47,4.51,3.86,Sweet
11.15,9.57,11.05,6.39,9.95,6.06,5.46,7.07,6.0,11.8,10.72,11.24,4.59,7.37,4.44,8.48,Sweet
4.01,5.09,18.36,7.3,5.71,4.78,5.42,6.82,9.62,10.03,12.32,10.07,16.06,10.2,5.89,1.14,Sweet
17.97,12.26,9.11,17.09,9.04,9.35,9.47,12.0,2.95,8.68,19.99,8.53,14.22,16.83,1.32,8.44,Gasoline-like
12.09,6.67,12.84,19.07,12.03,10.31,6.67,7.05,3.19,3.75,5.17,11.96,7.1,15.11,9.07,4.52,Gasoline-like
5.8,12.29,10.93,18.02,6.11,4.39,6.98,14.36,9.58,19.05,11.93,9.04,19.35,17.86,2.12,5.81,Fruity
12.3,6.67,4.09,9.71,5.78,1.25,1.11,11.66,2.91,11.23,10.08,0.49,17.48,20.53,9.1,12.27,Fruity
19.85,5.92,3.74,9.95,5.91,5.41,4.55,13.82,8.03,2.35,9.75,12.39,15.96,23.51,13.23,9.34,Sweet
11.78,7.16,10.25,14.63,12.74,7.59,5.01,11.55,5.76,8.05,3.42,11.81,4.8,8.15,11.32,9.3,Gasoline-like
15.16,7.22,13.09,13.82,4.54,4.5,1.92,8.83,8.56,5.12,11.97,11.27,9.28,16.45,5.5,10.71,Sweet
19.58,6.55,9.49,12.92,13.81,10.61,4.42,4.93,4.18,13.02,7.2,1.47,11.49,15.57,3.01,6.77,Gasoline-like
4.81,5.18,8.66,8.62,5.32,12.94,7.32,11.55,8.24,1.57,13.67,13.02,17.73,12.79,0.46,4.77,Sweet
15.83,7.74,18.35,2.62,4.89,0.1,3.63,18.03,3.52,13.56,6.37,3.03,6.47,19.35,11.32,12.14,Chemical
10.84,3.93,19.91,11.56,9.24,4.46,1.6,8.06,7.16,0.1,11.64,11.41,13.08,6.95,3.06,4.72,Sweet
22.49,13.02,16.7,16.55,8.25,2.77,6.59,8.71,3.62,11.31,8.29,10.25,7.5,0.1,3.57,11.91,Alcoholic
4.96,7.22,15.21,16.78,7.45,10.25,9.46,8.1,8.73,8.59,16.35,9.76,12.79,7.72,8.44,13.09,Sweet
13.6,5.1,21.51,14.83,5.99,7.35,4.76,12.48,1.69,18.5,6.53,3.65,24.79,20.74,3.28,0.1,Fruity
12.66,4.99,10.91,8.36,3.91,8.47,7.21,7.52,4.75,8.4,12.59,13.51,8.81,13.6,5.36,7.88,Sweet
22.59,3.04,6.04,11.23,5.03,5.1,5.06,9.0,9.15,16.8,10.09,8.89,18.87,19.44,3.46,6.42,Fruity
9.92,6.75,9.05,9.04,7.64,6.22,1.13,4.56,8.75,7.34,11.05,11.09,3.73,0.1,4.24,7.59,Sweet
21.28,7.27,15.91,12.97,12.98,10.53,6.13,13.52,5.24,6.34,6.23,6.32,3.51,15.32,7.54,13.92,Gasoline-like
4.46,4.63,7.41,8.48,6.05,4.45,5.56,12.45,3.2,10.5,6.98,6.99,14.99,21.92,6.58,0.1,Fruity
2.3,6.93,4.18,15.89,10.16,7.36,5.49,17.41,5.04,5.7,8.3,12.8,13.05,6.82,5.67,2.2,Gasoline-like
5.12,10.48,5.28,13.19,1.87,6.07,8.48,15.19,7.73,10.41,3.73,7.81,14.2,0.1,10.98,11.39,Chemical
20.98,10.3,23.48,19.14,7.14,13.4,0.51,1.22,3.37,11.03,1.96,5.11,14.21,6.63,3.67,7.61,Alcoholic
17.21,9.07,17.58,18.69,14.89,4.44,3.89,5.05,1.41,12.55,11.78,2.09,11.0,6.09,5.59,10.11,Alcoholic
15.04,12.12,5.4,14.25,5.51,9.42,2.03,14.01,7.02,16.64,3.17,6.87,10.77,20.48,5.26,6.3,Fruity
22.89,14.09,19.65,9.56,13.99,8.78,6.11,4.13,1.89,7.08,5.07,11.99,17.8,10.34,11.52,9.04,Alcoholic
11.2,9.29,2.85,11.01,7.07,3.31,6.01,8.43,7.89,14.34,1.97,3.36,16.79,18.41,3.74,7.03,Fruity
0.2,4.51,20.7,14.55,2.61,2.81,0.97,2.73,6.76,16.38,5.48,3.22,21.87,18.02,8.15,3.78,Fruity
11.48,3.51,11.94,18.03,6.51,8.04,2.02,7.95,2.11,11.14,6.07,10.93,13.08,11.81,0.5,4.61,Gasoline-like
11.66,5.05,11.85,12.37,5.37,3.22,1.76,15.25,5.09,16.39,4.2,4.71,14.37,3.3,8.71,11.77,Chemical
5.78,9.4,15.86,6.66,3.78,5.96,5.21,12.7,7.81,13.25,10.08,11.23,11.54,17.58,11.09,9.28,Sweet
19.47,11.99,22.44,0.1,5.13,2.11,8.65,21.63,4.5,0.1,5.84,4.1,16.29,17.21,6.65,3.69,Alcoholic
15.65,5.17,2.95,13.75,12.51,6.89,0.1,15.39,3.12,5.95,8.56,3.1,0.76,9.82,9.3,8.97,Gasoline-like
24.83,8.9,18.89,9.37,1.8,8.31,8.77,14.58,1.18,11.01,12.94,6.57,4.74,0.1,9.76,5.75,Alcoholic
18.02,15.06,12.53,17.1,11.87,7.13,0.4,5.35,5.81,9.71,13.63,0.1,7.5,15.42,6.73,6.34,Gasoline-like
21.67,8.08,12.18,14.85,11.68,3.94,1.13,0.95,6.69,15.3,12.76,13.19,6.68,7.87,5.67,6.89,Sweet
25.33,14.89,17.32,11.89,10.06,3.93,3.91,4.08,9.08,7.51,12.96,5.4,5.26,11.52,10.12,6.72,Alcoholic
14.14,6.62,18.45,2.25,7.58,6.35,4.46,16.18,2.56,6.89,5.28,9.48,12.11,0.1,7.67,11.05,Chemical
17.9,7.84,3.85,9.73,7.71,7.19,6.24,2.35,8.7,14.28,10.35,9.5,10.58,14.3,5.01,5.66,Sweet
5.99,6.1,4.25,8.47,7.46,5.59,2.55,13.41,5.92,11.98,3.94,7.63,22.06,15.97,6.94,14.12,Fruity
19.55,10.72,6.61,12.25,11.38,6.84,1.0,2.99,6.66,12.32,13.55,8.0,13.25,16.13,7.19,11.31,Sweet
19.84,8.26,14.98,11.74,5.89,5.53,3.35,10.03,6.7,12.95,4.08,3.9,15.4,14.34,5.48,14.6,Chemical
18.71,14.51,8.78,10.97,3.02,4.24,7.05,6.54,9.56,11.55,14.59,8.22,14.49,8.23,1.66,6.62,Sweet
15.66,8.15,5.68,7.0,6.7,6.69,4.26,2.97,5.84,2.39,10.84,7.13,13.55,6.37,0.71,8.1,Sweet
14.26,11.33,14.0,5.4,5.35,2.54,2.29,4.76,8.18,16.56,15.52,10.36,3.6,4.6,2.74,11.69,Sweet
10.87,7.7,9.58,9.48,0.1,6.66,3.57,3.14,4.76,18.32,0.1,5.08,14.82,16.54,8.95,5.12,Fruity
12.35,7.24,8.63,11.15,9.2,3.73,0.23,0.1,5.8,6.73,9.64,10.26,9.42,1.95,9.37,14.22,Sweet
5.9,4.72,13.56,14.85,7.99,2.47,1.33,18.02,5.2,8.67,5.64,4.04,18.8,2.99,9.01,11.91,Chemical
20.26,11.4,26.25,6.64,3.72,6.76,5.4,9.83,6.46,10.04,1.89,5.7,12.41,4.38,7.62,2.67,Alcoholic
13.5,10.18,10.05,10.79,5.58,4.88,6.76,15.81,3.52,10.17,8.01,8.22,17.59,5.23,8.89,16.57,Chemical
24.3,8.25,14.95,6.6,2.39,5.02,2.99,4.41,3.49,16.98,11.35,6.5,11.5,18.09,6.84,13.48,Fruity
20.27,14.24,9.01,16.16,0.1,11.33,6.48,9.39,6.14,1.09,11.29,11.0,6.16,6.3,3.79,0.1,Sweet
0.1,5.79,1.57,12.87,8.42,5.32,3.0,6.62,7.78,14.11,14.86,11.64,2.93,19.32,6.65,7.61,Sweet
18.28,5.96,19.6,9.72,3.75,6.19,4.23,7.69,4.12,17.05,9.56,5.21,16.69,21.28,5.55,10.73,Fruity
18.71,14.06,21.14,0.12,4.48,2.24,3.55,15.53,8.44,0.1,18.34,7.55,5.71,8.91,1.28,7.81,Sweet
24.63,12.63,15.76,13.01,5.98,2.58,8.6,12.05,2.35,7.08,6.55,3.05,12.72,3.32,7.35,12.84,Alcoholic
27.35,14.38,19.8,1.62,9.73,3.63,1.39,7.72,8.26,5.73,10.05,7.95,9.75,11.84,11.11,4.75,Alcoholic
18.43,8.31,6.63,19.68,6.24,7.97,7.08,6.57,7.69,9.46,8.85,7.27,1.48,6.09,4.05,2.45,Sweet
18.83,7.47,24.74,14.29,13.97,9.97,7.75,9.74,1.75,22.4,0.1,4.78,10.42,9.98,4.68,8.41,Gasoline-like
18.22,8.39,23.69,9.77,8.66,2.73,1.1,9.72,2.49,3.6,9.71,1.9,14.47,16.31,8.91,7.26,Alcoholic
30.53,12.28,21.22,4.07,9.46,3.29,8.36,11.62,7.32,0.91,9.16,8.23,14.08,7.88,2.57,7.41,Alcoholic
28.21,9.54,16.64,6.43,1.11,9.45,4.33,11.71,9.32,10.35,14.27,12.16,12.01,14.25,6.78,2.42,Sweet
13.47,5.2,5.78,14.08,9.48,1.54,5.76,9.37,1.74,17.25,6.22,6.37,14.84,13.62,2.35,5.99,Fruity
16.34,7.5,12.37,15.96,7.85,10.56,7.12,12.43,7.44,11.69,14.8,6.53,12.62,15.42,9.79,16.54,Chemical
11.03,6.79,9.97,21.43,9.5,7.39,5.49,3.74,4.76,8.06,9.66,5.82,6.81,13.92,1.06,10.7,Gasoline-like
11.54,11.0,14.76,5.64,15.49,7.6,7.65,6.07,6.84,3.09,11.98,4.91,4.9,15.8,7.57,9.36,Alcoholic
12.91,11.45,12.56,11.85,10.3,0.63,2.83,3.19,3.51,9.09,7.52,3.62,6.95,14.4,7.45,1.53,Alcoholic
15.19,7.95,7.39,17.7,10.5,10.07,8.72,10.38,4.59,10.2,12.53,7.71,8.61,12.7,2.41,8.21,Gasoline-like
10.43,4.83,15.94,18.06,9.39,7.2,2.75,5.64,5.67,12.27,2.01,6.79,7.06,19.44,8.8,3.85,Gasoline-like
21.44,11.82,20.16,9.16,0.41,3.99,8.17,10.5,4.59,12.58,11.53,4.03,11.53,2.56,1.36,7.15,Alcoholic
11.36,4.94,16.64,21.24,9.06,8.72,2.38,13.07,3.89,10.09,7.88,5.04,10.67,8.04,6.95,6.18,Gasoline-like
14.67,12.41,2.88,15.79,13.34,9.74,3.11,10.96,3.58,18.59,4.99,8.08,5.69,11.9,8.05,2.89,Gasoline-like
8.1,7.6,4.86,17.48,9.97,10.43,5.58,7.32,7.01,0.67,5.52,9.17,4.51,18.15,5.26,10.11,Gasoline-like
23.06,14.23,23.28,22.68,2.82,4.56,7.0,12.29,0.1,10.51,13.49,15.76,14.59,6.52,1.61,13.85,Alcoholic
7.91,5.02,11.86,3.8,14.73,9.05,6.02,14.01,7.57,14.26,2.68,4.93,19.59,20.19,0.1,6.14,Fruity
25.35,13.84,23.22,10.67,10.52,7.85,6.04,8.64,2.54,10.28,0.1,3.57,15.33,9.23,7.01,12.67,Alcoholic
7.35,3.81,11.29,1.94,9.0,3.26,6.7,11.01,6.53,7.15,7.34,15.53,0.1,5.61,6.31,11.13,Sweet
17.31,5.71,9.6,4.97,8.86,6.22,3.15,6.26,9.27,13.29,12.97,11.2,14.22,14.58,4.81,10.32,Sweet
18.28,5.76,18.86,17.79,14.35,9.39,4.29,7.65,0.82,8.42,19.53,12.01,7.83,3.68,6.86,12.97,Gasoline-like
14.32,10.32,13.27,14.6,8.51,6.2,7.15,13.87,0.1,3.48,0.1,7.04,0.67,7.61,10.31,15.57,Chemical
13.64,8.44,10.93,17.1,8.33,1.08,5.33,8.29,9.19,9.94,12.01,9.99,19.26,8.59,3.67,3.7,Sweet
21.94,8.98,23.27,12.74,7.07,8.6,4.05,11.56,6.57,1.22,15.07,9.36,8.15,21.73,0.1,11.41,Sweet
13.39,5.69,19.27,15.09,11.57,5.56,2.97,0.88,3.99,6.42,7.57,9.67,15.76,11.96,4.55,7.91,Gasoline-like
11.77,7.94,17.51,17.27,10.79,9.81,3.75,10.44,7.63,20.96,1.98,8.47,14.31,9.25,5.75,9.01,Gasoline-like
10.97,9.95,10.89,14.13,9.09,8.89,1.81,7.79,8.16,4.56,12.11,11.7,7.55,13.02,4.28,7.37,Sweet
22.41,8.08,6.94,7.96,5.28,6.19,1.76,10.31,11.46,18.16,7.84,7.55,19.6,17.86,6.86,10.96,Sweet
8.29,9.42,9.96,10.99,8.73,1.81,4.02,8.11,10.37,11.35,10.69,7.55,11.16,15.32,5.09,6.96,Sweet
0.1,7.02,15.6,19.3,11.67,9.43,5.39,7.44,0.5,7.97,0.91,3.41,9.57,4.29,3.64,7.23,Gasoline-like
22.0,8.66,1.32,16.44,9.36,8.91,7.87,12.18,3.96,12.39,6.91,9.67,8.09,4.2,5.48,6.34,Gasoline-like
6.23,9.74,0.1,21.84,6.75,6.5,8.16,15.7,5.2,18.35,8.91,6.89,15.68,16.93,4.87,4.16,Fruity
15.74,11.25,24.01,18.37,10.53,4.66,4.61,12.8,6.14,5.78,11.09,8.75,12.51,17.3,8.33,6.25,Sweet
13.25,5.79,12.6,7.87,6.01,7.43,6.76,14.53,7.28,17.11,1.62,14.47,12.96,22.93,5.48,4.8,Fruity
30.2,10.99,25.6,8.17,7.02,7.4,3.79,11.45,3.53,1.98,5.46,5.75,6.27,18.6,6.95,10.81,Alcoholic
5.98,6.85,2.8,15.02,10.41,6.07,3.68,12.9,6.21,6.31,5.55,5.53,16.25,7.84,3.33,8.86,Gasoline-like
9.87,8.41,13.68,13.03,9.45,4.24,1.88,14.05,0.1,5.8,7.98,8.67,14.17,8.97,7.26,10.73,Chemical
15.27,8.29,1.16,9.27,3.27,7.99,7.53,1.74,9.03,8.0,8.62,12.7,19.67,24.25,5.13,0.59,Sweet
7.82,5.25,4.59,8.78,12.91,8.8,2.22,10.78,5.51,11.66,3.94,13.54,8.49,1.04,6.99,8.13,Gasoline-like
16.01,2.6,4.75,10.13,3.4,5.56,2.48,15.95,2.69,11.75,4.34,9.43,1.97,22.65,9.96,18.12,Chemical
23.91,12.67,23.04,14.24,12.63,2.04,6.94,9.36,2.72,7.28,4.47,13.47,7.79,15.52,6.01,4.08,Alcoholic
12.77,10.64,9.4,11.36,12.36,0.51,7.31,16.54,2.69,18.11,5.14,5.3,18.2,22.42,9.73,11.5,Fruity
19.7,11.39,15.83,14.25,9.26,10.1,4.52,11.09,6.12,8.86,8.84,0.43,11.88,16.71,11.3,9.54,Gasoline-like
9.83,7.53,8.58,8.71,0.29,6.78,3.6,3.16,6.0,12.28,12.16,11.22,3.02,10.96,9.25,5.27,Sweet
19.62,1.01,5.49,10.64,2.67,3.02,5.57,14.84,1.42,14.48,9.31,5.55,7.32,0.1,8.51,11.23,Chemical
15.79,13.56,12.47,0.1,2.19,3.7,8.74,18.11,2.06,7.8,5.59,7.53,2.94,11.84,7.57,16.54,Chemical
20.76,2.99,15.02,12.77,7.67,2.0,7.8,8.33,2.13,10.24,9.71,6.5,17.33,18.23,2.9,5.16,Fruity
11.76,10.05,0.1,14.54,10.24,11.16,2.49,10.08,6.06,12.2,3.86,3.03,9.59,17.8,8.06,5.3,Gasoline-like
14.06,7.53,11.34,12.92,7.24,6.63,0.1,6.34,9.01,21.14,12.48,6.83,17.87,2.05,5.56,7.77,Sweet
14.49,1.74,9.64,14.51,5.86,3.92,7.49,11.84,6.41,14.54,3.99,0.89,15.82,22.98,10.21,12.53,Fruity
11.11,7.23,7.39,12.64,12.72,5.82,6.84,5.77,5.92,16.2,9.65,8.72,16.43,18.35,5.76,0.1,Fruity
0.1,5.13,9.11,13.95,14.25,3.01,3.65,1.75,5.67,17.08,6.62,6.97,18.44,19.87,4.29,4.07,Fruity
8.55,2.1,9.22,2.3,12.5,5.67,4.91,10.84,8.07,10.85,16.67,13.61,18.32,14.89,5.81,1.33,Sweet
12.96,0.1,7.78,2.14,9.32,4.99,4.56,13.45,6.46,6.95,9.13,5.5,7.18,8.02,10.67,10.91,Chemical
2.59,5.74,10.15,5.81,4.55,0.1,5.64,4.64,6.13,15.64,13.57,9.6,8.24,11.89,2.52,6.81,Sweet
15.33,10.73,23.02,7.8,8.43,3.58,6.05,9.86,5.32,10.72,2.08,5.37,13.31,10.28,6.07,10.78,Alcoholic
0.97,9.85,6.96,10.36,7.24,0.1,0.8,6.14,7.57,0.75,17.06,8.78,8.96,14.5,4.91,5.91,Sweet
9.89,5.96,10.82,14.34,4.17,2.41,0.1,10.39,6.04,14.9,7.45,8.63,21.39,21.1,2.45,3.19,Fruity
28.0,13.81,18.73,12.66,9.08,0.52,3.28,9.89,5.32,10.3,4.39,3.74,13.13,19.11,5.43,14.65,Alcoholic
17.32,7.86,0.1,20.11,10.9,7.27,2.69,10.38,3.97,4.49,7.36,5.76,7.74,14.92,0.61,16.31,Gasoline-like
8.89,7.1,5.33,6.74,10.14,11.58,7.34,6.56,4.36,14.55,2.38,3.73,19.22,15.41,7.14,7.58,Fruity
9.4,5.54,15.79,12.35,0.1,10.91,1.32,17.35,0.1,16.51,7.52,5.82,2.34,12.29,10.8,15.01,Chemical
25.98,8.58,20.2,9.29,8.82,8.74,7.78,10.31,3.85,12.01,5.3,9.18,16.17,22.37,8.99,8.02,Fruity
10.89,8.1,12.0,13.95,5.26,10.29,4.02,7.88,2.91,12.76,6.29,5.61,5.74,10.64,10.42,14.47,Chemical
0.1,7.95,8.49,13.68,13.39,10.69,7.59,9.82,6.09,7.07,7.21,6.68,8.4,7.6,6.58,5.8,Gasoline-like
23.35,17.23,22.17,3.44,0.46,5.46,5.28,1.15,3.75,8.01,6.66,7.53,0.22,16.71,6.78,12.51,Alcoholic
11.69,6.57,5.08,6.85,5.4,5.46,0.26,12.99,7.25,8.13,6.86,0.1,9.5,7.84,10.88,16.16,Chemical
3.61,7.25,13.51,8.25,5.6,8.85,4.14,13.51,2.53,12.57,5.86,6.6,12.23,7.29,9.31,12.93,Chemical
18.86,5.85,13.03,8.14,6.8,4.52,3.4,14.12,5.29,4.04,4.9,2.77,18.52,4.08,9.98,11.15,Chemical
19.24,4.34,2.67,8.99,5.04,4.29,2.13,15.13,4.97,0.38,10.92,6.36,10.2,15.96,9.99,14.42,Chemical
14.74,9.08,12.07,9.21,7.51,0.1,8.09,0.1,4.49,12.75,4.08,10.7,15.7,20.89,6.59,7.55,Fruity
21.49,11.98,23.76,8.95,7.43,7.05,3.33,6.15,4.96,2.87,5.37,7.15,10.44,6.4,2.11,3.2,Alcoholic
20.36,4.3,15.53,12.21,5.79,6.38,5.16,3.38,6.38,13.35,8.56,4.67,20.25,21.32,6.65,12.01,Fruity
10.12,16.88,1.92,18.76,11.69,7.0,4.7,0.37,3.55,9.24,3.12,4.21,16.01,12.31,4.88,6.46,Gasoline-like
22.45,0.75,23.97,18.36,8.67,8.29,1.95,12.5,6.06,11.49,12.59,7.84,11.74,9.99,6.76,11.85,Gasoline-like
24.43,11.56,24.72,5.41,2.43,5.61,6.55,3.55,1.52,1.58,11.13,9.59,6.36,11.25,8.08,14.68,Alcoholic
7.97,11.74,14.56,14.86,4.25,7.76,8.86,14.77,4.4,15.7,15.39,10.88,9.68,11.7,8.3,13.85,Chemical
11.24,10.18,5.03,8.83,7.04,1.49,8.65,3.13,8.24,13.2,14.12,12.92,16.44,5.86,1.53,10.55,Sweet
17.11,12.46,24.51,4.65,9.23,3.99,5.56,16.03,3.82,14.96,12.13,5.2,4.92,9.08,7.83,10.44,Alcoholic
11.17,9.44,17.66,0.1,6.79,7.05,2.92,14.16,6.04,8.44,7.02,2.38,4.93,17.38,8.8,11.69,Chemical
22.49,11.93,15.47,1.04,8.52,9.35,4.33,12.41,6.7,8.15,5.03,2.31,16.52,11.22,4.18,4.81,Alcoholic
16.91,12.74,11.75,12.37,3.28,4.67,4.32,15.52,4.54,10.84,7.02,12.18,16.21,14.93,10.95,12.88,Chemical
10.69,9.33,9.39,4.35,11.24,4.84,8.33,11.43,5.7,5.36,2.62,3.2,18.31,20.02,11.59,13.65,Chemical
11.17,7.54,5.71,15.08,8.65,2.73,0.63,7.91,8.26,15.09,8.1,13.23,12.55,7.03,0.1,6.32,Sweet
13.42,1.63,12.85,8.21,15.26,4.93,5.23,2.98,1.81,13.55,13.1,4.75,18.73,24.84,0.38,10.45,Fruity
15.29,11.64,9.95,15.6,13.54,8.6,4.65,3.23,3.04,3.12,8.37,2.8,8.56,12.34,6.53,3.44,Gasoline-like
15.02,10.57,22.76,1.24,4.66,7.18,5.13,12.07,1.92,1.08,11.79,10.16,22.78,1.54,6.34,0.1,Alcoholic
13.2,4.75,18.87,19.25,8.09,7.88,3.29,5.87,2.38,1.38,3.96,1.87,12.95,17.89,7.82,18.46,Gasoline-like
10.87,9.98,2.54,9.02,6.34,4.95,5.66,14.18,6.07,8.45,0.1,1.99,2.55,4.71,10.72,13.17,Chemical
12.61,8.32,5.53,5.05,15.45,8.05,4.95,13.39,4.99,18.13,5.98,7.57,16.74,14.83,11.93,5.64,Fruity
16.24,6.16,12.9,13.86,0.59,10.76,5.77,14.44,7.25,1.82,13.14,10.13,12.27,0.1,11.4,17.41,Chemical
33.78,11.74,6.07,8.12,3.64,7.55,0.1,9.25,10.84,13.72,13.76,8.72,13.38,3.64,1.88,10.63,Sweet
19.65,6.25,7.25,0.1,10.89,8.15,5.56,3.86,7.79,13.98,6.93,11.46,15.01,22.23,5.83,7.23,Fruity
10.59,5.08,7.85,9.93,8.92,6.94,2.72,15.68,8.38,16.95,2.48,6.43,13.31,18.02,12.23,11.15,Chemical
1.23,10.01,12.48,12.1,6.7,1.88,6.06,17.68,4.35,8.97,3.68,8.79,15.86,16.63,12.08,15.75,Chemical
5.2,0.1,14.57,11.74,9.97,9.95,0.68,19.61,5.75,12.98,11.99,0.1,10.71,13.06,4.15,5.73,Gasoline-like
17.01,8.0,9.55,16.84,10.25,4.42,0.86,3.38,8.94,9.12,12.24,8.93,13.23,9.0,8.64,10.3,Sweet
11.15,0.96,5.11,8.6,2.58,7.72,3.64,10.11,7.71,12.55,8.75,7.94,3.66,14.78,4.62,11.69,Sweet
10.41,11.87,20.32,17.89,12.83,6.75,10.62,8.81,6.92,10.27,1.92,2.86,9.13,5.02,4.08,0.38,Gasoline-like
11.25,9.4,15.55,6.73,12.67,2.91,7.81,13.2,6.72,18.8,5.13,1.84,16.86,16.37,2.35,1.32,Fruity
18.17,6.36,16.22,5.08,8.38,9.0,5.04,9.76,0.16,17.17,7.38,7.13,20.36,18.59,5.84,5.36,Fruity
26.2,13.04,23.52,20.12,7.71,6.18,2.98,8.17,3.13,7.12,6.64,5.9,11.68,18.02,4.4,7.57,Alcoholic
16.47,12.36,18.27,10.95,8.91,0.87,7.07,1.74,5.2,3.99,3.57,9.65,12.84,17.9,7.13,11.3,Alcoholic
15.01,9.28,10.14,17.29,15.83,7.37,2.7,5.42,6.75,17.57,10.61,8.91,13.11,10.74,8.79,1.18,Gasoline-like
20.65,8.29,7.27,8.02,7.9,6.72,3.77,5.28,8.7,10.24,13.94,12.0,10.54,21.66,4.86,5.44,Sweet
18.55,10.82,19.22,5.97,9.15,9.39,5.11,4.82,0.1,9.69,14.06,2.84,6.79,15.43,8.96,6.54,Alcoholic
15.69,11.64,18.55,10.66,6.04,6.95,6.68,7.66,3.72,19.13,15.47,9.81,22.52,17.59,8.61,10.66,Fruity
12.97,5.15,24.76,1.22,14.16,7.99,6.47,6.02,4.57,13.82,12.75,1.86,16.74,17.84,4.07,8.5,Fruity
20.57,6.26,5.86,16.92,3.94,3.48,5.08,18.35,1.47,8.72,2.52,10.1,12.69,18.01,12.78,10.06,Chemical
17.54,9.16,13.16,9.64,9.45,7.94,3.34,11.72,6.74,6.72,16.07,12.1,8.44,5.75,0.98,11.7,Sweet
10.19,8.83,10.18,13.52,12.07,11.55,5.29,5.03,4.71,9.83,13.6,9.93,6.36,12.79,4.99,5.39,Gasoline-like
16.38,2.84,5.97,11.73,4.93,0.1,5.98,1.49,5.46,6.18,12.04,9.32,8.31,6.89,10.23,8.35,Sweet
12.76,14.91,6.5,4.09,7.7,5.95,6.4,2.34,6.52,5.16,13.47,9.5,12.18,7.89,11.31,2.01,Sweet
5.01,7.28,13.19,8.45,3.62,8.73,6.39,4.7,7.67,5.74,11.88,13.15,18.14,5.75,5.49,8.72,Sweet
26.85,9.63,22.84,13.15,9.51,7.31,4.5,7.26,5.97,11.9,4.24,5.97,12.82,14.85,4.64,3.81,Alcoholic
8.15,11.71,16.89,8.33,8.57,1.13,3.05,20.42,8.64,9.41,12.92,7.5,3.59,13.25,2.86,5.2,Sweet
17.83,0.1,7.89,10.38,14.2,9.16,6.12,7.41,0.54,2.69,4.99,6.36,7.58,9.38,5.76,9.91,Gasoline-like
10.9,8.73,4.51,2.75,7.27,5.99,3.11,13.03,7.93,14.56,17.55,10.07,7.99,12.75,4.65,4.82,Sweet
15.09,0.1,16.89,13.75,9.06,6.86,6.92,14.57,5.05,3.66,1.7,8.4,4.45,0.1,9.8,13.14,Chemical
29.06,11.06,17.01,13.65,2.25,3.66,3.02,3.73,7.59,14.13,6.52,8.44,17.98,12.55,5.51,14.0,Alcoholic
1.22,8.01,12.02,13.98,12.62,9.86,3.85,14.65,5.18,15.07,6.91,5.15,8.38,11.43,5.4,10.78,Gasoline-like
0.1,11.85,14.13,18.98,13.45,9.14,0.1,7.72,5.99,10.78,8.96,4.69,19.77,7.57,8.11,5.33,Gasoline-like
10.82,8.63,8.73,0.99,0.71,6.81,7.5,17.53,3.52,6.1,9.61,3.72,12.46,5.37,8.6,13.5,Chemical
11.15,4.16,10.53,16.63,2.61,3.93,5.48,13.62,6.12,8.52,8.45,5.42,0.1,10.54,7.37,15.75,Chemical
14.51,13.15,8.02,10.19,6.04,7.7,0.8,13.93,4.02,0.1,12.85,7.8,1.81,8.52,10.26,15.54,Chemical
14.69,3.61,13.06,10.04,11.93,5.34,5.77,12.34,4.59,18.57,4.47,5.96,16.74,19.53,5.71,13.92,Fruity
24.21,6.85,13.89,8.42,2.99,4.99,2.51,15.22,2.36,3.1,7.49,8.24,6.25,15.91,10.15,15.09,Chemical
24.15,13.32,25.62,1.73,10.8,6.17,2.73,1.82,4.65,6.64,7.19,10.33,15.84,20.46,4.79,11.81,Alcoholic
12.73,5.98,11.71,3.81,11.0,9.14,5.22,4.59,5.05,11.37,17.01,11.04,6.09,2.69,7.5,6.43,Sweet
16.17,7.71,13.69,13.46,5.91,0.53,5.98,10.32,7.53,1.89,7.38,14.54,8.71,7.32,0.93,4.81,Sweet
9.33,7.45,12.64,2.48,13.54,5.07,6.88,15.01,3.15,18.58,3.24,1.85,15.83,21.06,3.08,4.71,Fruity
5.05,10.34,14.96,4.55,8.35,5.82,7.4,8.07,0.67,14.41,9.17,7.48,15.92,13.27,5.58,12.96,Fruity
12.77,4.19,16.52,14.22,11.7,7.16,6.98,6.74,6.3,4.96,6.28,3.05,17.67,15.33,8.91,8.09,Gasoline-like
26.38,16.15,22.16,8.64,8.18,7.21,5.28,11.62,4.42,13.78,0.1,7.31,8.71,15.33,3.86,9.63,Alcoholic
15.18,11.26,13.21,10.91,5.06,3.01,7.23,16.45,3.16,17.94,6.98,2.25,20.04,18.46,11.16,12.79,Chemical
11.31,10.36,21.92,8.88,10.41,2.85,7.92,3.92,8.46,9.56,13.97,9.37,10.12,8.17,1.43,3.62,Sweet
0.1,8.49,18.52,7.78,2.82,5.76,1.87,15.37,6.69,12.82,9.1,5.13,12.17,12.33,9.96,11.98,Chemical
7.96,7.57,21.96,13.46,12.85,9.33,5.8,3.26,4.78,11.0,3.61,0.1,11.29,15.48,5.77,5.04,Gasoline-like
17.97,3.52,4.14,6.91,8.33,11.1,3.16,5.44,5.82,10.17,5.13,7.35,19.4,23.01,2.97,8.51,Fruity
1.42,14.46,3.0,3.37,6.77,2.47,7.1,13.08,3.6,10.41,4.34,5.86,11.31,11.36,11.19,9.1,Chemical
16.28,9.76,10.53,0.1,0.1,11.8,5.01,12.71,9.79,5.79,11.12,8.89,18.05,3.2,10.09,6.67,Sweet
9.39,0.91,13.82,7.72,13.98,4.68,6.81,12.72,2.77,13.13,4.76,6.57,15.09,18.12,11.07,14.2,Chemical
21.75,15.1,29.02,15.26,8.19,5.66,3.6,0.1,3.88,6.52,3.15,12.55,12.43,15.46,6.5,2.2,Alcoholic
19.85,8.75,24.14,10.32,4.12,2.6,7.71,11.34,4.53,11.21,9.38,11.4,10.24,5.48,9.05,10.85,Alcoholic
16.9,6.23,19.5,10.82,10.06,0.1,6.54,7.4,6.85,17.47,6.25,6.12,14.15,25.21,12.07,7.24,Fruity
17.06,12.06,27.14,17.12,16.01,10.48,0.16,10.05,3.33,13.2,9.03,3.45,15.4,20.1,5.64,4.2,Gasoline-like
10.58,5.85,11.98,4.72,12.86,8.75,8.31,12.16,8.28,15.04,12.0,12.12,10.95,8.69,10.96,11.2,Chemical
20.32,5.76,9.96,16.4,11.08,13.15,4.99,12.87,4.29,9.89,6.93,5.31,18.64,7.94,0.1,13.74,Gasoline-like
19.6,10.61,19.83,10.3,5.19,8.38,2.46,10.72,3.62,4.2,5.69,10.24,8.17,9.64,2.42,12.95,Alcoholic
19.45,10.23,16.79,8.0,7.04,4.54,1.82,4.99,8.65,5.79,10.08,8.56,7.85,9.96,5.36,10.44,Sweet
22.43,2.94,16.52,10.3,4.97,5.99,0.1,2.32,2.84,12.41,10.97,3.13,15.79,20.16,10.59,0.62,Fruity
4.26,1.64,2.29,10.84,3.32,3.82,3.35,10.8,2.35,13.21,4.31,7.03,7.71,9.88,8.17,14.63,Chemical
0.1,4.58,10.87,3.92,6.29,8.88,5.25,7.2,3.62,15.79,4.78,10.55,17.94,21.05,2.15,4.16,Fruity
17.8,16.27,13.09,11.14,13.82,6.03,2.34,18.07,2.53,2.63,5.43,8.3,14.21,14.03,11.16,14.02,Chemical
21.12,4.95,0.1,15.6,10.34,9.39,3.52,11.6,1.33,6.38,7.53,4.56,1.91,8.14,5.72,4.91,Gasoline-like
21.52,5.02,14.51,9.61,7.52,8.05,6.29,8.63,2.93,17.25,4.3,4.7,16.27,18.17,2.47,10.74,Fruity
6.67,4.1,9.71,5.21,3.64,4.39,4.88,7.72,4.38,13.27,5.33,4.83,18.75,13.68,5.75,6.91,Fruity
13.19,0.96,19.64,8.63,11.39,4.92,6.93,7.73,6.33,1.87,8.96,10.24,4.64,18.47,1.54,13.76,Sweet
4.78,5.87,10.34,9.69,3.13,3.4,5.11,8.53,5.72,12.54,9.11,5.31,17.65,19.69,5.33,9.84,Fruity
9.16,5.81,15.44,0.1,3.67,8.54,4.55,15.48,2.34,19.02,1.07,8.13,18.22,11.17,8.78,15.36,Chemical
6.86,0.79,19.06,6.66,10.26,8.79,0.1,10.54,8.22,6.44,8.91,10.83,10.57,14.19,4.49,5.11,Sweet
5.45,5.38,2.29,9.39,6.33,6.43,7.44,14.28,2.09,0.1,9.01,5.36,6.6,10.18,12.57,9.51,Chemical
11.68,5.82,21.23,6.22,4.88,2.35,0.86,13.37,2.7,14.14,3.02,4.95,16.37,18.8,10.35,14.62,Fruity
17.65,13.36,26.49,7.59,6.0,0.44,2.35,11.43,8.3,5.1,3.56,6.74,8.26,9.89,6.83,4.34,Alcoholic
26.64,8.39,29.86,3.12,12.41,5.96,3.73,7.44,5.54,3.99,10.84,7.27,14.01,13.2,5.18,5.02,Alcoholic
3.27,6.25,6.47,7.29,7.46,7.3,1.96,14.87,5.93,12.93,0.1,4.66,8.05,8.52,9.42,17.62,Chemical
8.11,6.13,16.55,14.03,9.89,6.92,4.75,11.98,5.8,0.1,9.41,10.56,16.88,9.08,7.32,6.6,Gasoline-like
15.72,0.1,11.93,14.4,15.48,7.92,4.64,8.45,8.61,14.56,10.39,7.99,8.3,13.55,12.24,4.46,Gasoline-like
24.07,3.48,16.5,15.04,11.11,8.68,5.31,5.69,6.0,8.74,8.8,0.1,14.94,14.4,4.92,11.76,Gasoline-like
14.85,9.85,12.76,5.44,2.87,5.92,6.22,14.27,4.01,10.84,4.41,6.99,12.97,5.96,7.96,16.71,Chemical
10.54,10.14,1.65,12.52,2.54,4.89,3.76,7.03,9.09,18.07,12.19,6.14,12.37,21.05,9.6,5.96,Fruity
28.88,6.17,9.32,8.16,4.76,1.31,0.38,12.92,3.68,1.36,7.62,0.1,13.62,10.22,9.37,14.94,Chemical
15.72,0.65,11.51,14.5,7.89,1.21,2.11,13.88,3.65,14.97,10.78,4.56,14.95,16.75,7.61,0.99,Fruity
5.2,2.73,14.04,4.67,10.1,4.39,5.62,6.29,6.39,7.2,12.52,8.67,12.45,13.45,3.49,10.14,Sweet
17.33,9.84,14.83,16.93,12.9,8.24,1.78,6.04,4.89,13.58,9.47,8.95,9.51,5.32,4.48,1.26,Gasoline-like
7.65,6.43,8.19,4.14,5.69,4.19,4.27,15.99,3.05,8.93,3.04,7.46,2.87,21.28,7.49,12.05,Chemical
7.19,4.66,19.25,10.62,9.23,4.87,7.19,13.77,1.39,6.22,5.86,12.92,9.29,7.56,10.93,12.18,Chemical
6.82,8.78,29.02,7.32,5.5,6.14,4.26,3.99,7.0,4.13,11.69,10.12,0.1,13.61,3.51,6.45,Sweet
4.98,9.95,12.84,17.25,8.63,6.73,4.17,11.1,4.06,14.39,8.09,3.22,16.36,21.6,3.55,5.07,Fruity
17.06,10.23,23.69,9.95,7.28,3.4,8.0,5.44,1.14,11.47,1.12,3.06,3.3,3.15,5.25,2.05,Alcoholic
15.67,2.61,14.41,11.09,6.49,4.14,6.24,6.72,10.15,2.38,11.67,10.88,16.4,4.3,8.26,7.06,Sweet
7.43,4.85,0.1,18.47,14.26,6.19,7.46,12.81,0.1,1.37,8.01,11.16,12.7,13.26,8.26,2.89,Gasoline-like
15.5,7.13,12.37,8.81,8.88,7.54,6.66,11.12,4.11,15.51,7.71,10.43,19.82,19.5,3.35,2.2,Fruity
20.85,7.09,15.61,14.84,15.1,9.72,5.22,6.71,1.92,12.01,3.42,5.98,0.1,11.04,6.68,5.6,Gasoline-like
23.01,9.54,25.56,8.05,9.29,5.68,5.13,2.93,4.2,5.16,7.19,6.08,8.63,17.69,2.02,9.02,Alcoholic
7.95,2.53,8.42,14.29,15.17,11.28,7.15,10.06,7.64,7.18,5.99,2.26,12.57,1.66,5.64,6.43,Gasoline-like
9.12,2.66,15.1,6.8,8.36,2.66,12.37,11.79,2.64,16.41,6.4,4.34,13.15,21.18,2.49,9.32,Fruity
21.06,2.11,12.1,6.56,13.24,2.64,7.25,9.83,7.21,10.13,12.61,13.61,10.4,10.77,5.49,13.55,Sweet
18.76,3.57,14.72,18.58,7.99,2.57,7.38,17.59,3.08,5.51,11.79,2.45,9.13,21.34,7.21,15.69,Chemical
10.33,2.19,17.76,5.46,12.57,3.78,7.72,12.7,3.83,11.13,7.37,2.16,0.1,8.7,11.29,10.33,Chemical
16.35,9.97,20.8,11.77,3.21,2.96,7.51,8.75,3.1,10.04,3.91,6.37,8.41,12.99,7.91,12.85,Alcoholic
16.08,11.9,15.88,14.54,12.85,8.02,4.7,11.51,5.08,12.3,3.2,1.09,13.28,13.4,4.58,2.96,Gasoline-like
16.13,10.11,23.31,5.18,7.2,4.48,2.43,9.59,7.72,6.43,13.38,10.1,10.3,6.36,11.26,9.88,Sweet
12.63,1.33,15.03,5.8,11.28,6.13,5.75,7.5,8.68,10.48,10.92,10.05,5.82,13.32,7.79,7.52,Sweet
5.81,8.99,2.94,19.9,12.19,8.79,8.33,10.97,4.1,10.25,7.4,5.88,14.26,0.1,11.74,5.4,Gasoline-like
18.88,14.29,17.32,9.13,9.71,4.08,2.47,10.49,5.81,18.05,2.49,3.07,12.68,11.8,6.45,9.69,Alcoholic
11.49,12.31,15.42,9.35,1.75,8.21,3.44,15.58,6.52,7.88,2.56,8.83,15.12,15.04,11.17,15.27,Chemical
14.77,7.82,20.88,2.29,5.49,8.67,2.24,13.51,8.82,14.69,7.75,1.33,19.28,20.39,7.99,6.71,Fruity
10.74,11.89,11.06,10.32,0.47,4.52,0.1,8.87,4.3,14.37,1.88,7.17,16.77,18.06,6.83,18.6,Fruity
12.24,8.81,3.71,16.02,13.84,8.01,4.16,2.68,5.32,12.14,11.18,5.44,1.49,6.82,1.85,7.99,Gasoline-like
19.06,7.98,21.16,1.47,7.14,7.81,5.79,11.12,3.25,0.1,2.48,3.57,9.77,14.35,9.81,13.64,Chemical
19.98,12.22,9.39,10.25,7.07,5.81,3.45,16.08,2.3,11.45,5.71,7.52,8.6,0.1,9.54,14.5,Chemical
23.22,7.21,17.44,17.98,10.31,10.28,4.2,11.64,3.94,11.7,8.9,7.64,8.56,10.36,1.18,9.35,Gasoline-like
27.2,12.19,15.22,7.87,5.47,2.79,4.16,9.76,4.71,9.18,9.7,0.9,21.03,4.96,3.97,1.86,Alcoholic
4.35,6.72,19.24,11.3,5.4,4.95,7.35,14.84,2.88,14.8,7.86,9.4,7.93,9.04,8.52,13.02,Chemical
8.53,4.11,9.13,16.52,12.44,11.53,6.4,8.18,6.95,11.62,12.46,8.37,4.8,4.49,9.81,8.39,Gasoline-like
2.44,5.83,19.92,11.64,8.69,6.31,7.58,1.77,10.82,10.34,13.27,11.07,14.14,13.49,3.93,4.97,Sweet
12.73,0.43,11.47,0.1,1.34,7.89,7.68,11.98,2.69,10.63,9.09,11.78,8.01,11.78,7.59,13.83,Chemical
23.27,11.73,20.48,5.55,5.17,2.73,2.88,9.95,4.2,6.0,4.98,3.22,23.21,2.51,5.33,10.92,Alcoholic
27.77,14.38,24.63,14.63,6.57,4.91,4.27,9.21,4.04,13.34,3.82,3.81,12.18,11.95,0.1,6.95,Alcoholic
7.82,8.81,16.98,3.73,0.1,4.09,0.76,12.98,1.66,10.47,4.46,6.29,14.87,12.14,6.85,16.19,Chemical
15.49,5.71,18.76,4.62,7.59,0.1,0.1,6.42,0.59,21.48,1.48,2.36,17.12,18.48,3.75,2.35,Fruity
5.85,10.32,8.96,7.32,8.89,3.81,0.1,9.36,6.3,8.1,11.69,10.9,11.82,12.06,5.88,4.65,Sweet
23.17,3.77,8.4,9.38,12.37,5.84,3.21,11.16,2.11,16.16,8.71,7.53,19.9,21.39,3.35,8.5,Fruity
17.71,7.54,14.92,0.1,5.07,7.1,4.58,9.42,8.3,11.3,10.87,4.97,14.88,19.76,12.75,15.2,Chemical
24.91,12.05,22.95,6.41,8.58,7.54,2.68,5.03,5.83,15.53,9.48,5.63,7.12,17.03,6.22,4.18,Alcoholic
22.43,13.98,19.31,14.81,10.72,9.21,4.57,5.07,2.09,5.58,11.08,13.72,12.95,8.5,3.38,8.8,Alcoholic
14.96,6.05,0.1,19.08,11.25,8.52,9.84,0.1,3.58,1.09,6.59,5.26,0.1,14.18,3.25,12.49,Gasoline-like
10.39,7.62,17.61,7.58,1.51,0.1,4.65,15.23,4.76,8.14,0.1,1.79,8.99,11.95,9.45,9.99,Chemical
22.91,2.09,23.09,18.19,12.15,6.94,1.84,7.7,6.58,6.74,7.4,0.42,11.58,18.91,8.22,4.51,Gasoline-like
6.94,1.49,13.66,7.29,2.75,3.72,1.78,8.07,6.46,8.91,11.22,13.6,10.0,8.71,12.34,12.32,Sweet
5.05,2.93,9.75,2.35,9.23,8.21,4.75,0.1,7.34,18.32,11.27,5.79,17.72,23.21,9.49,5.6,Fruity
0.1,4.31,9.75,14.05,5.84,0.1,3.12,8.89,10.02,13.14,9.85,11.7,14.99,12.51,7.19,9.82,Sweet
15.77,8.1,22.74,10.73,10.22,9.55,5.81,7.76,7.61,4.29,7.39,11.58,7.47,0.1,2.12,7.4,Gasoline-like
8.3,6.95,20.36,16.65,2.45,3.08,6.69,9.11,7.14,14.89,12.13,14.57,7.53,9.31,10.34,10.17,Sweet
19.05,8.74,19.2,16.67,8.08,7.31,3.96,6.89,7.93,7.66,11.72,1.58,12.05,14.07,5.1,6.13,Alcoholic
17.58,14.42,23.04,10.15,6.7,4.38,3.7,5.8,5.61,15.81,9.08,1.24,11.8,19.41,3.91,10.89,Alcoholic
14.83,9.17,24.2,9.33,8.78,4.88,1.69,7.61,4.24,16.75,16.42,5.21,15.85,19.51,5.38,10.01,Fruity
7.89,8.54,19.24,1.52,3.61,4.43,5.85,13.15,7.78,8.38,12.36,11.64,7.77,5.74,2.75,8.11,Sweet
10.89,8.52,17.71,1.87,3.53,4.23,10.23,8.03,9.93,11.45,9.54,12.62,12.83,3.92,4.94,2.02,Sweet
16.67,5.71,11.64,15.78,5.43,2.6,5.6,3.73,7.31,18.7,6.95,11.05,17.27,22.6,5.62,5.99,Fruity
8.42,8.68,10.6,10.4,7.89,5.7,4.12,8.38,4.35,11.17,7.62,5.9,15.56,21.13,8.49,9.89,Fruity
23.11,15.11,25.03,0.1,2.58,9.32,1.94,9.71,1.67,11.62,0.1,0.1,12.1,23.24,3.54,5.65,Alcoholic
16.95,8.08,5.5,14.84,6.12,8.3,3.3,11.56,8.09,4.23,1.51,6.79,3.01,6.39,10.3,13.24,Chemical
4.84,10.05,11.6,14.16,13.15,10.21,5.46,9.34,4.73,6.97,9.02,5.83,8.05,9.94,2.55,7.08,Gasoline-like
26.69,11.98,11.13,8.59,9.25,4.26,1.74,18.37,8.65,12.88,16.64,7.63,7.45,7.38,5.67,12.37,Sweet
20.88,14.49,27.92,9.45,7.26,0.58,2.75,10.3,3.14,19.1,10.49,10.13,11.25,3.18,2.93,9.97,Alcoholic
7.1,10.47,15.35,7.2,10.0,5.57,2.03,9.59,5.09,16.0,17.01,5.78,11.11,17.88,1.53,4.62,Fruity
16.48,6.42,6.19,15.5,6.66,4.49,4.08,5.56,9.66,15.33,11.9,11.27,9.58,21.42,6.03,10.15,Sweet
27.07,5.99,2.9,8.56,5.38,10.66,5.85,2.72,8.45,15.7,12.68,3.93,10.05,14.96,0.1,13.47,Fruity
13.4,12.51,10.12,13.88,7.61,7.47,2.06,17.09,3.29,11.91,8.9,2.71,19.53,17.51,5.52,0.1,Fruity
26.53,3.6,3.08,13.36,14.09,6.14,5.81,11.72,1.82,14.47,12.63,12.23,18.72,16.74,12.06,7.13,Fruity
21.15,10.34,26.73,7.19,8.69,2.75,5.62,11.75,0.5,10.49,9.47,12.46,6.73,13.37,12.66,13.16,Alcoholic
19.52,7.88,0.18,16.33,12.23,10.51,2.85,13.43,6.78,5.51,11.24,7.42,6.41,18.2,6.4,4.92,Gasoline-like
24.66,12.78,14.61,5.07,6.85,6.79,5.24,17.32,7.34,14.55,13.01,11.24,0.1,18.94,8.97,9.73,Sweet
27.61,14.47,24.31,9.47,4.04,4.79,5.26,13.47,6.99,13.01,0.1,7.68,6.82,14.03,4.69,4.25,Alcoholic
21.85,1.62,16.73,8.49,8.31,4.11,5.81,4.56,7.25,0.1,11.08,9.1,0.1,16.65,6.38,3.89,Sweet
27.16,7.28,11.32,11.4,12.68,2.72,3.06,17.25,6.96,10.34,13.18,5.38,11.9,16.81,9.97,13.69,Chemical
2.62,10.66,15.12,18.05,8.37,12.09,6.1,2.75,7.32,5.19,5.54,3.3,6.87,8.2,0.1,8.95,Gasoline-like
19.11,5.32,13.25,8.98,6.93,6.51,2.82,4.6,4.94,15.23,8.57,9.4,17.01,20.7,3.55,5.02,Fruity
17.18,0.5,18.67,12.27,5.9,6.7,4.75,5.06,8.6,6.7,13.2,12.9,3.96,8.82,6.09,8.82,Sweet
25.37,4.12,8.21,9.32,11.3,8.13,4.18,12.21,4.47,6.09,12.39,2.7,14.58,15.22,8.49,12.61,Chemical
12.54,3.98,6.72,17.79,0.86,5.58,7.22,4.71,6.68,11.46,15.62,10.15,11.22,16.64,5.63,8.68,Sweet
6.79,4.56,3.62,6.73,10.07,6.38,5.37,8.72,3.48,16.88,2.51,8.98,12.81,26.62,5.63,5.15,Fruity
11.87,6.67,15.28,8.89,8.89,2.69,4.44,15.34,6.21,3.84,11.27,11.55,11.13,4.0,3.83,9.15,Sweet
23.74,9.46,18.63,19.64,13.93,7.85,2.87,11.79,5.68,9.93,10.64,5.42,0.1,19.31,6.58,16.54,Gasoline-like
17.66,4.04,10.82,18.38,14.79,8.38,4.26,0.79,7.16,15.34,6.49,6.28,16.89,14.07,8.42,5.48,Gasoline-like
13.54,8.93,6.43,19.14,7.91,5.69,7.76,13.6,7.85,13.2,8.47,6.55,4.09,13.92,2.86,14.75,Gasoline-like
5.46,0.1,12.82,15.33,9.67,6.21,6.64,10.92,9.1,17.85,11.45,9.96,10.07,12.97,8.68,8.81,Sweet
6.59,8.45,17.26,13.32,12.38,6.71,4.95,17.03,2.56,11.3,1.44,6.99,4.83,14.21,9.4,15.69,Chemical
5.64,5.86,14.92,13.15,11.83,7.08,5.7,12.28,4.28,4.08,10.24,4.14,11.61,7.0,6.23,10.42,Gasoline-like
15.0,0.99,0.1,8.07,9.04,2.51,5.56,12.46,2.28,9.72,7.19,6.35,8.45,8.79,10.69,14.7,Chemical
20.45,5.88,7.76,6.32,9.75,1.46,4.99,10.58,4.51,9.2,4.82,5.26,15.0,14.02,11.43,10.86,Chemical
22.15,12.37,20.9,9.2,0.48,3.76,5.82,13.59,2.88,9.98,10.16,9.06,5.1,12.09,4.51,7.01,Alcoholic
12.47,3.63,2.28,10.4,9.31,2.71,5.68,19.75,4.44,0.1,8.4,8.23,3.6,15.39,8.36,14.6,Chemical
14.67,3.7,16.71,13.99,11.08,10.98,0.7,8.15,2.97,5.51,3.84,4.8,6.07,16.51,2.3,3.74,Gasoline-like
23.24,9.76,12.01,6.52,6.21,3.04,7.38,3.67,6.55,0.83,5.89,7.43,5.78,22.03,11.88,9.91,Alcoholic
0.1,7.35,3.56,7.3,12.43,1.87,1.79,4.19,4.45,17.78,4.85,8.52,15.24,20.5,6.41,6.4,Fruity
23.85,11.15,21.72,12.5,7.62,11.23,2.94,9.33,2.24,14.46,0.88,0.48,6.83,16.61,4.93,0.93,Alcoholic
12.31,7.71,15.47,5.96,10.0,0.15,2.76,7.56,6.37,19.82,4.12,11.63,15.14,24.21,6.52,5.74,Fruity
14.83,1.79,8.82,1.14,1.18,6.72,0.62,3.94,6.3,7.35,11.15,11.96,9.37,1.59,6.8,8.43,Sweet
25.65,13.11,17.6,16.34,9.4,10.15,7.98,0.1,2.14,8.6,5.86,0.1,13.11,14.98,3.81,3.04,Gasoline-like
10.34,2.21,11.95,0.63,9.81,1.77,4.57,3.77,9.28,10.69,10.35,15.66,5.41,10.22,5.41,10.49,Sweet
13.83,12.12,14.68,6.87,9.55,0.82,2.39,19.4,2.4,13.71,7.88,5.77,13.96,15.48,3.64,7.2,Alcoholic
7.98,9.47,11.32,17.05,8.57,6.32,1.18,10.41,5.14,15.15,12.38,5.09,18.52,5.59,9.41,9.29,Gasoline-like
21.88,8.95,18.36,15.68,0.31,3.33,3.53,7.66,0.23,7.5,0.1,7.59,4.35,3.9,8.96,4.97,Alcoholic
8.53,5.8,16.03,12.26,6.6,6.84,2.22,5.35,7.18,18.67,4.58,2.83,14.95,23.25,7.59,5.7,Fruity
22.62,12.24,9.91,8.39,3.34,11.14,5.34,7.75,7.28,10.9,13.52,14.36,6.92,11.17,5.76,9.73,Sweet
10.81,5.1,9.89,9.28,9.61,5.94,5.65,14.73,5.32,0.92,11.02,10.37,14.28,11.4,8.37,10.28,Chemical
22.84,4.42,12.06,8.44,1.1,9.46,9.77,17.24,6.12,9.61,4.82,8.19,15.55,15.51,10.66,14.28,Chemical
22.37,13.0,24.12,15.69,6.61,7.36,4.66,11.24,2.37,2.44,7.14,0.1,10.16,0.1,0.73,2.64,Alcoholic
14.11,7.9,2.03,17.25,12.46,6.69,4.25,13.47,1.91,4.92,7.9,4.71,9.5,13.58,6.62,8.39,Gasoline-like
15.63,6.77,9.7,13.17,8.05,6.23,2.01,7.3,2.3,20.51,1.23,2.67,14.97,22.74,3.53,13.57,Fruity
12.67,0.1,9.92,1.6,6.88,5.69,5.66,10.46,7.66,11.41,18.84,10.3,7.26,8.6,1.6,10.01,Sweet
10.25,0.23,10.58,14.81,2.9,4.11,6.07,14.6,6.57,16.13,7.84,3.62,9.79,13.86,8.05,10.42,Chemical
0.1,2.65,12.26,6.07,6.25,4.65,3.76,9.31,5.83,16.47,6.58,6.1,15.65,18.26,7.78,7.53,Fruity
6.8,4.66,4.23,6.16,7.25,6.97,6.94,8.89,6.27,17.93,16.39,7.73,14.02,22.59,9.34,4.65,Fruity
11.24,6.98,8.82,13.51,11.55,9.74,0.34,18.06,1.91,6.91,8.37,0.1,8.96,7.94,0.1,6.34,Gasoline-like
13.89,5.73,20.8,3.42,6.24,5.17,3.63,11.47,5.65,15.91,3.86,9.49,18.96,27.03,5.89,6.61,Fruity
10.09,8.77,1.85,5.65,2.05,0.62,0.1,8.03,2.93,16.81,7.78,5.47,19.0,19.48,1.13,12.88,Fruity
12.95,6.52,13.83,6.48,8.76,5.64,2.6,16.89,4.64,10.38,12.51,7.55,10.65,8.09,10.37,11.44,Chemical
4.17,13.16,18.55,11.84,1.65,4.27,1.94,5.55,8.04,11.45,13.55,9.74,13.32,13.17,10.94,4.27,Sweet
0.1,4.75,13.76,19.02,7.98,8.43,2.62,18.22,3.27,12.65,8.29,6.73,21.23,5.38,12.52,16.27,Chemical
18.71,5.05,21.76,11.72,8.78,5.97,5.19,9.81,7.96,12.75,8.26,10.17,12.31,9.98,5.95,7.45,Sweet
22.15,14.84,15.03,0.96,8.54,7.3,6.57,12.47,0.87,11.42,7.47,0.1,7.12,6.69,4.96,10.86,Alcoholic
5.2,6.19,15.78,15.65,8.82,8.53,5.07,8.41,5.86,14.15,2.12,6.31,14.27,14.61,5.92,6.58,Gasoline-like
27.13,10.07,27.73,0.1,9.57,7.33,3.83,9.24,7.35,13.5,5.41,2.28,8.12,8.45,2.63,5.62,Alcoholic
26.48,10.81,8.44,15.74,11.05,8.73,4.11,3.15,2.85,9.97,8.43,7.82,7.46,15.28,6.36,12.63,Gasoline-like
14.01,6.02,13.92,7.29,8.47,1.9,1.73,10.87,7.15,15.17,13.33,2.64,13.99,19.49,6.5,11.84,Fruity
13.34,7.28,6.71,7.32,14.41,3.18,2.11,14.66,5.12,12.14,3.85,8.61,16.58,19.81,9.62,15.0,Chemical
21.69,9.03,0.1,11.74,13.11,10.36,5.11,8.01,5.04,11.41,10.81,1.91,11.41,11.29,2.7,3.5,Gasoline-like
22.65,0.5,14.58,9.0,9.14,0.96,4.75,3.13,10.07,14.59,12.07,8.81,7.56,8.66,2.95,7.7,Sweet
12.03,7.94,5.84,18.39,11.41,7.65,0.1,12.21,6.61,8.21,7.73,6.37,10.86,12.61,7.34,8.69,Gasoline-like
19.13,8.87,19.72,11.81,7.15,3.94,4.62,4.84,3.6,2.27,7.28,4.07,5.23,8.74,7.82,9.09,Alcoholic
6.53,4.01,20.45,13.58,10.62,8.66,6.71,6.11,3.85,9.39,13.06,2.56,4.21,11.14,3.41,5.26,Gasoline-like
23.95,2.7,12.96,15.93,14.75,7.99,6.11,8.42,2.34,4.3,3.02,8.02,11.91,12.52,8.47,2.72,Gasoline-like
16.57,9.22,11.03,3.45,15.74,5.59,2.7,17.94,5.34,8.84,3.83,9.26,12.28,0.1,10.47,14.27,Chemical
23.43,9.04,22.62,6.49,11.19,2.34,6.6,3.16,2.46,3.46,9.31,3.88,5.24,14.21,5.53,5.96,Alcoholic
19.57,9.8,10.06,9.78,4.62,9.7,8.81,6.81,8.39,2.57,14.47,10.22,3.69,0.1,9.63,9.75,Sweet
16.51,0.34,10.66,15.96,13.59,7.81,5.83,0.88,6.17,18.2,1.83,2.57,15.19,28.62,5.9,3.18,Gasoline-like
24.7,12.35,24.42,5.76,5.61,9.05,6.25,7.22,4.37,7.42,12.29,7.32,12.1,16.94,3.45,9.79,Alcoholic
15.42,0.1,18.63,14.35,6.13,8.18,8.09,7.27,8.92,6.4,14.46,12.1,13.87,9.37,5.14,5.71,Sweet
19.89,13.66,23.61,10.84,0.1,10.34,3.09,20.7,6.62,9.64,9.98,1.41,16.05,26.64,1.1,4.78,Alcoholic
8.09,9.03,0.1,12.37,10.06,8.34,4.43,0.1,3.9,4.17,7.77,6.75,2.91,2.78,5.23,0.1,Gasoline-like
17.98,8.12,2.8,12.87,14.39,9.36,6.24,7.16,1.16,5.17,8.15,8.01,9.78,10.6,6.03,8.03,Gasoline-like
2.54,8.8,8.78,0.1,7.65,7.54,5.63,16.45,5.8,9.17,7.94,5.72,10.83,14.59,8.59,16.61,Chemical
22.06,3.21,2.0,19.08,5.31,8.16,5.53,11.47,8.27,8.19,13.78,9.76,16.16,10.14,9.69,8.7,Sweet
22.18,10.05,22.1,12.49,4.56,5.68,3.75,14.38,1.5,12.87,6.87,4.78,16.91,2.24,5.72,7.38,Alcoholic
23.87,10.99,23.35,5.43,1.19,5.47,7.63,17.04,6.27,9.94,9.49,5.62,11.2,15.46,4.88,4.67,Alcoholic
0.1,2.52,23.86,12.1,2.79,3.86,4.3,14.66,6.81,9.13,6.19,8.0,9.9,9.28,9.17,15.2,Chemical
11.87,11.37,11.08,11.7,6.57,6.72,4.73,17.17,7.15,4.31,12.95,11.64,5.7,7.78,12.22,13.73,Chemical
13.07,4.67,14.42,12.73,10.76,10.24,6.83,8.77,8.21,3.22,1.19,6.34,11.02,16.59,11.6,5.74,Gasoline-like
10.19,4.96,21.34,7.12,7.67,2.58,4.47,10.64,7.79,11.59,11.18,12.42,16.95,8.27,4.29,5.99,Sweet
24.51,14.19,21.41,5.79,8.11,4.45,2.14,5.09,0.94,15.85,10.14,5.76,13.08,1.85,2.05,10.44,Alcoholic
0.32,8.53,0.57,8.69,6.78,1.5,4.34,10.73,9.68,14.09,10.32,5.73,15.14,22.42,8.24,5.95,Fruity
3.8,6.13,5.58,8.31,5.4,4.38,5.86,15.3,6.54,1.28,13.4,11.96,14.33,15.86,2.46,0.1,Sweet
0.1,2.85,6.05,3.51,5.73,8.02,7.48,5.31,10.43,10.94,12.71,9.47,10.01,19.12,3.81,10.02,Sweet
21.64,13.51,24.27,13.96,11.02,6.29,0.66,10.55,5.79,9.75,10.02,7.03,20.95,3.89,5.45,6.16,Alcoholic
11.67,4.88,28.9,20.96,7.13,4.05,4.48,7.78,8.97,8.38,12.02,14.85,5.36,22.95,7.47,8.15,Sweet
15.88,10.02,10.6,11.28,10.26,0.7,12.41,10.05,5.55,19.18,8.54,7.42,17.45,14.63,5.22,10.92,Fruity
16.26,1.75,12.47,14.69,12.84,8.08,1.71,11.51,5.14,3.82,5.6,5.26,15.09,15.34,2.29,6.46,Gasoline-like
22.68,8.15,24.07,6.45,0.1,3.32,2.73,9.38,3.3,6.63,11.21,6.04,10.31,6.6,2.06,5.95,Alcoholic
18.39,3.77,14.12,3.47,7.19,0.46,7.12,10.26,2.93,7.54,7.24,2.84,18.94,1.69,7.99,17.75,Chemical
17.14,12.06,12.18,20.83,7.43,6.3,9.38,7.36,5.48,17.89,9.14,12.25,5.55,16.38,6.88,11.22,Gasoline-like
9.35,1.31,8.01,16.79,8.73,11.33,6.53,15.06,6.16,12.04,13.62,8.54,20.22,12.49,2.18,1.63,Gasoline-like
17.47,5.42,15.03,13.68,3.56,0.26,3.17,7.56,7.81,6.88,13.25,9.42,6.84,13.09,0.46,3.6,Sweet
14.67,2.18,4.15,12.23,6.3,12.19,5.81,3.72,2.54,16.03,10.68,6.93,16.93,15.19,5.37,6.86,Gasoline-like
19.81,8.69,6.89,11.73,11.25,3.02,8.54,11.52,8.74,16.61,10.45,11.44,18.38,18.02,5.51,6.68,Fruity
19.99,14.13,22.24,15.44,8.59,1.9,8.54,10.16,2.6,11.99,8.04,6.5,9.69,10.97,6.9,7.49,Alcoholic
12.2,4.84,4.4,1.38,5.05,7.42,1.53,10.44,4.19,18.97,9.88,9.83,17.97,18.94,3.52,16.09,Fruity
18.5,6.24,13.55,16.78,10.83,11.85,2.35,8.23,3.53,10.53,1.25,7.98,7.61,11.34,5.58,9.16,Gasoline-like
23.53,5.97,3.13,17.73,12.69,9.03,1.9,13.35,3.22,3.14,10.25,4.08,0.1,8.09,5.41,8.07,Gasoline-like
18.55,7.44,11.04,5.37,1.74,2.56,7.15,14.88,0.1,15.5,12.64,8.29,9.46,7.04,10.32,16.84,Chemical
2.82,9.84,6.26,21.77,13.26,8.21,4.4,5.92,1.99,14.21,5.14,6.78,8.25,7.49,3.96,6.04,Gasoline-like
17.49,14.31,20.73,9.56,13.65,4.36,5.23,12.62,4.78,7.58,2.21,3.15,3.96,9.7,6.93,6.83,Alcoholic
15.09,2.97,18.47,5.79,8.92,0.1,5.5,14.24,7.9,6.49,14.46,9.82,12.27,10.01,2.49,12.5,Sweet
13.13,12.04,18.9,3.98,4.0,4.63,3.02,15.1,5.87,8.3,4.79,3.86,5.14,0.42,10.28,13.13,Chemical
11.96,11.26,15.86,12.93,13.72,7.14,5.4,6.04,7.79,11.0,6.61,4.46,11.78,8.89,8.62,5.59,Gasoline-like
17.89,8.2,11.34,5.55,4.74,1.85,4.07,10.85,5.61,2.74,5.96,8.25,16.68,0.1,9.52,14.86,Chemical
17.2,14.99,9.15,4.27,8.37,7.04,4.44,7.83,7.79,4.71,9.82,10.58,16.62,12.92,4.26,1.75,Sweet
15.7,12.13,15.48,10.71,8.4,3.8,4.37,14.08,7.61,2.49,12.74,12.31,0.69,11.73,2.16,16.95,Sweet
8.98,9.43,14.73,8.95,9.3,5.58,7.18,14.15,2.07,18.78,5.91,3.95,4.66,8.24,8.97,14.6,Chemical
4.86,9.45,16.22,17.98,12.52,12.22,6.01,18.87,4.71,7.92,8.46,7.88,13.43,14.97,4.99,16.72,Gasoline-like
6.67,11.25,12.98,10.73,3.35,2.82,6.71,8.74,3.77,17.73,8.23,3.86,18.35,17.21,3.4,9.49,Fruity
12.53,6.75,26.52,16.55,4.92,7.81,3.46,13.37,0.76,11.72,9.47,10.48,10.42,14.06,11.21,19.3,Chemical
4.62,6.32,3.47,18.71,13.04,9.21,5.21,8.95,4.48,7.22,2.66,6.79,5.43,14.0,6.29,4.36,Gasoline-like
21.48,12.03,25.14,16.63,9.39,6.97,3.96,9.25,7.73,8.82,2.95,10.22,6.37,11.41,6.72,8.73,Alcoholic
23.87,12.54,26.36,7.59,8.59,4.27,4.81,4.43,4.8,10.17,9.4,4.36,5.01,21.02,4.94,12.63,Alcoholic
20.7,5.68,13.5,17.15,9.34,7.53,7.22,13.59,0.6,10.38,4.85,2.27,9.95,17.82,8.36,10.13,Gasoline-like
12.05,6.22,0.1,9.98,12.09,5.43,5.09,9.72,2.49,16.03,8.34,4.85,22.0,14.69,8.65,5.45,Fruity
23.98,3.17,27.15,10.6,4.37,5.32,6.23,15.55,9.44,7.8,2.11,4.85,18.09,16.74,7.39,9.84,Chemical
4.53,8.98,7.15,2.36,10.8,0.74,2.1,15.19,8.82,7.79,7.96,10.74,2.02,8.04,3.81,5.95,Sweet
24.55,16.51,16.88,10.68,6.81,3.1,6.59,11.53,1.41,6.27,2.23,3.33,14.59,13.65,4.91,6.34,Alcoholic
23.57,1.58,10.54,0.1,12.67,5.53,4.57,6.18,6.59,16.72,14.4,8.63,15.71,17.82,3.26,3.61,Fruity
12.18,14.12,0.1,16.31,9.57,10.76,8.07,5.88,3.5,3.06,0.48,6.52,10.41,13.37,0.1,2.8,Gasoline-like
14.75,2.36,6.49,7.48,11.15,11.86,5.07,16.59,8.49,11.85,11.43,12.11,15.54,18.69,4.6,6.53,Sweet
14.15,1.76,1.66,2.14,0.1,7.27,7.29,11.84,3.15,16.69,10.16,13.49,10.86,9.7,8.21,13.63,Chemical
12.18,10.82,19.58,13.89,7.04,7.26,3.83,9.38,7.85,8.52,11.11,12.24,6.69,5.88,2.99,4.55,Sweet
14.12,13.64,17.88,11.88,5.97,2.05,0.3,7.23,8.92,1.14,13.6,10.12,9.64,5.21,2.37,8.83,Sweet
6.55,6.98,19.0,15.62,14.56,6.61,2.96,9.47,1.86,9.53,9.72,2.43,13.58,12.38,6.93,5.96,Gasoline-like
26.77,15.41,17.43,6.16,6.76,8.31,4.83,17.07,5.73,17.13,10.72,5.93,19.53,17.63,2.82,5.07,Fruity
15.88,9.93,16.41,15.62,11.74,10.79,8.79,8.69,2.54,4.7,2.19,8.36,8.65,7.65,5.59,10.7,Gasoline-like
14.4,11.49,3.42,11.54,12.74,8.34,6.87,5.15,8.08,10.05,14.56,11.95,8.53,17.63,9.96,5.91,Sweet
16.45,7.6,15.38,12.64,10.05,8.52,6.08,1.23,6.33,8.08,6.41,6.8,4.81,13.62,6.33,8.5,Gasoline-like
16.3,11.86,5.32,13.86,2.11,10.45,5.77,13.16,6.99,16.05,1.08,5.55,17.51,13.5,10.83,13.74,Chemical
19.31,7.98,27.24,11.35,3.82,8.09,2.29,10.02,2.33,8.99,7.49,2.78,17.75,17.87,7.02,9.53,Alcoholic
18.31,0.1,0.1,8.07,7.94,10.87,0.51,15.85,6.71,11.96,12.18,2.85,11.11,11.4,12.09,12.39,Chemical
7.7,12.38,8.68,16.63,9.23,6.03,6.21,15.04,4.23,10.73,7.48,3.86,9.16,15.57,3.3,10.55,Gasoline-like
24.42,1.95,8.71,13.26,7.47,5.61,5.21,7.28,10.25,13.69,9.81,12.28,11.23,11.33,7.46,11.67,Sweet
12.36,7.46,5.62,15.35,5.91,0.1,4.22,3.89,5.73,14.55,11.03,11.46,15.57,11.87,5.0,6.59,Sweet
13.93,7.33,9.1,4.96,12.76,7.85,5.59,3.97,6.54,10.34,15.65,11.39,12.36,14.29,4.11,14.14,Sweet
2.28,0.1,8.2,11.77,3.8,5.72,5.02,17.11,8.03,13.15,0.1,11.6,23.71,20.36,0.9,9.31,Fruity
18.62,6.35,14.93,12.12,5.19,7.94,3.22,17.14,7.83,18.17,14.01,6.49,2.81,12.92,4.25,4.14,Sweet
16.12,6.69,15.63,6.71,8.24,8.13,1.54,12.95,5.89,14.9,7.18,2.8,16.95,10.71,5.32,9.06,Gasoline-like
3.12,7.21,14.32,15.27,13.79,8.77,6.52,11.63,3.92,15.21,8.84,6.16,13.18,0.11,2.87,7.33,Gasoline-like
10.32,2.56,15.79,2.99,6.15,10.85,5.17,9.07,11.27,7.6,13.84,11.55,5.84,13.81,3.84,5.75,Sweet
13.47,7.73,13.81,14.17,13.6,11.44,4.67,4.68,5.58,4.3,5.14,3.01,15.28,21.89,4.91,0.1,Gasoline-like
14.44,5.81,0.1,17.13,10.93,5.54,2.54,11.44,4.4,4.8,5.96,5.91,10.17,6.17,5.33,12.64,Gasoline-like
10.42,8.03,12.91,9.47,5.37,1.45,4.67,13.91,8.18,17.7,6.89,5.81,15.45,19.28,11.21,5.64,Fruity
8.04,0.1,5.63,15.04,12.47,10.06,6.38,9.95,3.02,0.64,5.59,2.14,5.2,16.19,0.52,8.28,Gasoline-like
7.54,8.55,8.88,6.78,0.1,0.1,3.28,8.43,6.63,13.13,14.89,12.11,6.12,15.91,3.42,15.8,Sweet
13.24,0.1,6.54,13.81,10.11,14.12,0.48,7.96,1.7,2.92,3.9,8.0,16.87,5.19,6.77,2.07,Gasoline-like
8.05,13.11,21.41,11.36,11.05,4.05,3.24,15.8,3.94,19.94,12.86,6.49,22.43,27.27,3.85,2.89,Fruity
11.32,11.0,18.55,14.82,0.1,7.36,8.8,2.73,7.33,12.82,12.82,9.86,7.96,27.0,6.44,4.81,Sweet
3.9,6.65,4.64,6.13,1.76,2.49,2.59,14.21,5.72,10.8,4.5,2.56,10.57,10.92,8.19,13.77,Chemical
7.21,8.23,0.1,9.35,10.41,0.38,2.01,4.43,7.43,7.99,10.48,10.83,10.98,10.46,9.48,5.09,Sweet
12.73,7.05,5.39,19.76,9.58,7.05,6.27,6.37,4.61,13.36,7.92,5.99,10.77,18.79,1.73,11.04,Gasoline-like
8.98,3.18,10.08,12.1,4.14,6.53,4.83,7.13,0.15,15.39,6.95,5.03,16.01,12.93,5.68,7.94,Fruity
16.23,10.15,16.93,5.61,6.08,8.27,4.69,9.19,6.3,15.21,8.57,4.76,14.34,19.98,10.47,7.43,Fruity
22.89,12.54,24.19,5.43,9.79,0.71,7.27,14.16,3.84,11.89,0.11,7.91,17.93,10.27,6.19,10.18,Alcoholic
8.67,10.03,14.08,12.26,7.05,5.09,5.46,11.45,5.83,10.57,10.19,4.46,23.26,23.3,10.1,13.13,Chemical
14.67,6.31,18.75,6.72,6.6,6.24,6.86,13.54,4.41,1.09,5.14,8.52,7.46,13.4,13.09,9.68,Chemical
6.2,8.59,12.89,8.42,12.8,4.19,4.47,0.1,7.18,5.49,16.11,10.92,11.47,8.39,5.83,2.79,Sweet
3.8,5.67,10.38,8.35,0.37,8.97,5.39,8.3,6.22,17.01,9.98,9.25,20.3,16.87,8.42,3.41,Fruity
25.15,14.75,20.57,10.81,2.93,9.17,3.24,5.94,4.93,0.1,7.01,9.96,9.39,9.37,5.6,0.1,Alcoholic
6.46,0.98,18.1,11.39,3.73,0.1,0.59,9.77,8.35,0.7,9.57,14.43,13.49,14.7,7.03,8.44,Sweet
20.94,1.42,19.79,4.15,6.22,4.88,3.97,9.93,2.67,13.94,6.07,11.72,14.55,26.62,9.71,8.7,Fruity
4.76,12.77,15.69,7.53,1.28,8.19,3.74,14.34,6.04,7.46,8.76,0.83,6.71,12.39,11.05,14.47,Chemical
20.4,12.88,20.14,6.38,6.88,5.1,3.75,7.95,3.34,0.1,5.55,7.49,8.42,10.02,3.51,8.08,Alcoholic
0.71,0.1,13.29,5.09,5.76,7.19,3.64,15.56,8.66,10.5,8.78,3.53,8.55,14.84,6.4,16.36,Fruity
12.5,2.42,0.1,12.43,3.81,7.09,2.51,14.86,2.82,5.32,5.27,2.21,11.14,5.26,14.62,15.52,Chemical
3.71,4.6,13.96,15.5,13.58,10.7,5.65,10.03,7.49,5.73,4.75,0.83,11.32,7.98,9.78,4.68,Gasoline-like
14.36,0.1,15.98,15.72,2.06,4.33,4.69,10.71,9.2,1.1,12.21,10.65,0.1,16.16,11.1,11.48,Sweet
2.51,7.97,13.62,2.74,11.34,6.7,6.99,3.87,9.7,12.47,11.93,1.79,15.26,22.39,9.48,1.22,Fruity
10.44,5.25,19.1,23.46,11.34,8.84,0.1,6.26,1.85,10.19,11.99,4.15,6.39,11.84,8.56,6.2,Gasoline-like
25.91,11.76,8.02,7.38,0.1,7.79,7.78,16.8,0.1,5.23,10.09,12.53,11.13,18.89,8.29,14.06,Chemical
16.83,0.48,20.86,17.61,12.11,10.02,3.42,10.72,4.6,9.0,8.69,6.53,7.77,14.87,6.86,13.64,Gasoline-like
19.07,15.45,18.16,9.21,2.79,4.32,3.62,9.53,2.41,9.33,6.03,5.87,16.67,8.55,5.38,5.98,Alcoholic
7.81,0.56,10.19,3.09,8.93,5.74,5.99,15.68,1.77,7.31,10.87,9.98,14.58,10.67,9.4,11.41,Chemical
2.47,6.89,6.93,0.1,1.98,2.05,6.74,7.15,6.64,11.73,9.48,8.5,11.22,17.33,8.05,8.15,Fruity
8.07,2.01,23.44,8.44,10.37,3.63,6.76,15.33,5.3,11.26,9.87,6.64,10.58,16.18,8.11,10.56,Chemical
13.05,7.8,21.38,16.85,3.3,5.62,1.81,6.73,5.4,20.15,4.28,2.97,17.0,20.67,4.54,10.59,Fruity
6.06,5.52,12.3,12.99,11.28,8.29,10.05,4.86,4.35,7.09,0.1,9.2,10.17,6.41,7.21,3.34,Gasoline-like
6.66,13.14,16.76,7.44,0.1,6.68,4.42,6.47,7.56,1.27,12.06,8.89,5.0,5.41,6.89,6.9,Sweet
19.16,4.01,11.21,12.89,4.33,6.9,7.16,11.53,5.57,12.12,6.45,9.74,11.51,4.9,9.91,12.35,Chemical
12.57,9.73,6.27,10.29,8.73,5.06,4.26,13.13,3.31,16.39,10.12,6.08,17.66,16.48,6.12,10.25,Fruity
10.05,6.2,14.12,3.44,2.94,3.2,3.4,17.1,2.19,11.98,12.36,2.31,11.75,0.1,11.59,15.43,Chemical
6.47,0.1,13.08,13.29,4.82,0.56,8.93,10.23,7.53,7.68,12.78,8.25,8.65,6.82,0.1,6.1,Sweet
13.56,6.14,0.36,11.34,10.01,11.76,3.12,7.45,5.28,7.89,10.08,2.27,2.3,22.74,4.2,8.7,Gasoline-like
18.06,8.79,11.78,15.84,9.44,5.98,4.17,13.08,1.19,11.23,13.17,8.69,10.63,13.84,7.43,5.0,Gasoline-like
23.93,2.27,23.61,15.32,11.7,7.0,2.53,7.33,5.23,20.37,17.28,4.34,5.69,7.97,7.32,6.42,Gasoline-like
12.54,2.7,20.64,7.68,2.73,8.37,8.57,11.64,1.69,8.88,7.75,14.19,15.44,21.08,10.11,14.47,Chemical
23.46,7.84,15.77,11.19,5.61,6.39,0.1,12.18,2.36,5.28,1.84,10.26,5.28,12.5,2.08,14.84,Alcoholic
19.9,9.27,19.73,11.36,5.69,5.93,6.56,13.54,5.95,14.75,7.32,9.82,18.18,16.89,6.23,12.48,Fruity
12.75,3.75,18.33,19.19,9.52,7.39,9.61,7.92,2.35,3.9,6.64,0.6,12.46,5.75,0.56,0.87,Gasoline-like
3.93,1.96,14.51,6.11,9.63,6.49,2.88,9.48,3.03,13.74,10.97,7.58,15.2,18.86,10.78,17.77,Chemical
18.83,2.56,3.19,14.35,9.15,4.36,3.67,12.35,3.66,15.51,10.34,5.38,12.47,16.16,9.39,9.97,Fruity
12.92,6.5,9.86,14.15,15.42,8.16,8.12,7.92,3.1,15.95,8.83,1.55,16.56,21.07,7.69,7.64,Fruity
12.63,3.16,8.01,14.13,11.79,3.94,3.71,13.13,7.49,17.84,4.89,3.17,12.94,13.82,9.22,14.67,Chemical
11.06,11.53,7.14,5.21,2.06,7.17,10.12,5.69,3.43,19.6,8.19,8.63,13.96,21.17,6.22,9.39,Fruity
2.22,10.67,21.56,17.01,6.4,11.34,5.81,0.1,1.67,2.33,5.44,4.32,7.33,17.95,7.51,12.49,Gasoline-like
15.69,11.8,7.08,18.17,15.18,9.55,1.58,4.69,3.35,1.09,2.76,9.17,7.36,20.29,4.71,12.25,Gasoline-like
18.83,6.88,9.5,16.5,8.76,2.31,4.2,15.83,5.86,10.64,4.39,4.22,7.98,7.42,10.01,13.2,Chemical
15.61,3.45,8.88,13.99,6.23,2.34,9.13,6.66,7.64,6.19,11.22,10.83,20.21,15.32,0.1,7.47,Sweet
21.5,12.08,22.64,10.5,7.64,6.56,2.4,4.96,6.88,20.69,8.41,12.76,9.4,9.8,7.95,9.27,Alcoholic
19.79,6.01,10.09,18.51,13.13,9.92,3.1,8.41,6.7,20.13,14.59,5.94,4.32,17.55,5.93,7.36,Gasoline-like
13.75,5.44,11.24,13.87,10.3,6.27,4.05,9.17,5.4,12.06,7.01,8.55,11.17,14.71,10.96,2.08,Gasoline-like
26.47,2.19,19.87,7.36,6.22,3.39,0.75,14.03,3.96,13.14,9.36,5.82,17.48,27.21,12.66,12.74,Chemical
23.95,7.32,16.81,15.82,10.83,11.43,5.32,9.84,7.63,17.37,2.96,8.69,9.52,8.23,4.13,14.82,Gasoline-like
7.18,6.98,13.14,4.68,7.17,4.15,7.56,16.47,8.11,17.82,14.35,3.84,8.88,9.37,15.75,15.01,Chemical
9.2,9.48,12.44,9.54,7.02,4.72,6.23,13.76,6.1,13.48,9.11,9.36,14.15,8.74,6.79,2.48,Sweet
3.28,7.01,7.11,14.94,10.41,8.04,8.26,5.6,2.61,11.26,15.35,8.68,15.63,24.21,4.11,10.52,Fruity
14.68,11.36,6.0,18.7,11.12,7.73,3.96,12.99,2.03,8.64,4.59,9.16,9.4,20.8,8.32,7.31,Gasoline-like
7.52,8.25,13.5,16.25,13.17,8.5,6.32,15.13,6.52,2.65,10.34,1.32,3.11,15.73,4.11,5.03,Gasoline-like
15.14,8.24,13.02,13.94,11.17,9.16,2.16,11.35,1.77,8.09,13.06,8.1,18.61,0.1,7.26,9.38,Gasoline-like
16.94,7.33,16.22,10.37,2.36,7.8,4.87,8.85,0.1,15.8,6.91,1.59,15.45,17.78,4.19,4.1,Fruity
9.08,8.69,8.7,22.2,9.45,4.4,3.64,9.17,4.04,16.11,17.13,7.03,20.44,17.34,6.63,15.46,Fruity
17.32,5.28,18.25,17.44,12.33,12.29,3.99,10.06,7.71,10.66,3.15,6.62,8.62,11.58,2.06,4.5,Gasoline-like
25.23,8.15,19.04,11.4,14.2,5.37,1.63,10.41,4.27,2.95,11.43,7.01,14.98,15.44,5.53,12.6,Sweet
26.62,13.69,17.7,13.68,8.25,3.66,1.06,7.64,1.71,15.13,8.51,5.26,15.5,11.48,0.1,7.29,Alcoholic
17.99,4.18,6.03,12.52,7.7,2.39,4.21,4.94,4.86,9.05,4.69,7.53,15.23,19.9,2.29,7.12,Fruity
0.26,3.26,14.97,9.85,6.46,9.27,0.17,12.23,6.91,5.35,14.95,8.87,17.82,0.1,4.69,8.99,Sweet
20.86,9.78,24.18,9.48,3.68,5.9,4.29,0.1,0.4,5.19,8.27,5.97,7.02,11.09,8.73,10.34,Alcoholic
8.79,7.64,6.99,17.31,10.79,8.58,5.1,11.92,8.53,7.23,3.0,0.49,16.66,9.37,6.1,6.03,Gasoline-like
12.36,5.03,15.97,6.54,2.65,7.46,3.05,8.99,8.34,7.79,14.78,12.29,5.85,15.98,3.14,10.83,Sweet
9.05,11.89,2.15,13.76,2.29,7.09,5.11,4.76,4.53,10.49,11.48,11.22,15.51,11.73,0.1,1.38,Sweet
12.85,4.88,9.06,5.47,6.46,8.3,5.73,12.13,3.98,13.69,9.14,8.19,15.24,11.1,12.56,17.11,Chemical
23.61,12.79,20.83,10.68,4.26,9.55,1.45,12.54,6.28,3.92,7.26,6.06,15.55,3.95,8.41,7.39,Alcoholic
8.4,9.01,15.05,5.85,10.9,4.71,6.88,2.63,7.64,9.94,16.36,10.76,8.38,9.37,9.35,6.95,Sweet
5.26,10.45,11.38,9.52,6.82,8.76,4.88,9.77,8.83,10.56,13.55,14.39,6.42,2.71,0.1,16.06,Sweet
22.2,16.92,22.01,9.4,3.61,4.63,4.72,9.6,3.77,7.08,5.85,5.04,1.94,16.52,2.15,6.49,Alcoholic
15.45,0.82,13.84,10.9,1.9,6.77,1.81,3.4,8.17,16.63,13.39,11.29,1.25,16.45,2.83,6.23,Sweet
14.45,2.54,22.13,4.41,0.1,3.99,3.04,19.64,4.4,5.48,7.8,6.7,17.41,12.0,7.65,13.01,Chemical
15.58,6.66,25.6,8.21,11.81,8.3,0.1,13.02,4.33,4.21,7.12,0.69,6.33,14.42,13.4,10.41,Chemical
7.43,6.1,8.78,4.03,9.16,8.29,0.1,6.02,8.46,11.74,11.41,11.05,15.6,3.93,10.9,4.03,Sweet
19.92,11.66,17.97,8.03,11.11,7.66,6.08,9.48,1.84,16.68,0.15,9.98,13.64,4.48,6.16,1.71,Alcoholic
12.3,2.39,21.2,5.34,2.79,5.68,0.5,12.42,8.99,17.31,10.62,9.85,22.08,23.81,5.5,9.09,Fruity
13.61,10.92,17.58,15.17,8.57,5.6,7.92,14.63,2.34,11.92,7.08,5.14,6.59,6.1,10.32,15.43,Chemical
21.07,3.4,15.39,6.99,7.37,5.65,6.09,11.85,6.35,0.1,10.89,11.2,10.04,16.56,10.54,4.17,Sweet
14.41,9.25,25.49,2.51,0.1,5.17,2.07,0.46,3.15,13.29,5.23,6.21,15.59,19.11,9.12,3.04,Fruity
15.49,12.66,4.24,9.01,9.89,4.97,3.83,12.78,3.85,17.5,5.68,1.13,15.41,19.3,1.46,5.78,Fruity
18.79,9.21,24.98,4.33,3.45,3.52,5.75,3.54,5.46,8.03,6.53,9.79,11.42,13.26,2.79,8.79,Alcoholic
11.72,2.28,21.16,6.58,0.1,4.88,1.75,11.21,0.2,19.55,10.74,0.31,12.74,25.37,2.34,6.03,Fruity
14.07,8.75,12.74,11.89,8.07,4.62,7.33,9.84,9.76,3.97,16.45,10.59,4.35,0.2,6.66,7.73,Sweet
20.1,4.77,9.61,7.37,5.19,4.92,4.3,7.0,9.38,13.43,10.32,9.89,3.0,10.13,3.41,2.09,Sweet
5.92,6.9,15.63,12.26,7.16,8.87,5.15,6.76,0.48,13.8,5.33,9.94,15.56,20.48,6.68,13.35,Fruity
12.8,7.57,17.31,14.43,13.13,9.27,6.54,6.43,2.87,10.98,5.72,7.19,20.91,16.17,8.68,9.94,Gasoline-like
12.37,12.82,15.8,18.5,13.79,8.12,3.0,3.69,5.84,5.4,7.37,5.01,5.28,19.67,2.95,11.9,Gasoline-like
11.27,4.54,2.9,7.54,9.03,3.4,3.15,17.71,4.52,8.98,2.46,8.21,8.26,15.52,11.14,10.25,Chemical
21.43,11.7,18.02,7.3,7.3,1.82,5.36,8.65,4.63,4.52,8.51,5.7,2.71,7.5,4.07,7.68,Alcoholic
13.28,6.72,15.53,4.0,6.24,4.54,5.82,12.17,8.09,5.41,14.3,13.97,12.02,20.26,5.59,7.32,Sweet
24.17,7.74,12.53,7.21,4.73,5.56,7.1,13.03,2.87,7.08,9.12,0.1,11.33,6.69,11.16,9.38,Chemical
19.12,9.62,12.0,15.83,4.48,5.45,4.88,8.7,4.06,12.4,8.57,4.16,15.54,23.27,2.43,3.95,Fruity
23.4,11.53,19.62,11.93,11.19,10.06,5.06,17.18,7.09,1.58,4.19,5.62,13.89,5.81,1.63,4.99,Alcoholic
13.57,3.92,3.11,12.97,9.71,7.91,3.35,15.3,3.36,11.81,8.9,7.27,6.71,18.97,8.59,13.17,Chemical
12.03,17.79,13.65,20.11,13.12,9.68,8.45,6.98,5.09,10.33,1.57,10.43,4.31,14.25,4.37,8.02,Gasoline-like
16.14,2.99,20.2,15.23,2.29,8.92,0.28,3.31,9.4,8.12,11.7,15.16,9.88,14.22,3.5,10.71,Sweet
2.49,9.93,16.53,11.75,0.8,4.49,4.62,15.4,5.1,12.61,11.85,8.32,11.41,11.73,15.78,14.86,Chemical
16.72,8.48,8.07,11.92,6.1,3.44,0.54,1.77,8.11,0.1,11.56,12.25,9.21,5.31,9.13,10.96,Sweet
7.34,5.64,13.95,13.69,11.18,13.13,0.22,12.05,4.09,5.37,7.74,4.82,12.8,11.92,7.25,4.71,Gasoline-like
24.82,13.04,13.71,3.08,8.82,11.64,4.69,12.8,4.08,6.36,2.54,8.51,14.75,8.95,9.11,10.26,Chemical
6.02,7.78,6.13,15.54,11.99,8.18,6.26,17.19,4.9,3.89,9.5,2.37,10.71,9.58,3.84,5.87,Gasoline-like
9.58,6.63,19.99,7.6,0.1,4.48,7.31,13.7,3.12,5.56,5.09,6.37,10.27,8.97,11.84,17.43,Chemical
20.01,16.1,19.91,15.3,0.1,1.06,4.89,1.86,6.51,11.84,5.11,4.65,10.99,2.09,0.9,7.84,Alcoholic
22.91,10.79,23.98,11.71,5.51,3.8,6.94,8.58,4.4,10.91,11.94,8.32,14.74,10.06,1.48,3.85,Alcoholic
20.33,14.97,21.99,9.11,5.96,8.86,6.55,13.63,7.53,12.72,1.97,4.17,11.71,12.11,6.03,9.66,Alcoholic
7.41,5.67,15.98,14.34,11.29,6.6,0.76,14.36,5.68,5.25,11.17,4.76,11.88,18.96,3.76,7.27,Gasoline-like
9.02,7.75,11.58,15.67,8.0,9.08,3.1,19.01,4.41,5.68,10.82,8.56,6.02,16.16,6.92,9.72,Gasoline-like
15.03,11.83,15.79,10.12,8.01,6.69,2.2,13.54,3.58,11.09,3.98,3.41,5.84,1.66,5.6,14.4,Alcoholic
20.43,10.17,11.37,21.39,13.65,8.47,8.87,10.37,4.8,8.79,2.26,4.72,5.58,15.84,5.92,6.19,Gasoline-like
14.98,7.71,28.31,14.99,8.68,9.62,0.41,4.78,7.97,2.39,11.52,7.85,1.5,7.16,1.79,10.57,Sweet
11.88,11.54,15.49,13.72,13.75,10.15,7.53,5.66,6.51,18.6,6.02,6.14,14.35,16.65,5.51,15.33,Gasoline-like
14.82,7.39,20.38,10.16,6.63,1.07,3.7,10.09,7.31,4.93,14.89,12.94,14.05,8.96,7.85,3.44,Sweet
21.79,10.16,15.64,18.45,12.67,10.91,9.9,8.39,3.44,11.13,7.97,8.29,13.05,5.39,5.72,0.69,Gasoline-like
5.88,0.1,9.55,12.61,13.36,6.86,8.69,14.97,1.82,4.18,11.66,10.48,9.14,10.83,3.16,5.97,Gasoline-like
14.97,5.17,10.13,10.19,3.26,2.6,5.47,4.23,1.88,16.07,7.6,11.7,9.31,23.41,10.07,0.1,Fruity
17.46,5.61,10.21,19.6,15.33,10.24,4.89,0.64,5.63,9.87,8.15,3.25,8.72,8.6,1.01,9.57,Gasoline-like
7.16,11.13,10.51,3.31,11.13,1.78,4.4,13.65,0.3,12.53,8.89,1.72,4.14,3.64,11.34,16.81,Chemical
17.98,10.86,16.63,11.26,11.64,6.58,3.92,12.49,8.17,11.52,15.23,10.44,10.77,1.29,5.48,7.86,Sweet
13.21,6.0,21.85,6.9,8.61,2.3,2.65,6.95,4.95,12.16,14.12,9.71,19.18,14.64,4.77,10.45,Sweet
15.53,9.01,20.4,11.9,9.23,3.78,9.45,6.64,7.42,13.83,4.09,6.81,16.98,10.49,4.91,6.44,Alcoholic
9.45,4.16,17.52,18.7,6.67,5.37,4.64,10.62,6.95,2.5,10.96,10.63,5.41,2.41,6.17,6.75,Sweet
15.07,6.19,13.98,8.69,1.49,5.43,4.44,15.21,6.48,10.74,12.66,0.1,18.57,9.85,10.79,15.66,Chemical
12.15,0.1,17.77,5.55,4.04,7.96,2.14,17.68,4.99,16.64,5.41,2.01,7.19,16.23,11.24,10.93,Chemical
10.62,7.9,17.01,14.53,7.51,5.42,2.58,14.55,3.54,21.48,5.56,0.68,21.08,20.14,6.61,13.48,Fruity
5.67,1.47,16.12,17.11,6.03,5.02,0.1,11.75,4.42,13.72,2.87,6.16,18.19,15.28,5.65,5.67,Fruity
15.97,2.8,19.15,14.71,0.37,3.81,2.38,10.11,7.26,18.51,12.43,11.53,12.15,1.86,7.27,0.49,Sweet
10.03,0.5,15.72,8.45,13.8,4.03,1.79,5.38,5.66,14.24,5.59,7.49,15.66,19.56,6.68,8.29,Fruity
9.51,4.93,8.54,13.77,9.09,8.55,3.43,9.3,9.55,10.06,14.58,10.91,0.46,11.94,6.92,4.63,Sweet
18.25,14.04,19.7,2.0,6.33,5.28,3.55,10.83,6.39,5.54,1.19,3.49,7.29,18.95,5.83,3.85,Alcoholic
2.31,10.7,26.34,13.17,4.32,3.55,4.48,13.24,3.62,9.62,13.92,0.1,0.1,21.72,10.18,13.83,Chemical
25.26,14.54,12.46,12.34,8.2,5.5,3.7,2.07,2.87,16.88,3.68,0.1,18.38,19.59,7.94,10.4,Fruity
18.31,12.82,21.2,6.94,6.26,4.71,3.15,8.3,1.97,14.6,4.68,4.21,10.3,10.99,7.03,7.72,Alcoholic
28.66,18.64,15.15,15.07,7.4,6.51,5.69,15.53,3.97,3.02,8.58,7.65,10.32,5.95,9.43,11.62,Alcoholic
14.09,13.79,0.1,6.41,1.45,7.34,3.19,4.52,8.24,6.09,16.72,10.5,7.67,12.47,9.2,1.47,Sweet
12.43,6.93,15.24,2.66,0.1,7.63,1.69,5.85,8.07,9.84,10.67,10.81,8.9,17.16,4.89,15.11,Sweet
11.21,8.98,6.47,8.68,3.37,6.24,2.42,11.44,5.51,13.05,11.57,8.96,9.38,4.74,5.94,6.26,Sweet
19.68,10.74,11.91,9.4,7.12,3.66,8.53,6.74,2.47,9.17,12.05,8.17,14.52,7.69,4.1,9.46,Alcoholic
27.01,15.66,23.81,21.71,6.08,1.9,8.8,6.87,2.36,9.19,9.33,2.81,6.76,12.05,1.46,8.12,Alcoholic
10.2,5.92,17.85,14.98,1.2,9.33,7.25,9.93,5.66,22.18,3.59,4.04,10.11,20.37,7.7,5.68,Fruity
22.69,9.15,17.8,2.48,0.58,7.86,4.45,8.85,6.05,11.2,16.59,11.79,3.88,21.16,4.77,14.95,Sweet
20.24,8.35,6.13,0.1,8.84,3.84,3.5,11.8,11.09,5.27,12.81,11.74,11.91,9.14,8.31,4.15,Sweet
13.25,4.31,2.47,16.87,13.27,6.85,5.4,15.39,6.57,13.72,9.67,8.38,12.96,20.29,8.17,7.13,Gasoline-like
21.84,2.89,10.41,0.1,8.82,9.91,4.32,5.38,1.79,16.82,12.27,2.21,18.27,18.78,7.02,10.71,Fruity
15.34,8.36,8.56,7.89,6.6,2.14,7.66,8.49,6.93,8.24,10.24,11.68,10.7,13.88,8.25,8.36,Sweet
11.12,5.21,17.61,3.63,4.87,3.16,4.1,10.12,1.57,14.74,11.87,3.01,19.52,15.9,5.74,11.04,Fruity
27.16,17.38,27.14,1.77,3.79,6.08,5.35,10.21,10.31,5.97,6.05,12.11,8.58,10.52,9.5,7.58,Alcoholic
20.54,5.83,12.85,3.44,6.5,9.09,3.69,10.19,3.18,13.07,4.42,9.08,2.27,0.1,10.54,15.91,Chemical
17.54,6.26,23.5,6.22,6.16,5.97,8.34,8.54,9.73,6.82,12.25,10.36,6.15,0.1,9.52,8.2,Sweet
11.32,11.78,10.51,7.99,4.47,6.04,2.85,16.28,3.16,4.21,4.1,8.26,12.83,0.1,12.69,14.59,Chemical
28.32,13.26,19.82,7.36,2.76,2.58,10.31,17.11,6.82,6.48,8.46,4.0,0.1,14.66,4.46,6.13,Alcoholic
10.99,2.5,10.26,5.43,8.92,5.37,8.23,9.84,8.69,18.24,6.07,13.77,18.03,16.9,11.16,13.34,Fruity
19.76,14.89,19.01,15.67,9.39,4.07,2.01,9.56,5.65,14.87,5.46,3.93,7.52,11.94,4.28,1.05,Alcoholic
6.97,5.75,14.04,14.44,9.93,12.14,1.43,12.53,4.97,3.29,6.62,7.41,17.39,7.18,5.33,9.48,Gasoline-like
14.47,11.06,7.28,16.72,9.3,7.75,7.05,11.75,3.71,0.1,4.64,1.25,7.49,6.59,8.22,6.4,Gasoline-like
10.42,14.53,15.04,16.7,11.93,5.13,5.71,9.74,3.07,3.25,7.35,1.84,14.59,10.49,8.09,4.14,Gasoline-like
8.75,0.1,22.47,6.6,8.58,2.9,4.41,13.78,3.74,6.83,15.18,7.38,15.39,13.1,11.8,8.69,Chemical
4.89,9.26,4.18,8.92,5.1,4.6,1.12,9.29,5.49,15.84,2.51,11.95,14.88,12.41,7.95,1.82,Fruity
8.48,8.27,12.15,3.48,3.46,3.29,7.45,13.75,0.13,11.24,10.52,1.91,10.18,3.71,12.23,12.57,Chemical
12.52,5.39,13.87,9.47,8.57,5.25,6.3,14.26,5.15,2.55,15.18,4.15,5.96,16.34,11.99,11.97,Chemical
12.96,9.99,7.8,7.64,7.56,8.35,8.05,11.39,3.62,4.49,8.43,5.93,3.12,21.21,10.66,14.1,Chemical
15.65,12.38,20.25,8.43,5.69,3.92,3.06,4.83,2.52,0.1,7.49,6.13,6.42,7.88,2.92,8.28,Alcoholic
0.1,9.05,10.08,13.48,7.59,5.3,3.75,14.17,2.2,5.51,6.53,9.08,9.1,3.92,9.11,12.04,Chemical
5.92,6.08,8.34,17.89,12.8,10.68,4.62,12.16,8.87,8.04,7.32,4.17,0.1,13.25,2.66,6.5,Gasoline-like
15.73,14.05,18.37,9.2,5.67,7.57,4.55,6.19,4.36,12.26,8.06,9.98,14.05,3.6,3.04,9.23,Alcoholic
9.91,12.82,13.51,6.97,8.23,3.24,5.25,8.77,3.25,17.12,9.45,1.47,13.79,22.86,6.36,7.15,Fruity
1.39,9.87,24.51,12.63,5.95,3.96,2.06,11.77,3.97,17.15,3.17,1.25,21.27,18.54,10.63,8.77,Fruity
9.78,3.45,21.64,15.56,9.6,7.56,3.54,3.55,0.44,9.31,7.82,8.87,0.1,14.09,6.5,7.63,Gasoline-like
0.1,7.27,15.59,17.3,15.28,9.44,6.05,4.38,8.66,9.83,2.68,5.31,16.42,24.37,4.11,13.31,Gasoline-like
16.5,11.93,10.24,6.45,6.02,8.99,2.08,17.61,6.64,9.53,11.22,10.09,15.13,7.35,2.64,6.16,Sweet
23.97,11.76,18.54,12.87,6.87,4.13,5.83,10.01,2.22,8.81,4.64,6.01,12.06,15.14,5.92,16.6,Alcoholic
10.84,8.96,12.32,3.02,8.98,9.35,3.58,5.77,3.07,15.69,8.68,7.47,14.89,16.86,7.64,7.38,Fruity
23.63,4.21,14.62,14.21,11.81,10.5,6.63,12.02,2.71,7.34,7.07,11.77,8.68,1.0,7.26,6.22,Gasoline-like
10.21,9.62,13.01,2.42,7.22,6.99,11.7,9.51,0.86,16.01,0.33,4.73,5.12,9.78,9.78,12.8,Chemical
5.41,7.32,16.52,17.48,13.02,11.54,7.66,14.4,4.98,0.1,8.81,2.76,10.91,3.84,8.95,6.5,Gasoline-like
0.1,4.02,4.03,6.26,4.69,6.96,3.05,9.97,7.64,12.59,6.86,4.66,16.1,22.71,9.08,5.62,Fruity
23.76,1.47,10.18,9.08,3.96,0.86,5.51,0.81,8.28,7.32,10.83,12.53,6.0,5.56,1.39,11.82,Sweet
30.42,13.35,24.38,12.81,5.84,9.2,2.45,7.77,4.68,7.9,11.25,8.09,5.08,16.69,3.58,4.63,Alcoholic
13.74,11.75,25.35,6.58,12.73,5.05,1.47,6.82,5.87,15.07,11.6,7.35,13.39,12.01,3.87,0.52,Alcoholic
4.71,7.28,14.51,5.9,6.45,8.62,3.85,18.14,4.14,2.18,3.49,5.42,2.21,1.87,8.02,14.78,Chemical
20.62,6.37,20.87,12.8,10.87,7.47,1.4,9.77,5.22,2.09,3.44,5.37,8.46,25.1,7.27,6.8,Gasoline-like
12.99,7.54,2.42,2.41,9.5,4.11,0.1,10.61,7.77,11.14,12.82,13.35,4.12,7.96,5.56,11.5,Sweet
17.02,4.26,5.65,1.63,7.35,4.79,12.04,5.98,3.31,14.25,9.29,5.93,18.87,16.41,3.01,2.54,Fruity
3.37,4.87,4.98,10.87,0.1,5.01,4.14,17.37,5.79,5.17,2.68,10.2,9.58,10.55,11.65,12.54,Chemical
17.23,1.91,13.59,12.37,11.3,10.73,1.69,1.53,6.05,3.45,16.66,5.26,16.05,6.23,7.95,2.18,Gasoline-like
18.1,9.11,16.99,9.58,3.21,6.69,2.55,8.94,1.64,9.19,4.81,5.14,3.87,12.92,13.83,16.43,Chemical
18.2,8.1,6.22,5.89,11.07,6.31,2.86,20.32,5.72,17.47,3.67,4.0,1.08,12.5,9.86,12.51,Chemical
17.53,8.37,13.22,9.28,12.7,0.71,0.75,17.35,8.36,5.31,9.57,8.19,16.58,8.02,2.93,14.95,Sweet
7.07,7.98,13.03,7.01,4.85,7.23,4.24,12.23,8.86,6.45,0.28,2.41,8.37,8.84,13.34,11.79,Chemical
18.43,6.87,11.87,0.1,5.37,4.79,7.5,3.98,9.69,16.81,14.21,8.83,14.62,10.31,2.73,10.69,Sweet
25.72,7.56,12.08,12.01,8.87,0.1,5.0,17.38,7.95,6.31,14.42,12.23,8.1,17.21,8.93,1.57,Sweet
13.61,2.04,11.95,4.6,7.29,2.85,1.68,13.77,5.32,14.75,5.05,8.74,18.36,19.47,7.26,12.56,Fruity
21.45,2.82,10.95,19.72,14.86,8.78,1.05,4.86,8.91,7.31,9.45,6.41,6.99,15.35,7.4,13.21,Gasoline-like
7.71,7.47,5.11,12.58,12.31,5.29,9.31,15.91,10.37,4.79,7.43,12.36,13.33,9.02,6.1,10.71,Sweet
26.09,13.31,22.03,1.18,5.39,0.48,5.43,10.96,0.55,17.32,0.1,6.25,9.84,1.93,4.22,0.1,Alcoholic
17.88,7.1,18.02,5.49,2.03,6.72,4.47,12.07,6.73,18.26,3.09,4.7,11.52,12.03,9.95,16.22,Chemical
27.41,12.24,19.1,6.37,1.61,8.11,6.68,6.12,6.32,11.12,11.72,10.09,6.53,14.58,0.1,9.53,Alcoholic
9.56,5.9,14.44,9.61,1.37,8.58,4.14,9.85,8.58,7.34,15.65,13.23,2.03,5.13,8.53,9.94,Sweet
24.54,13.77,22.98,11.39,5.04,6.23,2.02,2.65,6.37,11.88,7.09,4.76,8.73,9.17,3.69,1.32,Alcoholic
4.66,4.71,5.0,15.67,2.99,2.68,4.53,7.73,4.33,7.54,11.92,8.9,14.0,16.43,5.51,3.08,Fruity
1.99,6.23,16.18,9.37,0.1,7.74,2.74,13.44,9.54,5.46,14.61,12.78,6.5,20.88,5.21,1.21,Sweet
3.51,1.17,22.14,2.87,2.09,4.37,5.85,8.92,7.47,6.11,17.69,10.04,11.43,5.25,8.28,13.0,Sweet
10.16,7.96,14.36,20.49,13.24,10.79,3.08,10.43,8.37,12.74,4.62,7.4,16.1,14.37,4.46,10.36,Gasoline-like
10.95,5.63,11.9,16.7,9.56,10.97,4.68,0.1,4.61,12.09,5.06,0.1,11.67,17.13,6.5,6.02,Gasoline-like
7.61,9.9,16.22,0.98,4.16,6.79,4.09,11.96,7.66,5.87,12.73,12.45,8.27,8.07,4.99,7.1,Sweet
26.5,11.52,25.13,10.98,5.43,11.32,4.47,14.81,4.38,8.11,0.99,4.29,12.46,17.57,6.97,9.57,Alcoholic
23.01,14.09,20.71,6.26,4.73,7.6,2.66,12.35,7.7,11.53,8.37,7.12,7.48,8.13,6.0,4.04,Alcoholic
11.27,3.49,10.95,10.56,4.41,4.48,6.26,7.89,1.87,15.16,12.46,5.27,15.52,21.35,1.36,11.52,Fruity
22.64,12.94,21.86,2.24,12.99,8.32,8.56,4.29,4.25,7.59,12.28,8.09,8.2,5.16,11.5,7.83,Alcoholic
13.59,8.07,14.98,13.85,7.09,4.97,4.36,12.48,6.75,14.72,3.09,6.7,18.9,25.82,1.1,4.27,Fruity
16.46,8.61,7.71,4.76,7.92,1.34,6.08,14.86,4.84,9.17,4.69,5.03,10.75,6.83,12.21,11.72,Chemical
5.58,9.82,6.48,6.02,7.56,4.23,2.42,6.32,7.85,12.74,13.94,13.25,4.52,13.25,5.8,8.2,Sweet
11.78,8.03,11.53,7.45,6.1,5.86,4.6,9.98,11.47,12.97,8.46,11.25,1.91,6.31,4.22,8.11,Sweet
24.53,1.66,2.43,18.08,13.6,6.57,4.12,7.75,5.94,5.49,3.84,3.29,14.23,23.37,5.37,7.64,Gasoline-like
9.22,12.31,13.34,10.78,11.83,8.54,4.02,7.68,6.08,9.88,4.73,6.38,13.54,15.22,3.27,5.9,Gasoline-like
22.81,3.33,4.18,11.24,4.36,5.53,2.56,16.76,2.54,19.17,5.87,2.06,17.77,18.86,1.34,2.96,Fruity
16.24,11.24,12.48,14.93,9.27,6.65,4.05,2.17,9.15,10.77,13.22,8.86,12.28,0.1,4.64,11.15,Sweet
5.6,8.01,6.04,9.18,8.72,3.04,6.51,12.79,5.87,11.91,8.83,7.82,9.9,13.65,13.38,16.08,Chemical
12.4,2.46,11.0,9.71,5.89,6.87,3.83,4.41,2.3,13.61,4.27,6.95,13.99,21.17,2.15,3.79,Fruity
19.7,7.31,17.85,3.11,4.51,4.25,5.42,12.1,10.0,11.41,11.42,8.23,8.12,4.98,7.87,10.37,Sweet
8.88,7.68,18.09,14.44,11.78,11.57,5.39,6.8,2.19,4.74,7.6,9.47,2.53,16.83,5.21,7.58,Gasoline-like
26.64,2.3,24.87,5.42,6.02,4.74,2.27,11.52,0.6,15.14,9.79,4.53,17.49,21.33,7.47,0.1,Fruity
16.89,17.41,26.29,16.31,8.09,5.29,4.53,9.89,2.7,0.1,5.79,0.44,14.05,22.69,0.55,10.5,Alcoholic
10.88,13.14,19.63,9.75,1.9,5.15,2.33,6.86,5.27,4.79,9.56,5.12,10.05,6.28,7.09,8.99,Alcoholic
12.61,0.1,14.37,4.58,6.65,2.94,4.3,14.73,6.88,6.59,6.41,6.03,8.26,4.93,10.15,11.83,Chemical
23.08,10.79,20.78,7.62,2.86,7.33,3.54,3.33,2.37,4.64,12.9,4.84,3.99,14.17,5.72,13.89,Alcoholic
8.02,2.66,0.1,4.95,2.84,10.92,4.38,7.09,6.09,16.14,5.18,3.81,21.32,25.83,0.1,5.34,Fruity
9.45,0.91,17.77,9.76,0.1,5.85,6.14,18.32,2.57,2.45,4.05,8.82,3.02,0.1,11.33,12.77,Chemical
12.18,10.82,8.96,1.72,8.84,6.4,4.88,15.05,4.56,5.82,12.0,11.25,1.42,14.32,13.95,14.8,Chemical
24.89,13.72,21.78,6.78,3.7,4.26,5.33,4.83,4.0,15.18,8.8,9.92,18.07,7.52,4.88,7.96,Alcoholic
22.58,0.44,15.74,3.85,8.39,4.06,4.02,6.37,9.34,13.23,11.51,10.93,7.33,8.05,5.07,8.06,Sweet
15.06,5.86,4.92,14.0,8.47,8.92,0.62,0.1,0.93,15.11,0.82,6.39,7.59,9.08,8.39,8.87,Gasoline-like
17.29,5.17,8.96,12.22,1.35,9.05,4.51,10.73,5.84,15.08,10.45,5.92,19.62,15.17,7.06,12.84,Fruity
8.62,3.24,13.73,7.25,10.28,5.02,6.15,14.66,2.5,0.1,5.06,9.48,7.13,12.0,9.96,16.14,Chemical
20.2,6.93,9.61,1.72,9.92,7.92,2.8,11.91,6.34,7.58,1.78,2.3,12.81,16.7,9.07,13.23,Chemical
12.67,5.91,15.45,14.7,8.72,8.89,8.12,9.68,2.76,9.23,16.05,9.09,4.14,5.59,3.24,6.44,Gasoline-like
10.76,5.88,11.1,6.24,8.33,3.33,5.16,16.47,4.75,13.59,6.86,6.65,10.06,13.41,9.05,12.16,Chemical
23.98,7.04,19.19,9.14,11.76,3.03,7.15,9.47,8.04,13.59,14.31,12.54,12.98,16.0,3.72,6.72,Sweet
18.85,14.51,9.1,5.32,8.63,7.72,3.09,2.92,5.23,17.73,5.36,8.66,20.5,20.17,4.53,7.82,Fruity
8.06,6.88,14.72,13.78,16.29,10.18,3.49,6.72,0.45,1.72,12.94,9.48,1.3,15.62,8.03,7.81,Gasoline-like
21.49,1.85,12.46,2.4,5.93,8.64,3.14,10.8,5.2,17.12,5.95,5.76,24.11,19.52,7.26,9.62,Fruity
0.1,0.79,7.26,6.25,5.27,7.35,5.85,13.13,5.04,15.63,10.56,8.18,16.38,17.19,7.98,13.14,Chemical
20.17,2.97,12.44,10.75,4.7,0.1,2.34,9.1,2.79,7.64,4.22,10.76,1.26,9.37,8.11,16.07,Chemical
0.1,1.39,0.1,20.23,13.13,7.14,7.19,3.52,5.98,8.24,8.15,6.42,7.47,6.98,4.99,6.86,Gasoline-like
20.22,13.05,7.54,15.44,14.43,10.1,8.29,14.14,1.6,10.17,6.43,9.27,1.91,13.28,5.23,11.06,Gasoline-like
9.69,5.55,17.28,8.94,12.76,7.02,2.04,9.64,1.38,17.66,6.71,4.32,17.89,10.68,0.1,8.41,Fruity
25.92,9.96,27.4,4.06,6.93,6.27,7.83,13.56,4.28,2.79,11.86,5.75,8.3,1.25,5.85,10.82,Alcoholic
18.9,9.17,6.77,4.43,9.52,4.43,0.1,7.26,3.45,14.3,10.37,4.38,16.85,24.16,4.85,15.8,Fruity
1.26,6.25,13.26,15.69,3.83,4.6,8.02,17.82,3.94,9.35,6.69,2.06,14.02,8.78,9.95,14.15,Chemical
11.83,8.52,20.58,6.19,8.82,10.68,5.69,10.18,5.03,15.89,0.1,10.62,11.21,18.31,7.57,7.76,Fruity
14.94,8.11,7.51,6.86,6.33,0.1,6.21,16.86,4.93,0.99,6.53,9.96,4.83,12.11,9.31,13.53,Chemical
6.98,10.53,13.07,15.77,10.56,11.38,7.08,1.7,5.99,11.78,7.87,12.73,3.59,16.06,8.34,12.04,Gasoline-like
26.2,13.63,17.49,6.43,6.06,6.37,5.86,0.12,3.05,9.67,4.26,5.04,12.17,6.82,3.21,7.16,Alcoholic
10.79,8.59,9.64,6.68,8.5,5.71,5.85,10.74,6.11,6.1,12.71,12.41,15.48,13.27,5.75,9.73,Sweet
5.78,1.78,12.8,6.64,11.03,4.82,0.61,15.06,6.37,7.75,6.88,3.9,8.83,6.18,7.55,14.48,Chemical
18.53,3.34,22.26,10.39,8.31,7.97,5.8,12.22,1.44,16.23,0.3,1.49,11.58,13.38,9.15,15.01,Chemical
12.63,3.51,7.46,0.1,4.99,8.29,7.25,8.12,2.11,17.05,2.06,8.19,19.32,23.87,6.45,8.31,Fruity
13.24,10.25,17.2,14.96,6.36,6.37,3.59,11.27,2.49,3.85,9.47,6.99,5.15,0.1,2.05,12.43,Gasoline-like
22.29,12.46,21.58,19.99,3.08,8.14,4.72,7.24,5.07,9.83,8.4,10.43,12.07,11.67,9.55,14.11,Alcoholic
11.49,8.13,9.47,14.38,8.61,6.18,3.38,15.11,4.77,14.29,8.83,5.85,14.78,17.15,1.96,10.76,Fruity
20.62,8.19,13.31,15.22,6.97,4.33,1.02,12.8,3.27,5.28,5.75,6.93,0.1,1.06,5.09,12.78,Chemical
19.96,3.27,8.38,9.9,2.52,8.12,4.56,16.79,4.26,12.67,4.49,6.1,7.48,3.73,10.46,10.91,Chemical
13.31,10.04,6.23,14.66,3.64,2.79,6.43,16.06,3.14,6.78,3.82,4.98,13.61,8.82,8.97,14.19,Chemical
6.11,11.62,11.38,15.39,15.37,10.13,3.66,2.23,4.63,8.55,4.97,6.66,17.9,12.88,6.46,8.61,Gasoline-like
21.79,13.25,21.16,12.47,5.63,2.47,3.23,1.9,5.16,5.13,6.87,5.63,0.1,7.25,10.55,1.89,Alcoholic
7.55,2.19,11.77,11.63,8.24,2.66,9.37,11.58,5.59,9.51,10.0,3.0,13.32,7.17,12.72,11.65,Chemical
20.17,17.47,21.36,5.2,5.04,7.58,2.04,16.89,6.73,11.97,8.16,8.14,4.41,1.65,10.46,12.64,Chemical
20.27,13.32,19.41,7.23,10.98,2.46,2.94,5.81,2.39,9.35,4.49,0.1,9.73,7.49,7.5,9.83,Alcoholic
19.31,7.21,14.92,11.04,11.28,1.61,8.94,13.37,6.69,7.79,9.99,12.14,6.51,0.1,5.23,4.44,Sweet
0.1,10.8,15.34,16.59,13.37,6.4,4.36,1.29,7.65,17.49,12.7,12.7,11.28,7.84,8.26,0.1,Sweet
13.73,8.96,17.36,0.1,7.15,4.42,3.52,4.84,5.74,18.34,5.85,8.5,14.23,15.06,2.64,8.94,Fruity
9.51,0.1,1.11,7.21,0.1,5.66,2.73,16.28,3.84,17.13,8.31,0.28,10.09,21.18,8.87,13.45,Chemical
20.54,10.59,19.3,17.01,4.64,0.68,0.21,18.7,4.78,12.35,2.83,5.64,13.96,9.72,7.95,3.96,Alcoholic
24.65,9.49,19.54,6.99,8.63,3.26,0.96,6.17,1.78,5.78,6.97,4.31,4.77,5.22,3.34,9.19,Alcoholic
4.93,13.41,25.1,11.84,11.84,6.37,8.88,6.17,9.21,0.1,10.15,8.97,7.38,8.5,1.96,5.17,Sweet
25.74,14.26,23.49,5.5,5.41,5.0,2.52,10.18,3.2,0.44,10.28,6.65,0.1,1.23,2.44,6.58,Alcoholic
23.4,4.96,20.83,9.47,4.01,7.35,6.74,13.11,10.07,19.83,13.59,7.38,15.37,11.77,0.1,11.55,Sweet
9.84,9.72,4.93,13.43,9.4,2.03,3.84,13.0,11.17,11.75,13.18,11.5,10.72,13.73,6.41,8.54,Sweet
11.74,8.74,11.49,16.17,16.14,10.11,5.98,3.45,2.66,16.88,0.1,7.47,11.27,15.78,7.43,14.54,Gasoline-like
16.03,4.01,7.75,11.51,13.64,7.35,2.21,5.48,8.21,0.1,11.53,8.32,2.63,10.24,6.59,5.09,Sweet
22.61,13.37,23.41,7.36,8.29,6.69,7.22,3.06,1.34,13.36,9.38,5.47,10.36,9.58,2.82,11.33,Alcoholic
8.44,7.51,7.53,14.24,10.59,3.49,5.15,14.33,7.42,12.62,14.19,14.26,9.96,16.84,6.29,12.95,Sweet
13.96,0.63,13.94,9.86,2.0,3.68,4.24,7.11,7.21,4.66,8.86,6.97,9.61,15.42,4.59,8.58,Sweet
15.37,12.99,14.58,7.51,5.98,7.79,8.55,5.87,9.5,12.55,8.97,11.01,9.71,0.1,2.49,3.23,Sweet
26.47,15.59,11.92,7.21,4.12,5.07,0.1,2.48,5.52,10.88,6.72,5.99,8.86,14.16,6.87,11.46,Alcoholic
4.91,5.03,10.62,7.16,5.34,3.83,3.39,10.14,8.41,13.82,15.74,1.76,20.24,17.28,4.38,3.12,Fruity
16.7,12.05,20.99,8.93,2.35,1.8,3.89,8.53,5.86,10.45,5.47,8.31,3.19,0.54,3.67,7.07,Alcoholic
9.82,1.98,13.17,4.73,4.35,3.69,0.1,5.63,8.44,17.9,5.38,3.93,17.14,21.57,1.15,9.85,Fruity
15.57,5.92,16.33,10.05,4.95,2.25,6.56,11.91,8.71,3.13,14.03,12.01,5.75,11.92,8.24,13.25,Sweet
9.9,10.94,10.4,10.77,2.13,6.31,7.67,12.66,4.72,7.0,5.6,3.67,14.9,16.67,9.85,14.05,Chemical
19.96,11.3,22.8,8.58,6.8,6.37,5.36,3.68,3.53,13.06,6.15,10.83,22.06,11.9,8.33,8.43,Alcoholic
14.98,11.38,14.7,4.86,2.9,4.16,2.45,17.59,6.85,13.19,12.25,12.92,6.47,8.36,2.38,9.13,Sweet
17.52,11.68,26.73,4.77,4.45,5.54,5.93,1.51,6.64,19.48,0.1,3.7,0.1,12.75,9.38,6.2,Alcoholic
5.85,5.12,12.29,13.9,8.38,9.07,6.81,8.32,8.19,14.07,10.98,10.58,8.2,10.73,6.02,9.49,Sweet
21.35,4.89,14.62,5.09,13.36,3.67,4.21,12.97,5.95,16.5,12.14,5.1,3.76,19.7,13.71,13.24,Chemical
18.05,10.61,25.06,8.26,0.27,7.44,2.35,17.04,4.0,7.44,4.19,9.35,13.01,6.3,2.19,5.55,Alcoholic
16.81,14.25,8.71,16.57,13.41,8.08,0.54,2.35,0.1,13.24,10.54,6.91,15.85,5.42,12.91,7.03,Gasoline-like
5.6,4.27,9.86,10.88,10.36,6.05,9.38,15.95,4.12,7.81,4.19,2.08,7.07,12.9,11.1,12.02,Chemical
17.96,17.84,12.22,15.73,8.09,5.54,4.84,12.95,3.63,15.14,6.82,7.55,23.85,13.41,6.16,0.1,Fruity
25.24,12.25,18.97,1.69,1.46,2.13,5.21,8.78,4.62,9.54,8.18,8.7,10.25,5.85,5.96,13.49,Alcoholic
14.96,13.79,10.01,9.95,3.91,6.48,6.64,6.96,8.55,0.78,16.16,13.47,5.97,7.9,9.89,16.48,Sweet
28.34,11.37,16.58,6.3,5.64,2.85,3.87,3.56,3.94,11.17,0.25,0.1,14.44,2.99,1.69,2.53,Alcoholic
8.34,11.12,9.24,4.06,1.99,8.35,6.77,2.66,5.7,16.32,6.31,6.3,14.88,20.86,2.85,12.4,Fruity
0.1,7.12,4.85,14.86,14.69,10.56,10.85,10.23,3.2,10.56,5.33,4.07,1.58,19.31,8.7,1.62,Gasoline-like
11.18,11.34,14.34,11.85,6.95,7.27,6.0,8.0,5.35,5.42,6.78,8.46,18.73,17.63,5.84,15.78,Alcoholic
23.38,11.89,18.2,11.17,7.33,6.46,6.12,4.48,6.55,10.2,0.88,9.0,11.4,8.15,6.08,9.73,Alcoholic
9.8,6.8,5.53,20.84,6.04,5.33,8.41,9.57,8.49,17.1,15.9,8.81,7.37,15.17,1.41,8.12,Sweet
5.97,10.67,18.77,20.89,10.98,9.43,5.35,9.0,0.1,3.87,7.37,6.69,15.08,18.63,6.15,11.23,Gasoline-like
22.75,13.24,19.7,10.9,7.48,4.68,8.18,4.32,10.21,10.46,0.1,4.04,6.55,10.51,1.66,5.93,Alcoholic
15.23,3.32,0.1,10.99,0.76,3.39,0.97,0.1,6.39,17.84,6.51,0.1,15.47,21.04,0.34,6.48,Fruity
8.0,6.45,3.13,0.1,6.17,5.15,10.12,7.01,6.97,15.25,9.47,9.57,10.86,21.12,10.06,6.84,Fruity
14.82,6.32,10.34,16.66,11.74,8.2,2.93,16.05,9.39,9.59,5.98,7.18,16.55,8.22,7.67,6.67,Gasoline-like
5.95,6.85,5.17,0.75,8.36,7.57,6.69,13.19,4.06,14.34,8.28,3.34,14.44,16.46,9.62,9.23,Fruity
22.18,12.43,21.31,7.42,6.44,3.37,5.63,9.48,3.44,4.06,0.1,8.53,5.23,14.93,9.11,3.78,Alcoholic
13.75,9.12,10.85,7.62,9.46,1.17,5.98,10.38,5.74,15.98,4.15,3.46,10.59,22.48,6.54,12.1,Fruity
15.15,1.5,13.55,15.35,7.8,11.87,1.28,8.57,4.27,3.21,4.64,6.27,10.53,9.01,3.99,12.69,Gasoline-like
21.42,9.9,14.12,14.72,10.31,3.56,6.85,15.78,8.14,6.98,9.3,8.47,13.87,16.49,10.89,13.51,Chemical
26.68,6.97,3.06,7.41,5.03,2.64,0.1,8.29,9.15,3.04,10.75,10.37,19.32,6.96,4.66,4.37,Sweet
13.59,6.75,7.92,18.88,12.56,6.88,4.47,5.11,2.25,10.35,3.46,3.45,16.32,10.79,8.49,13.12,Gasoline-like
13.43,9.53,18.4,13.16,12.71,8.57,2.89,15.28,3.23,14.61,3.07,3.27,13.99,16.92,7.89,12.62,Gasoline-like
14.64,4.64,2.01,10.35,5.84,3.7,8.83,11.95,1.83,10.99,8.25,3.76,18.97,19.86,4.76,3.26,Fruity
20.4,12.4,21.93,8.66,7.56,5.39,8.07,9.61,2.3,7.65,6.48,6.21,4.73,10.79,2.48,9.77,Alcoholic
6.97,9.23,14.6,12.95,6.91,4.95,5.99,6.28,6.45,12.2,13.16,9.44,7.59,10.45,7.39,5.29,Sweet
9.21,5.85,20.78,6.75,6.1,4.91,5.52,17.46,4.91,10.09,10.05,4.74,7.38,6.08,7.77,12.38,Chemical
5.8,1.48,18.83,8.1,12.05,6.09,3.62,5.54,2.03,12.73,11.75,9.86,18.14,13.9,3.36,4.62,Fruity
8.96,6.2,12.55,12.76,10.05,6.28,7.66,15.39,8.11,10.4,6.36,7.83,6.26,8.15,5.19,9.69,Gasoline-like
6.75,4.77,9.79,17.66,15.12,11.01,2.75,9.37,4.33,3.19,4.25,9.28,8.46,13.16,4.96,3.82,Gasoline-like
18.99,6.81,16.16,11.49,9.33,3.32,4.22,18.43,5.02,1.87,10.45,8.64,16.68,13.32,9.44,10.39,Chemical
20.58,10.4,25.15,6.44,3.41,3.48,0.1,5.5,2.36,13.52,8.56,9.25,12.4,4.63,1.67,11.97,Alcoholic
12.73,6.25,3.08,13.51,4.71,4.47,3.38,10.57,2.48,13.71,7.93,2.81,18.73,22.03,4.36,2.85,Fruity
20.04,6.5,12.06,2.58,12.56,3.73,9.4,1.49,7.53,0.1,14.34,12.54,8.63,9.71,5.68,4.95,Sweet
28.41,11.03,16.95,9.97,9.34,2.61,5.77,11.69,3.8,12.45,6.75,8.85,11.46,10.67,6.06,5.46,Alcoholic
5.8,12.75,3.86,10.1,4.15,8.33,1.52,12.94,8.23,7.5,15.12,9.83,14.0,11.13,5.48,5.12,Sweet
21.16,11.61,18.82,9.97,10.58,5.97,0.55,11.53,4.26,5.85,14.78,0.13,1.29,9.3,8.63,2.0,Alcoholic
9.81,8.25,16.23,9.79,3.7,7.49,5.4,2.6,8.37,6.34,10.77,10.13,11.17,1.52,8.25,3.25,Sweet
13.99,7.47,7.16,13.86,5.35,5.22,4.47,17.54,4.45,4.26,11.79,6.49,7.99,19.36,13.44,14.43,Chemical
9.27,12.98,10.02,7.38,5.65,5.4,6.44,7.51,4.82,17.43,10.24,1.61,19.03,23.04,3.12,2.61,Fruity
15.29,10.64,6.79,9.82,6.26,5.43,4.66,8.18,10.92,15.58,8.61,5.93,19.39,22.89,7.7,15.09,Fruity
20.45,3.97,18.12,12.44,3.92,5.61,6.83,18.65,3.06,3.62,6.8,9.93,2.64,0.1,11.63,14.22,Chemical
21.66,13.92,23.48,2.58,12.47,1.09,7.97,4.2,5.59,11.47,9.13,9.28,9.1,12.57,7.97,1.24,Alcoholic
11.58,12.08,4.26,13.63,8.99,1.77,1.62,11.08,5.31,9.13,4.07,4.03,19.63,3.34,10.12,14.08,Chemical
23.49,14.37,15.22,19.52,6.99,3.82,3.2,1.99,3.53,18.56,2.09,4.36,4.12,2.15,4.36,9.76,Alcoholic
7.09,2.52,14.04,16.93,2.07,3.36,4.21,15.76,5.94,10.16,3.57,3.7,8.17,13.68,13.22,10.82,Chemical
21.21,3.92,13.7,17.1,13.79,5.16,7.11,13.94,8.51,0.1,13.03,12.03,11.37,3.94,3.78,12.31,Sweet
12.49,0.1,9.36,8.69,9.45,4.91,1.72,14.17,5.29,15.88,4.39,1.8,14.66,19.88,6.93,11.41,Fruity
13.3,3.2,13.04,10.39,2.7,6.51,1.43,10.25,6.82,5.39,17.03,10.05,10.91,13.97,9.01,7.16,Sweet
5.77,3.36,10.36,6.45,0.56,5.51,3.47,14.72,3.77,6.05,4.95,7.48,5.83,13.22,9.83,13.59,Chemical
13.7,11.39,16.59,11.09,12.16,4.45,2.12,0.57,6.62,8.67,12.59,11.81,11.33,6.16,4.61,5.49,Sweet
24.19,14.44,22.75,8.47,16.48,9.07,5.63,4.98,3.94,9.34,9.1,4.41,6.52,11.29,7.58,3.03,Alcoholic
12.18,10.54,0.1,8.17,2.57,7.11,3.35,12.48,5.71,8.76,6.35,8.54,7.21,13.19,9.22,12.94,Chemical
20.95,6.66,15.05,11.76,8.5,4.51,5.17,10.88,0.5,20.1,8.42,8.14,15.38,15.23,2.7,6.61,Fruity
6.16,1.09,7.46,18.95,10.17,10.47,1.39,9.43,5.1,7.35,8.72,1.12,10.98,10.79,4.48,9.82,Gasoline-like
17.75,10.14,6.24,8.66,8.71,4.67,8.36,7.53,0.95,12.17,3.21,9.24,20.55,25.97,8.99,10.03,Fruity
15.62,3.95,6.91,12.99,9.74,3.08,4.92,14.05,5.2,3.05,4.89,6.6,15.16,7.05,11.89,9.75,Chemical
19.04,9.97,17.6,8.75,8.35,6.98,5.04,7.43,7.59,15.48,5.9,10.05,8.88,12.42,3.59,7.28,Alcoholic
0.1,0.6,17.85,10.88,9.81,4.1,6.81,6.7,6.45,18.47,12.59,13.19,17.79,20.64,0.23,7.13,Fruity
20.09,10.02,18.94,12.76,8.57,1.47,2.4,15.21,13.08,13.77,5.8,9.28,8.64,14.53,11.73,13.51,Chemical
6.42,7.01,23.29,9.45,11.31,4.14,2.46,6.86,7.62,10.54,11.9,11.9,2.51,10.71,4.38,8.59,Sweet
29.67,13.47,11.04,17.66,13.07,8.36,4.01,13.31,2.11,16.58,3.88,2.06,13.76,11.64,6.39,11.39,Gasoline-like
15.97,11.78,21.6,11.2,7.51,0.95,3.17,0.91,6.41,6.28,5.27,2.32,11.23,16.48,0.1,7.11,Alcoholic
0.1,6.48,7.33,8.08,9.0,6.95,2.82,0.1,2.18,14.16,6.24,2.66,15.16,18.41,5.01,9.81,Fruity
0.19,4.29,9.22,11.41,3.69,2.6,1.64,16.24,2.29,8.96,7.17,9.5,16.95,15.54,9.93,16.64,Chemical
24.96,13.09,19.99,11.29,10.13,4.54,1.38,8.66,0.1,11.1,12.9,0.78,8.0,13.63,7.25,10.45,Alcoholic
12.75,1.08,2.65,12.1,4.66,7.15,1.64,18.12,4.11,9.77,6.41,0.1,13.08,20.96,10.62,14.01,Chemical
19.36,0.73,20.68,8.82,5.56,2.63,5.61,9.33,7.8,11.85,13.22,10.97,9.37,10.7,5.33,10.24,Sweet
2.99,4.3,10.85,16.27,9.04,6.46,1.51,13.52,7.5,4.59,10.77,12.25,10.58,0.1,4.07,1.14,Sweet
24.44,11.43,16.54,13.35,8.87,2.54,4.69,16.22,4.09,8.85,11.99,5.15,1.41,12.72,5.63,4.67,Alcoholic
23.43,16.04,20.69,16.62,10.66,7.94,0.1,10.08,3.11,4.9,3.44,7.29,7.47,1.6,2.76,7.58,Alcoholic
11.29,4.96,16.36,14.07,9.55,7.82,6.22,13.8,3.91,8.18,5.73,9.56,6.89,14.94,3.94,10.14,Gasoline-like
19.12,11.8,18.96,14.59,13.29,10.38,6.11,9.93,5.43,13.34,0.65,4.7,14.61,18.55,2.01,8.75,Gasoline-like
2.95,8.97,16.82,11.88,10.07,1.45,1.77,1.39,4.76,17.04,11.81,4.48,16.14,20.23,4.48,13.38,Fruity
13.44,0.88,19.03,4.02,4.75,6.82,5.35,7.91,6.8,8.81,10.96,11.89,1.37,14.8,4.86,9.0,Sweet
24.27,6.48,9.47,6.77,11.33,3.94,3.52,7.26,6.05,7.69,11.75,5.97,7.7,16.37,11.96,11.21,Sweet
9.93,14.46,14.48,15.91,3.7,3.18,0.62,3.44,4.48,15.8,11.66,7.84,16.04,26.98,6.47,13.26,Fruity
23.1,8.55,11.2,0.1,4.11,6.12,6.18,9.35,4.56,20.21,7.71,7.51,17.64,27.81,1.08,8.29,Fruity
17.01,5.53,4.9,11.22,7.02,6.72,10.43,18.19,3.82,0.99,0.85,10.7,9.55,7.57,8.1,14.61,Chemical
10.65,4.0,6.71,11.37,3.88,11.24,4.52,1.32,3.11,14.02,1.03,11.98,19.13,21.52,4.76,0.82,Fruity
9.79,1.56,6.99,9.99,14.97,3.88,6.18,10.86,7.79,8.32,14.48,13.03,11.63,5.92,7.27,0.1,Sweet
4.18,3.01,5.79,13.13,6.83,2.42,8.77,7.11,8.59,6.31,12.91,11.0,1.04,20.25,2.28,8.81,Sweet
19.12,11.7,23.26,7.77,9.95,7.49,4.94,14.55,5.41,15.16,11.51,3.99,14.32,9.79,1.54,8.34,Alcoholic
14.32,6.04,11.95,11.8,9.23,8.87,6.87,4.61,0.52,7.61,2.28,2.27,21.51,19.63,1.41,2.09,Gasoline-like
23.52,0.1,8.93,18.26,16.02,7.84,7.79,5.36,2.56,10.56,3.1,3.47,1.11,16.69,4.31,3.42,Gasoline-like
17.71,8.29,10.29,3.29,10.58,0.23,4.99,14.63,1.0,12.14,4.85,6.34,20.49,14.85,11.76,16.79,Chemical
29.77,1.68,3.25,13.64,10.11,11.44,0.1,11.85,0.16,6.87,9.34,9.96,10.17,7.54,0.1,14.07,Gasoline-like
19.32,8.79,8.82,15.82,12.0,10.91,5.21,10.21,1.75,6.08,14.66,0.86,3.9,17.27,5.29,3.8,Gasoline-like
13.44,2.24,11.97,2.32,4.73,6.31,0.48,12.52,9.02,13.59,12.64,8.91,4.35,6.94,3.56,6.81,Sweet
7.47,7.38,13.21,11.2,6.11,4.99,3.33,15.18,7.77,9.64,15.77,14.51,13.9,11.09,5.25,7.93,Sweet
19.98,14.93,15.65,2.03,6.61,3.28,2.88,10.42,3.04,6.2,6.09,2.18,1.81,9.18,0.97,5.21,Alcoholic
2.75,8.12,9.0,14.52,9.81,10.65,6.63,8.67,6.6,11.7,7.24,10.94,6.56,7.17,4.65,6.05,Gasoline-like
23.11,13.68,20.31,5.94,12.02,8.61,3.03,11.02,7.86,10.33,0.49,5.41,10.62,14.3,7.09,13.82,Alcoholic
0.1,9.04,3.51,15.21,7.37,5.66,3.58,15.27,3.9,13.84,7.32,15.89,9.36,11.55,9.81,13.32,Chemical
17.14,7.5,8.73,16.49,9.0,3.52,8.0,14.5,9.37,11.14,13.41,10.43,17.94,15.24,4.1,10.87,Sweet
18.48,9.44,9.7,4.87,8.3,6.75,5.71,9.93,9.02,12.03,14.08,9.98,9.75,0.2,6.77,11.76,Sweet
0.1,2.69,15.57,15.66,8.39,8.08,6.39,6.71,7.69,11.33,10.72,7.71,9.04,20.97,9.61,8.58,Gasoline-like
17.62,11.18,22.01,12.7,3.89,1.64,7.15,8.4,7.11,12.52,10.28,6.1,7.84,21.87,11.75,10.73,Alcoholic
11.76,13.42,12.43,8.97,11.44,6.06,3.52,18.51,4.8,9.83,0.64,5.87,6.8,10.75,10.38,13.49,Chemical
30.02,12.03,20.54,0.1,3.66,8.22,9.01,3.09,6.22,11.17,8.5,0.1,12.51,17.15,4.17,4.9,Alcoholic
22.53,3.35,17.6,4.43,1.62,5.61,10.75,16.29,4.38,5.29,11.9,5.6,3.83,8.12,10.45,14.67,Chemical
8.1,13.73,24.15,9.8,6.73,5.44,4.79,9.13,2.62,16.61,10.33,9.43,18.1,18.8,6.99,9.29,Fruity
11.21,4.93,17.05,8.14,6.9,4.06,2.52,4.07,8.43,6.16,10.04,8.51,9.94,1.01,3.21,6.75,Sweet
17.51,5.29,10.67,10.97,6.31,2.38,6.0,15.28,11.12,15.33,15.15,10.92,23.03,14.19,6.62,10.44,Sweet
14.89,10.51,10.06,12.59,7.55,10.35,4.22,7.69,6.72,16.68,13.8,13.53,10.54,13.14,3.04,12.5,Sweet
8.55,6.12,19.76,8.34,5.02,4.05,3.85,5.01,7.92,8.5,10.9,8.41,9.11,17.5,8.92,10.52,Sweet
8.7,9.78,4.13,9.16,8.47,5.85,2.04,14.1,0.1,14.76,9.36,6.79,0.1,14.28,9.32,14.89,Chemical
14.57,9.73,2.79,5.13,13.61,2.97,6.2,11.36,8.34,10.61,14.03,12.81,9.56,12.3,5.16,10.94,Sweet
5.56,9.08,9.34,20.09,4.15,6.89,4.97,11.58,4.86,15.43,8.61,4.27,19.89,27.19,2.82,4.09,Fruity
20.19,8.27,6.24,17.57,14.21,9.52,7.47,10.26,2.83,13.46,9.24,10.24,14.34,7.86,6.06,12.92,Gasoline-like
18.26,14.9,16.19,9.8,6.91,5.71,7.68,1.4,6.5,9.09,16.8,1.55,8.53,12.74,3.78,4.14,Alcoholic
18.27,1.31,15.8,1.97,7.9,7.11,3.79,12.35,1.87,13.17,4.62,3.0,9.65,5.03,12.54,11.16,Chemical
20.02,17.77,18.93,12.65,5.55,7.86,8.03,11.47,5.85,2.74,4.82,8.18,18.02,10.26,10.25,6.84,Alcoholic
10.01,3.89,0.1,11.02,6.27,6.92,2.42,10.81,9.56,11.18,10.33,9.4,10.46,17.11,1.98,5.71,Sweet
15.87,11.87,13.08,11.46,4.78,5.91,4.06,1.21,4.36,18.45,9.97,2.83,13.75,21.39,7.1,5.36,Fruity
0.1,4.38,18.66,14.06,16.46,10.06,4.71,7.34,7.45,11.4,8.4,6.05,0.83,17.43,4.5,2.76,Gasoline-like
25.39,12.63,15.61,9.68,4.02,3.35,0.27,11.89,4.06,1.85,2.92,10.7,3.32,9.35,6.21,10.88,Alcoholic
17.29,14.07,24.18,4.19,6.97,7.97,3.85,10.89,4.23,12.77,8.04,5.18,13.72,3.66,4.76,7.33,Alcoholic
4.31,11.65,10.44,12.94,6.48,8.83,6.58,15.28,6.35,15.52,13.13,7.3,18.75,15.4,3.26,10.11,Fruity
6.67,5.53,16.68,9.94,8.83,3.57,1.42,5.18,3.22,14.25,9.14,8.8,12.42,19.66,2.74,6.7,Fruity
10.08,8.6,7.67,13.23,3.95,3.85,8.62,13.4,1.64,10.19,3.72,13.78,12.14,5.34,9.26,8.88,Chemical
16.26,5.64,21.04,13.18,5.55,3.63,6.09,13.36,5.31,13.01,3.01,4.68,20.69,21.17,4.64,11.4,Fruity
7.91,7.25,18.46,12.29,6.88,6.32,2.83,7.5,1.1,13.55,18.45,10.95,13.12,15.25,5.62,7.8,Fruity
7.66,13.9,5.31,9.64,6.6,4.92,8.57,15.53,2.7,7.56,4.02,6.76,15.08,11.93,12.21,15.93,Chemical
8.54,7.34,13.67,0.68,8.13,8.7,5.48,9.47,3.05,15.71,3.33,9.49,17.17,22.05,9.64,11.55,Fruity
25.41,11.06,15.4,16.75,4.41,12.15,4.46,14.86,2.38,11.08,10.15,7.15,11.72,10.53,0.8,8.87,Alcoholic
21.73,3.02,16.32,9.47,0.1,8.09,7.49,5.15,6.0,18.86,8.81,3.38,14.23,19.59,5.85,4.64,Fruity
18.54,14.91,10.82,6.05,11.82,2.85,1.63,10.13,9.97,7.31,13.37,9.82,10.64,14.32,6.84,9.18,Sweet
14.93,9.11,27.01,17.31,7.45,3.4,6.91,8.17,4.75,8.64,0.34,1.2,9.06,11.84,3.01,8.42,Alcoholic
10.03,4.4,16.81,13.56,6.34,1.19,1.64,6.27,6.27,17.86,5.93,5.66,17.32,22.04,7.56,9.29,Fruity
21.49,13.64,23.68,4.66,5.2,0.85,3.64,4.28,5.46,11.88,4.24,5.74,20.48,16.39,2.26,9.55,Alcoholic
15.76,11.57,0.55,15.11,15.2,10.5,7.18,8.01,4.03,8.55,6.57,9.66,8.93,9.94,4.73,13.75,Gasoline-like
15.65,9.35,0.1,15.26,6.79,3.75,8.49,16.45,4.5,12.01,7.91,7.38,5.64,10.65,11.05,16.24,Chemical
10.15,5.94,13.01,3.1,8.41,8.14,6.07,16.1,7.7,4.26,7.68,9.8,14.3,11.98,14.09,14.11,Chemical
19.75,13.88,17.88,11.22,3.76,5.78,2.31,1.53,6.91,10.33,5.18,4.07,11.58,0.1,2.96,13.71,Alcoholic
7.57,13.62,7.56,0.45,4.3,3.27,0.1,9.72,4.77,17.67,14.72,10.6,16.29,15.98,11.24,6.03,Fruity
7.88,11.31,9.13,2.0,5.95,7.58,4.88,12.75,6.53,9.34,12.54,15.15,4.0,11.75,5.59,15.38,Sweet
7.1,2.95,10.49,10.12,7.27,4.99,3.66,3.0,6.29,16.82,7.08,7.64,13.77,23.53,7.14,4.6,Fruity
12.5,7.57,14.23,11.72,0.1,6.18,8.27,8.48,6.19,11.12,3.0,8.51,18.27,23.83,6.33,7.29,Fruity
17.51,7.8,16.6,14.2,7.88,7.77,3.12,4.85,4.84,18.08,7.47,7.1,12.63,18.51,9.11,11.13,Fruity
12.82,0.1,5.8,6.7,9.84,0.1,6.74,15.78,1.44,5.43,12.4,1.57,8.87,22.97,10.64,12.98,Chemical
10.31,10.18,15.77,4.37,4.3,7.23,6.85,9.96,6.39,13.59,10.71,7.6,13.14,16.08,1.51,8.27,Fruity
19.41,4.83,1.11,14.66,8.23,7.86,1.23,10.27,6.41,4.28,11.39,9.5,0.1,10.24,3.31,10.43,Gasoline-like
22.84,8.45,19.45,8.06,9.25,5.63,5.07,9.5,5.28,11.58,11.6,5.33,5.1,4.93,5.83,14.21,Alcoholic
14.1,12.16,7.01,7.77,11.81,4.03,7.14,15.98,3.86,2.91,12.05,0.1,4.27,5.81,11.91,16.75,Chemical
22.41,6.93,11.92,8.39,6.35,0.1,6.44,6.57,1.87,17.82,4.8,3.71,21.36,14.96,0.2,10.03,Fruity
11.42,9.52,17.89,5.46,2.72,5.08,5.85,4.02,6.02,6.28,14.74,14.86,8.71,18.82,5.27,8.35,Sweet
22.2,0.98,15.35,13.37,9.69,7.82,3.22,15.63,7.72,4.84,4.54,9.04,7.58,9.8,6.1,11.69,Gasoline-like
18.4,12.4,14.47,6.11,9.1,3.7,2.36,11.89,2.16,10.23,6.17,5.97,12.97,14.83,10.86,12.35,Alcoholic
14.91,7.7,11.93,13.54,5.97,1.13,2.0,14.14,5.72,5.55,15.21,5.88,2.89,0.1,10.49,15.88,Chemical
7.58,7.23,11.03,7.68,7.2,2.5,7.06,14.98,4.79,10.22,12.23,5.89,1.52,3.31,9.68,14.7,Chemical
21.28,12.18,23.41,12.0,11.56,3.18,6.11,7.75,5.77,15.92,11.18,3.45,10.86,13.07,12.5,4.62,Alcoholic
18.63,16.12,14.75,13.88,1.86,4.19,7.03,9.69,2.23,4.58,8.8,8.81,17.08,6.05,2.39,9.62,Alcoholic
15.21,7.45,9.75,17.59,6.09,3.85,3.39,20.41,3.52,13.51,4.61,8.02,11.52,4.1,8.53,15.69,Chemical
22.45,15.38,12.89,9.97,4.48,1.32,2.89,6.45,3.73,14.29,7.74,6.36,9.92,12.63,5.6,5.97,Alcoholic
9.03,5.11,9.84,14.04,9.51,3.47,7.22,14.74,4.43,7.15,12.0,7.84,16.79,0.38,7.66,13.02,Chemical
15.5,4.57,11.97,6.08,3.17,3.72,3.93,13.55,9.79,3.16,16.33,10.16,4.99,10.98,0.1,4.29,Sweet
30.36,12.89,18.04,14.35,1.35,3.44,3.76,16.51,4.72,0.25,12.56,3.8,2.96,11.48,8.12,10.51,Alcoholic
19.56,2.62,11.75,17.31,10.21,8.56,4.6,10.33,2.79,7.89,9.92,11.01,9.82,9.45,12.39,3.3,Gasoline-like
19.6,6.67,20.08,6.79,4.53,6.11,6.99,3.67,6.48,19.52,3.32,5.86,18.52,20.6,2.84,6.62,Fruity
14.66,14.34,4.64,16.85,11.62,10.35,7.32,14.66,3.11,12.06,6.61,8.67,14.14,13.24,4.91,6.56,Gasoline-like
16.24,9.03,19.29,17.91,12.41,9.18,4.26,2.57,4.19,12.18,5.92,3.38,0.1,8.74,1.79,10.2,Gasoline-like
10.08,5.06,10.23,5.61,5.53,4.91,4.73,15.08,3.41,14.66,3.71,9.87,1.43,20.77,10.43,12.36,Chemical
6.4,11.43,17.84,14.52,11.84,9.39,4.64,4.78,2.09,7.57,12.41,4.61,9.47,0.69,7.65,8.3,Gasoline-like
12.8,7.77,0.1,11.81,10.88,11.21,4.91,3.66,2.97,11.41,3.35,1.52,15.39,19.01,5.09,10.82,Gasoline-like
23.3,11.38,20.25,6.89,4.61,9.55,4.55,10.22,1.68,13.71,8.47,8.34,11.41,11.82,0.1,0.68,Alcoholic
10.96,3.08,15.88,10.56,1.6,4.86,8.27,5.13,6.89,16.92,6.08,7.14,18.71,19.98,5.77,5.72,Fruity
19.27,14.41,21.59,12.93,2.97,6.09,9.86,7.8,5.18,9.68,0.63,6.41,8.71,11.78,1.94,11.56,Alcoholic
8.51,4.74,10.19,12.87,5.02,3.79,7.09,17.59,6.92,9.71,12.65,7.71,11.55,14.31,9.29,14.49,Chemical
16.35,4.95,13.02,18.62,9.67,9.88,5.92,5.86,2.57,8.86,4.49,3.03,9.96,13.37,1.17,9.05,Gasoline-like
14.42,6.24,18.07,2.2,11.49,6.1,6.45,7.88,0.1,9.29,10.18,5.69,14.04,18.31,11.23,13.82,Chemical
14.87,11.45,6.43,3.54,9.22,0.1,2.74,13.92,7.27,9.68,2.76,2.67,8.24,12.01,8.18,14.63,Chemical
13.31,1.62,17.59,5.45,8.09,6.81,8.56,1.19,0.1,16.28,11.54,10.93,17.69,18.06,8.89,2.29,Fruity
23.91,14.01,21.5,8.59,3.7,6.67,3.67,13.53,4.24,5.39,9.68,3.3,10.88,13.19,6.08,5.38,Alcoholic
11.07,7.21,19.85,5.76,8.47,2.91,3.87,8.36,6.33,18.66,2.82,3.14,22.62,19.21,7.26,8.81,Fruity
15.18,7.49,0.47,11.46,9.37,11.57,4.09,9.6,4.61,6.01,11.26,3.72,9.24,0.1,4.58,2.95,Gasoline-like
2.68,10.22,13.21,5.47,6.49,10.65,4.64,7.09,7.97,13.72,13.84,12.59,12.77,15.96,5.97,9.66,Sweet
24.93,12.81,21.91,4.07,11.25,4.21,3.34,7.55,3.58,11.86,2.54,7.01,6.58,0.1,9.22,2.71,Alcoholic
15.46,8.83,14.0,14.33,1.95,5.97,0.1,11.41,2.91,15.03,7.2,5.52,15.46,17.71,10.58,6.85,Fruity
26.45,12.91,17.03,9.33,6.15,6.26,8.49,9.34,3.19,18.0,8.41,8.99,20.3,15.72,1.38,12.07,Alcoholic
14.42,5.67,7.75,12.96,9.91,7.91,2.46,6.25,1.85,15.16,7.62,6.53,17.21,21.83,8.61,16.85,Fruity
3.1,5.59,12.66,14.8,10.01,11.17,6.1,7.3,4.33,15.06,8.58,3.52,24.0,22.61,2.19,6.48,Fruity
8.51,10.31,14.43,6.87,5.46,0.1,4.02,7.48,5.47,14.85,7.77,2.91,16.91,23.72,5.24,8.83,Fruity
18.06,5.9,19.22,16.06,13.53,12.49,5.01,8.8,1.83,8.44,6.77,12.52,10.07,11.11,3.5,8.51,Gasoline-like
21.62,9.3,19.79,0.1,10.25,8.01,7.28,6.5,1.53,7.15,13.64,8.89,11.94,5.74,10.4,3.3,Alcoholic
13.33,10.28,27.55,9.48,10.35,0.1,3.31,1.0,4.83,20.71,7.0,9.65,6.16,20.32,12.29,8.66,Alcoholic
13.86,6.46,7.96,3.86,6.72,7.17,6.8,10.9,5.96,9.22,2.47,6.83,12.19,25.52,10.92,12.88,Chemical
12.01,4.25,9.32,6.98,9.59,9.15,4.13,8.21,0.1,14.2,8.36,4.65,14.33,17.46,5.11,5.14,Fruity
17.39,7.88,19.29,10.39,4.16,5.54,2.21,14.74,4.19,10.56,3.35,3.23,5.27,7.28,9.34,16.95,Chemical
14.87,6.32,17.25,15.92,7.62,5.87,3.85,18.23,4.63,15.68,5.27,1.4,5.03,6.73,7.26,14.07,Chemical
20.98,8.86,7.11,14.97,9.94,4.45,2.6,5.24,8.43,18.88,4.7,3.89,20.8,15.88,8.09,6.82,Fruity
17.7,7.25,10.79,9.3,6.29,2.98,8.01,7.03,8.44,15.04,14.49,7.92,14.85,13.29,5.52,6.01,Sweet
16.56,9.62,23.17,5.98,4.84,4.63,6.66,8.74,4.86,3.18,11.58,6.66,14.15,2.17,11.38,13.68,Alcoholic
17.03,16.33,24.65,6.56,3.8,4.89,3.26,6.19,6.01,15.05,9.14,4.84,8.9,7.49,3.95,1.55,Alcoholic
24.98,4.49,15.62,18.71,6.82,6.02,7.44,5.19,5.62,5.26,12.87,11.09,13.77,8.17,6.33,14.51,Sweet
15.67,2.47,1.83,6.05,9.29,6.96,3.93,13.02,4.37,11.39,12.14,8.97,11.73,16.53,11.7,8.31,Chemical
16.69,9.64,4.59,5.26,10.3,9.87,3.4,15.56,5.07,7.76,4.6,2.83,16.36,13.65,10.75,14.33,Chemical
9.39,2.95,18.94,18.56,13.38,11.86,4.58,6.76,6.86,15.72,7.77,4.79,15.79,13.65,5.41,9.49,Gasoline-like
15.11,5.65,9.46,6.91,11.79,4.7,5.72,5.67,6.82,8.92,12.76,8.74,14.82,16.96,9.66,8.47,Sweet
20.38,7.74,14.76,17.47,10.6,5.25,6.27,9.82,3.56,18.45,7.52,6.26,19.69,20.03,4.03,7.33,Fruity
17.65,14.12,26.38,4.35,7.36,5.24,5.46,0.1,7.19,10.05,8.54,7.13,9.56,0.94,5.69,12.12,Alcoholic
12.28,1.92,16.05,5.97,8.79,4.36,4.25,11.05,3.04,13.14,5.27,2.44,14.48,20.07,2.67,2.17,Fruity
0.1,10.02,14.29,14.78,11.03,9.83,2.82,17.73,3.17,8.73,5.91,6.53,8.81,16.77,11.34,11.78,Chemical
12.79,10.46,15.04,14.34,4.09,3.46,0.1,5.34,7.72,12.74,7.81,4.53,17.38,22.11,4.95,6.44,Fruity
15.32,10.47,24.42,9.01,4.43,5.24,6.75,0.1,0.91,16.02,3.94,7.33,19.84,17.85,1.69,13.22,Fruity
10.45,4.77,8.89,5.31,5.92,9.54,2.63,0.1,5.79,10.4,9.2,11.58,13.01,10.38,11.28,2.3,Sweet
17.61,8.95,22.35,7.52,10.01,0.68,4.35,1.1,4.29,9.49,6.59,1.52,7.99,14.38,0.1,4.95,Alcoholic
8.36,0.74,16.63,9.29,6.95,4.52,5.41,6.28,7.54,11.14,12.92,11.67,11.67,17.03,4.53,8.55,Sweet
21.98,5.49,15.15,8.44,0.86,5.72,6.43,20.22,2.73,17.67,7.08,9.6,12.77,15.45,4.63,9.34,Fruity
26.35,4.15,9.17,9.59,9.65,8.32,4.94,11.22,0.83,7.97,8.78,7.96,12.15,18.23,13.38,16.35,Chemical
7.89,7.76,0.1,16.34,10.86,10.2,1.57,9.1,6.39,11.19,9.68,0.1,9.34,8.22,4.12,5.5,Gasoline-like
5.68,6.35,10.26,8.06,7.09,1.27,5.98,6.2,5.73,12.97,14.28,12.01,9.53,14.31,1.91,4.03,Sweet
24.52,10.18,25.22,0.1,12.08,7.48,4.17,13.37,1.17,11.0,6.25,8.0,3.49,10.54,7.06,3.19,Alcoholic
20.56,9.48,16.6,12.61,1.58,6.39,8.09,8.55,1.36,12.13,4.31,9.73,17.77,12.28,4.31,7.51,Alcoholic
19.52,0.1,6.06,8.44,9.19,2.75,8.62,11.68,6.52,14.7,17.71,10.33,5.41,3.44,9.26,3.18,Sweet
15.67,8.42,14.75,15.55,11.98,6.53,4.96,3.64,10.16,9.62,9.9,6.56,10.98,10.75,10.38,3.09,Gasoline-like
10.89,13.71,4.48,11.97,7.82,3.82,3.42,16.72,1.07,13.42,5.67,0.1,9.05,13.75,8.57,13.95,Chemical
2.97,5.69,10.19,17.58,10.37,10.16,8.17,9.28,3.22,4.89,8.4,11.84,1.53,14.74,8.69,0.76,Gasoline-like
20.37,11.82,20.5,11.65,2.78,9.18,0.1,9.03,5.13,8.77,2.14,4.95,6.8,16.3,2.33,6.74,Alcoholic
8.62,6.86,14.52,10.38,9.08,5.88,1.09,20.1,3.88,7.58,10.93,8.82,19.6,11.23,12.14,14.04,Chemical
13.42,5.94,3.4,9.6,13.57,7.7,4.28,8.66,6.31,18.28,8.66,2.81,19.12,21.05,9.13,8.12,Fruity
13.29,8.48,9.83,2.37,4.35,4.46,1.55,13.25,6.36,2.49,14.2,11.49,5.26,18.44,4.98,12.51,Sweet
6.88,0.25,0.13,14.1,7.56,7.18,1.42,9.74,5.24,12.65,10.53,7.26,16.43,19.81,7.28,1.66,Fruity
12.77,5.3,0.98,13.03,2.75,4.52,2.39,14.09,3.58,8.01,5.14,5.62,10.84,11.76,11.34,12.84,Chemical
21.63,9.35,10.75,5.62,8.53,3.38,3.66,14.02,2.13,10.64,7.73,9.89,13.89,25.12,10.43,17.73,Chemical
0.1,7.7,8.01,11.85,11.63,1.69,0.1,5.25,5.69,21.08,4.3,6.15,15.71,19.36,11.43,3.61,Fruity
17.76,6.48,1.93,7.36,0.97,6.81,8.27,14.16,7.49,7.34,4.97,5.6,7.2,13.49,10.08,13.37,Chemical
10.9,12.0,2.42,9.06,8.81,7.31,5.09,7.83,7.43,11.93,2.16,3.54,20.7,21.0,1.72,4.7,Fruity
19.06,12.44,21.65,11.81,5.33,4.79,10.4,16.56,3.91,0.76,7.46,7.85,16.21,14.64,6.88,9.91,Alcoholic
2.1,13.48,12.41,9.47,4.96,4.16,8.37,12.82,8.53,20.25,11.18,13.36,0.1,11.84,10.39,2.02,Sweet
26.95,12.02,26.57,13.57,7.75,2.68,4.19,3.16,5.37,1.66,7.73,1.54,15.13,13.24,7.9,13.18,Alcoholic
13.31,11.42,11.75,1.78,13.16,3.41,0.1,8.26,8.48,10.18,12.41,10.3,9.47,6.43,3.23,10.37,Sweet
8.84,4.43,17.73,19.2,8.37,7.6,6.09,10.87,1.65,8.31,6.92,9.82,14.22,12.13,0.3,5.21,Gasoline-like
10.32,1.2,6.98,0.16,6.51,1.77,0.1,9.21,6.16,11.09,11.09,12.59,11.08,9.7,6.43,7.46,Sweet
15.41,12.09,17.74,5.23,5.32,4.64,3.92,18.24,5.88,1.42,6.62,9.48,3.08,5.72,9.44,15.73,Chemical
11.22,11.98,6.01,4.11,7.52,3.28,1.32,8.54,7.48,7.75,11.46,15.38,10.84,6.67,0.17,2.88,Sweet
6.76,11.73,14.39,6.15,2.82,7.8,3.92,10.79,5.35,14.02,15.72,9.16,11.15,20.35,2.54,12.14,Fruity
12.88,8.59,8.44,9.83,8.72,5.19,0.1,7.06,5.61,9.66,14.5,6.67,12.75,14.59,5.33,1.36,Sweet
9.76,7.64,15.88,10.2,9.82,3.13,6.26,11.84,3.13,16.24,0.1,6.11,19.01,22.25,5.66,6.94,Fruity
9.65,1.31,4.21,5.81,4.42,0.72,3.14,9.91,8.87,4.83,10.94,12.47,10.66,4.15,4.42,7.13,Sweet
9.16,10.34,16.8,14.02,10.94,10.75,8.28,3.82,1.85,12.04,10.44,8.48,11.49,2.22,5.37,4.79,Gasoline-like
17.79,8.75,4.08,12.32,7.5,6.02,3.31,8.4,6.39,18.15,3.18,4.52,13.98,11.27,4.86,11.26,Fruity
18.45,9.93,5.95,13.03,9.18,13.88,4.57,17.25,1.63,15.77,6.85,4.61,6.01,3.83,2.0,8.91,Gasoline-like
11.06,13.32,8.48,12.02,7.0,4.4,2.57,10.7,7.5,13.0,8.91,2.65,20.57,14.57,5.22,10.42,Fruity
11.22,8.37,16.42,4.11,8.36,7.38,0.49,10.63,2.42,13.7,5.03,12.79,2.46,6.97,11.6,15.73,Chemical
11.8,2.44,14.77,16.83,11.18,11.87,4.83,16.92,3.65,7.44,5.1,6.95,10.75,11.58,9.02,14.13,Gasoline-like
6.59,0.1,13.11,13.78,4.48,6.87,2.62,9.55,8.36,9.68,13.56,7.4,8.69,24.61,7.78,4.04,Sweet
22.9,10.3,11.67,13.48,3.81,6.0,3.54,8.61,4.48,14.06,8.93,6.36,18.54,14.23,4.02,6.29,Fruity
23.71,8.69,23.26,1.58,11.54,3.15,5.82,6.96,0.1,11.96,9.96,6.28,14.4,11.09,7.5,8.57,Alcoholic
8.17,7.68,11.38,8.11,6.82,4.85,5.27,11.75,2.33,15.29,5.11,4.6,14.7,15.95,5.02,6.59,Fruity
12.33,6.58,21.77,9.37,10.51,9.14,4.73,13.62,1.93,16.33,4.82,12.21,19.79,17.59,5.32,9.66,Fruity
3.18,6.75,10.02,18.58,12.78,5.42,6.58,10.19,6.86,19.78,6.27,3.95,12.08,19.44,8.93,9.24,Fruity
5.47,8.18,11.32,11.45,10.17,8.33,2.97,2.84,0.73,13.84,4.73,1.81,16.69,19.98,6.12,6.7,Fruity
19.54,0.1,12.62,18.9,11.14,10.35,1.11,7.51,4.28,5.82,2.23,9.37,11.7,13.91,9.86,5.7,Gasoline-like
9.13,11.22,0.1,6.8,5.56,5.52,7.48,8.84,9.16,12.83,9.75,13.14,9.95,0.1,5.59,8.01,Sweet
21.82,8.09,1.52,8.58,3.38,2.49,9.27,6.81,4.63,14.7,3.34,3.49,20.83,18.12,4.38,0.1,Fruity
9.59,3.96,13.34,12.5,12.21,10.86,1.63,6.46,3.16,11.84,6.65,0.29,6.28,0.1,6.41,7.26,Gasoline-like
11.48,11.44,22.78,2.37,3.74,7.15,4.93,3.72,2.62,14.28,3.72,13.42,17.01,19.52,5.9,9.3,Fruity
10.72,7.7,8.49,11.6,0.93,6.23,3.93,10.44,2.92,18.86,7.27,7.97,20.87,19.45,7.3,8.7,Fruity
9.59,2.11,15.45,9.97,9.13,3.59,6.99,8.08,3.0,13.66,10.79,4.01,21.72,21.41,3.01,9.01,Fruity
17.8,1.35,7.95,1.05,0.1,11.52,8.83,13.29,7.86,12.62,1.96,9.79,5.08,10.47,15.28,17.27,Chemical
23.22,6.79,20.02,4.59,6.1,4.64,7.78,14.33,2.92,7.16,10.28,7.23,7.68,13.91,12.26,9.74,Chemical
23.69,16.23,26.2,13.34,8.37,9.57,5.33,0.82,1.16,11.94,0.1,4.68,4.13,7.1,3.55,4.77,Alcoholic
23.57,6.76,15.72,11.3,7.56,7.62,2.41,14.52,0.9,12.52,5.22,4.8,13.66,16.23,11.41,13.08,Chemical
7.87,9.57,10.85,9.26,6.75,6.25,4.13,4.47,9.28,11.83,11.91,12.59,13.37,15.58,6.7,13.27,Sweet
20.64,13.2,20.45,8.58,7.22,4.91,3.55,9.62,3.53,3.07,5.17,7.82,10.68,13.63,3.89,9.29,Alcoholic
13.9,3.38,11.24,11.55,1.61,6.47,5.49,4.27,9.01,4.9,11.07,10.8,18.17,15.88,7.56,13.94,Sweet
11.13,10.78,12.99,9.14,5.82,6.56,1.68,10.0,4.07,20.32,4.03,6.11,21.41,22.28,6.56,7.95,Fruity
8.61,7.4,3.44,11.45,3.66,7.55,4.11,18.49,4.83,7.44,8.97,5.67,17.23,16.19,12.61,11.3,Chemical
9.32,9.76,11.49,9.71,4.9,5.93,7.06,3.62,4.59,9.08,16.37,12.47,0.18,16.7,7.28,7.69,Sweet
5.93,5.13,6.61,7.82,0.63,5.93,2.21,12.95,5.42,11.84,7.42,2.5,18.01,24.25,1.68,6.23,Fruity
10.07,0.1,18.18,0.1,4.31,1.79,2.27,12.22,4.79,12.0,14.59,10.18,19.79,1.34,2.12,7.95,Sweet
19.57,1.5,16.97,7.01,3.85,3.77,1.56,13.07,5.09,10.63,5.66,3.04,15.72,21.26,6.07,3.68,Fruity
9.89,4.05,12.69,5.86,6.09,4.17,7.23,12.91,8.71,16.29,12.5,10.28,6.61,4.19,2.08,11.73,Sweet
5.96,2.95,15.26,15.7,12.2,6.75,3.17,0.1,3.05,6.39,12.57,6.27,7.73,11.16,6.05,10.55,Gasoline-like
8.93,6.71,0.2,2.08,4.13,6.48,9.39,18.8,4.71,17.14,2.37,3.11,14.77,17.62,6.27,4.11,Fruity
19.19,4.2,21.47,4.73,6.93,2.13,2.41,7.25,7.37,13.5,0.37,7.04,16.82,21.57,9.27,8.84,Fruity
8.03,0.1,9.49,14.95,9.53,3.4,5.49,3.65,5.68,17.85,2.99,8.18,19.8,18.32,6.2,19.24,Fruity
19.18,6.95,10.62,12.67,2.85,4.44,1.52,15.96,1.95,19.12,8.59,5.88,17.56,22.2,10.39,10.18,Fruity
6.33,9.97,4.53,10.74,4.96,4.84,1.29,5.25,6.79,12.1,11.17,6.55,17.18,16.05,4.65,4.0,Fruity
7.87,10.77,26.34,15.92,7.75,7.84,6.19,3.06,2.65,5.52,7.34,4.54,4.66,20.54,5.42,11.68,Gasoline-like
10.0,12.12,5.55,5.73,12.48,7.83,1.71,7.21,5.58,1.59,11.85,9.75,16.7,10.28,3.76,8.19,Sweet
4.19,6.57,11.87,15.69,7.09,11.88,3.8,15.24,2.33,7.18,6.82,5.09,8.38,5.84,7.57,2.77,Gasoline-like
18.2,10.17,10.58,14.99,8.03,6.87,4.1,2.69,6.25,16.37,2.77,3.1,13.36,23.76,5.07,4.59,Fruity
15.97,10.32,8.32,16.46,11.87,8.54,4.82,9.75,3.28,4.69,4.8,5.74,2.75,13.98,7.07,9.68,Gasoline-like
17.85,12.56,18.6,11.33,4.57,2.4,3.08,11.75,3.89,8.37,3.46,1.81,9.58,8.65,9.33,2.56,Alcoholic
13.57,5.49,14.76,7.52,7.14,4.44,5.22,17.37,1.54,6.95,5.83,11.7,4.62,6.33,10.63,15.11,Chemical
13.12,11.08,12.59,15.84,10.22,4.22,4.48,10.47,5.87,6.08,10.13,11.82,15.18,10.11,6.28,4.79,Sweet
11.18,8.22,9.08,16.96,6.63,3.73,7.1,8.69,8.68,13.75,17.23,10.4,13.78,9.03,5.43,3.07,Sweet
12.73,2.8,1.62,8.92,6.66,9.96,5.59,9.14,10.3,6.99,12.08,11.85,3.24,10.8,4.33,9.93,Sweet
5.52,16.73,8.77,13.46,0.1,5.83,6.36,12.04,8.4,12.35,4.37,5.94,4.62,15.03,11.83,14.45,Chemical
15.8,9.22,24.31,8.24,4.57,5.81,3.21,10.74,4.5,4.95,4.88,8.02,15.33,8.98,0.1,8.28,Alcoholic
26.25,14.16,22.86,4.03,8.43,4.87,3.26,5.04,6.72,6.95,13.37,6.94,10.32,4.69,3.55,1.97,Alcoholic
12.94,5.76,13.65,7.06,5.82,3.2,2.56,3.13,2.37,18.15,6.33,7.87,19.56,19.25,7.77,5.44,Fruity
11.91,7.44,19.51,7.55,2.64,1.22,5.21,3.75,5.69,16.14,3.04,0.1,17.94,20.18,3.18,3.05,Fruity
4.76,7.87,8.5,14.23,12.67,10.96,0.1,1.79,8.73,9.51,8.77,4.18,11.58,20.34,5.65,9.75,Gasoline-like
8.3,5.29,12.09,12.69,7.94,7.58,5.53,11.18,4.78,11.69,0.1,4.42,14.0,27.09,12.17,13.89,Chemical
1.38,3.7,30.54,13.95,15.38,7.36,6.08,7.58,3.3,11.08,8.52,8.24,15.32,21.11,9.01,5.76,Fruity
11.58,3.51,5.4,16.25,9.89,10.12,1.56,0.1,4.04,11.3,1.18,4.71,4.45,10.52,7.52,11.36,Gasoline-like
14.65,8.04,10.13,19.6,11.87,10.42,6.35,8.77,4.34,15.9,10.58,7.61,13.03,10.42,3.59,7.82,Gasoline-like
12.98,2.41,2.9,10.09,7.4,4.33,6.54,1.99,6.34,9.65,12.39,9.57,6.12,20.16,4.22,1.65,Sweet
11.89,9.01,16.74,14.89,15.4,12.53,5.81,5.19,6.1,13.0,3.1,10.79,8.27,14.35,3.5,10.8,Gasoline-like
18.09,15.98,16.8,4.12,10.25,8.66,2.43,5.59,5.83,20.39,9.66,3.97,0.37,8.88,5.29,7.67,Alcoholic
18.2,11.71,5.62,2.87,4.1,3.76,4.82,5.32,10.15,19.29,8.51,7.23,12.28,28.25,2.73,5.38,Fruity
10.81,6.35,16.26,8.4,10.27,7.98,6.04,6.65,11.24,17.78,13.11,8.4,14.21,10.04,6.67,9.88,Sweet
9.9,13.13,15.1,11.76,14.31,10.33,7.71,16.54,6.19,12.52,10.88,1.54,10.12,28.84,2.08,10.17,Gasoline-like
22.52,14.29,27.71,11.97,4.52,3.78,1.92,3.34,6.18,9.83,6.55,0.34,6.9,13.87,1.31,5.88,Alcoholic
0.1,6.21,9.05,7.16,3.65,5.47,3.18,5.82,5.5,17.17,7.85,1.41,12.58,24.04,7.61,3.11,Fruity
11.13,1.58,13.96,20.85,12.4,11.73,4.3,10.22,8.01,6.46,7.07,10.52,13.84,13.47,7.83,8.76,Gasoline-like
8.35,7.04,15.83,17.79,10.6,8.64,6.28,10.55,2.95,12.14,1.09,6.62,11.02,12.65,5.66,7.93,Gasoline-like
12.29,0.9,7.43,10.41,1.5,2.53,0.1,16.58,0.84,8.07,7.12,6.42,8.85,7.23,10.31,13.32,Chemical
13.65,5.5,16.56,15.99,10.31,9.28,4.69,13.85,10.26,10.6,8.66,8.31,9.39,6.35,5.91,13.02,Gasoline-like
23.03,11.04,22.77,15.02,4.71,3.45,3.02,11.73,4.7,8.2,3.41,7.71,6.28,14.57,6.37,6.41,Alcoholic
9.26,9.11,17.14,7.57,8.43,5.22,6.68,5.5,8.4,1.5,13.56,14.08,10.87,11.94,6.4,13.43,Sweet
21.07,10.89,22.56,6.62,4.09,10.59,4.15,13.62,7.02,5.22,5.07,3.82,3.38,17.53,6.18,12.27,Alcoholic
17.92,11.43,19.13,13.35,5.58,5.8,2.44,15.38,3.23,13.44,12.51,10.57,8.96,17.45,9.0,7.68,Alcoholic
23.03,13.43,17.15,3.94,5.34,3.12,3.63,10.09,5.65,8.13,3.08,6.51,8.28,6.76,1.48,15.86,Alcoholic
19.55,11.51,28.72,0.1,2.69,10.78,5.45,7.13,7.7,7.0,4.26,5.26,8.39,3.1,4.01,2.16,Alcoholic
24.92,8.42,20.27,5.89,4.71,2.95,1.07,5.14,3.25,16.14,11.03,10.26,15.01,4.78,7.56,9.79,Alcoholic
22.22,10.55,17.12,9.86,6.06,7.59,5.84,2.81,6.53,11.83,11.94,12.9,7.65,6.83,9.32,5.36,Sweet
0.22,7.81,2.84,0.94,0.1,4.97,4.39,16.06,5.16,5.12,8.83,9.78,13.49,10.07,10.6,8.96,Chemical
24.95,10.57,23.31,11.75,9.54,4.45,5.83,6.69,0.1,10.96,0.35,7.62,12.9,14.86,5.96,10.03,Alcoholic
5.48,11.97,20.03,5.25,1.64,10.22,7.45,9.81,5.79,14.07,9.93,5.21,11.12,15.25,6.78,4.96,Fruity
5.22,4.7,20.47,6.47,9.27,0.91,3.44,14.55,3.58,6.55,0.1,5.98,9.56,11.79,11.55,14.58,Chemical
24.14,5.88,8.06,11.41,4.24,4.61,2.99,5.09,7.06,1.57,12.72,10.23,8.9,13.23,0.1,7.9,Sweet
16.61,3.05,2.23,13.66,13.64,5.92,2.97,5.93,1.79,6.49,11.79,7.56,11.86,5.59,4.62,10.52,Gasoline-like
5.02,6.65,24.26,16.37,7.08,3.56,7.84,16.0,2.06,14.71,2.51,9.53,0.1,16.86,9.6,10.99,Chemical
14.9,8.02,9.17,10.24,11.34,6.18,7.11,0.1,6.53,4.26,8.84,13.11,15.03,8.49,7.99,7.75,Sweet
24.78,9.92,10.75,9.85,9.63,3.84,3.96,16.64,7.11,7.11,10.99,9.57,11.33,21.23,5.62,14.96,Chemical
14.79,1.29,3.59,11.57,8.6,6.09,5.04,11.78,4.01,7.81,2.2,5.54,14.54,7.16,14.34,14.87,Chemical
24.87,2.16,2.55,15.74,8.97,1.64,6.02,2.31,5.69,18.65,10.26,5.76,22.23,19.72,3.54,10.68,Fruity
21.16,6.39,6.23,16.91,11.83,7.74,7.8,12.04,6.36,8.8,12.15,6.85,5.73,12.06,0.1,5.21,Gasoline-like
4.99,8.91,17.16,16.05,6.74,5.44,0.31,15.69,4.59,10.24,9.6,7.58,17.03,4.25,11.72,15.17,Chemical
11.06,8.67,14.84,7.06,6.79,9.97,1.75,16.02,6.3,12.0,6.69,1.17,18.9,22.71,2.73,6.27,Fruity
20.74,11.44,9.25,16.8,8.94,8.34,4.19,8.15,7.08,15.91,10.53,6.36,7.98,8.93,5.12,5.02,Gasoline-like
5.79,9.52,16.76,13.59,8.33,6.59,4.59,13.75,5.64,3.25,15.47,4.4,11.5,10.5,8.2,16.65,Chemical
9.45,10.46,4.87,15.04,10.38,4.64,6.07,5.53,8.03,13.68,11.99,7.85,10.03,14.09,0.1,8.92,Sweet
17.14,11.99,25.2,11.11,10.86,4.68,1.77,9.76,6.03,1.77,2.73,9.27,7.17,13.36,3.03,9.04,Alcoholic
16.61,0.95,10.41,11.52,7.82,9.6,3.19,3.1,6.21,8.84,15.77,10.67,7.58,13.84,3.06,4.63,Sweet
19.47,11.98,25.51,4.34,3.84,3.1,3.63,13.4,4.17,7.53,10.51,6.84,3.26,4.7,7.89,9.22,Alcoholic
6.43,13.4,10.46,21.64,14.85,10.98,8.77,10.99,6.95,9.06,7.76,9.23,5.32,17.6,10.1,6.88,Gasoline-like
26.3,14.85,27.85,11.17,1.88,3.69,4.29,7.12,5.57,9.21,5.92,6.59,9.82,18.18,2.41,4.72,Alcoholic
16.36,4.3,12.85,5.11,0.1,5.94,7.32,16.16,9.06,5.7,7.92,6.63,7.85,10.66,8.28,8.24,Chemical
24.72,6.11,8.84,7.1,0.89,1.08,1.13,13.2,5.21,16.66,11.25,4.22,20.59,19.75,4.48,8.09,Fruity
8.08,8.01,1.35,11.57,2.45,7.58,3.63,14.26,7.56,11.96,13.04,8.53,7.68,5.37,4.63,12.31,Sweet
16.18,3.18,5.25,14.57,1.96,2.77,1.85,13.37,7.52,8.15,12.55,11.88,14.3,10.3,9.59,11.7,Sweet
9.48,7.14,9.69,2.74,11.68,3.55,5.48,2.68,4.32,13.39,7.88,9.7,13.06,14.26,10.67,5.06,Fruity
15.44,4.81,15.36,14.83,9.12,4.19,2.48,5.73,8.84,5.31,11.72,11.34,10.3,19.29,8.83,8.44,Sweet
23.88,10.51,20.42,8.83,9.27,7.48,5.54,7.77,5.61,18.32,3.3,9.65,6.0,16.15,3.44,3.28,Alcoholic
26.05,9.54,19.15,14.95,7.02,8.67,5.45,5.03,7.99,11.1,0.1,6.48,9.25,17.33,5.51,13.03,Alcoholic
8.16,7.73,3.85,11.53,4.54,5.8,6.19,11.76,3.35,18.31,10.83,7.67,13.88,14.87,4.61,3.85,Fruity
18.19,11.24,13.04,7.31,4.66,6.71,3.6,3.18,7.37,15.66,13.13,5.35,16.91,16.6,4.34,3.7,Fruity
24.21,4.85,19.19,1.46,8.22,1.47,6.66,7.64,7.5,2.16,14.69,10.9,4.1,5.75,4.06,8.69,Sweet
11.33,7.08,13.1,12.69,11.58,10.88,6.69,5.36,5.9,1.12,9.09,11.34,11.72,2.5,3.81,6.52,Gasoline-like
5.05,3.83,9.4,13.0,6.34,2.24,7.67,16.29,4.04,0.1,12.55,7.85,10.64,4.14,8.99,11.5,Chemical
3.84,7.44,13.22,5.9,3.54,7.4,0.1,19.64,5.57,0.29,1.34,7.39,6.28,13.51,10.76,13.86,Chemical
1.67,4.14,8.59,19.49,11.36,7.7,5.11,10.62,1.11,11.19,4.98,5.83,1.55,13.12,3.06,0.1,Gasoline-like
13.15,1.46,13.39,4.74,5.05,4.22,7.42,3.42,7.68,8.69,9.64,16.43,7.12,15.09,11.29,1.33,Sweet
24.22,11.57,25.76,4.28,11.44,7.75,2.3,2.71,0.88,3.42,8.99,4.53,16.68,9.89,8.62,6.45,Alcoholic
9.95,1.13,17.11,0.26,3.22,4.27,2.8,13.87,3.73,5.39,6.31,6.62,9.41,14.02,12.01,14.97,Chemical
4.6,6.9,8.53,20.88,11.56,9.55,1.19,0.76,2.44,8.96,5.03,7.55,7.88,13.18,8.16,6.18,Gasoline-like
19.56,4.76,9.29,17.74,11.94,9.29,3.81,9.24,4.75,5.63,1.61,9.62,5.67,8.21,9.92,2.03,Gasoline-like
26.12,10.94,19.66,8.81,8.9,1.75,7.22,8.52,5.62,8.71,7.09,4.11,5.77,12.94,6.72,12.22,Alcoholic
3.74,1.16,9.65,20.66,9.81,10.0,3.58,8.13,9.54,5.44,9.04,4.95,14.49,5.27,12.75,11.32,Gasoline-like
29.81,12.85,28.71,6.43,7.08,5.95,3.36,3.31,0.96,12.63,9.01,11.85,5.34,6.6,4.65,9.89,Alcoholic
9.72,3.39,4.41,9.26,6.94,7.53,0.1,14.31,6.51,10.0,13.78,12.3,7.66,6.67,7.79,9.07,Sweet
29.66,9.98,16.68,7.94,2.86,5.23,4.61,0.24,7.12,3.11,4.84,2.56,12.32,14.12,11.87,9.13,Alcoholic
14.12,0.1,12.35,7.3,0.1,1.47,5.41,14.4,4.93,7.98,0.1,9.38,5.87,10.01,6.86,12.95,Chemical
8.85,8.98,0.1,5.87,7.18,6.16,5.5,4.08,7.21,5.12,13.9,16.09,7.28,11.9,1.73,15.35,Sweet
21.78,0.98,0.86,15.56,7.03,6.35,4.8,11.8,8.13,11.78,12.55,11.97,15.56,17.9,7.95,5.81,Sweet
25.07,0.1,9.42,10.5,9.12,5.21,4.68,14.75,5.71,6.13,12.96,9.89,11.51,0.1,0.84,10.42,Sweet
9.91,0.87,8.84,15.94,9.52,2.9,0.28,9.3,2.76,8.53,10.2,5.3,15.82,11.89,8.82,14.49,Chemical
14.25,9.31,20.98,17.55,12.39,9.03,11.53,7.21,2.44,8.04,5.39,10.37,4.68,4.7,5.64,5.41,Gasoline-like
7.19,7.22,5.85,19.38,13.05,7.9,3.21,15.22,6.51,4.76,12.92,8.32,12.2,12.67,2.84,1.28,Gasoline-like
11.42,2.91,12.38,16.07,10.78,11.66,2.64,18.21,5.39,5.78,6.76,5.93,15.45,0.1,4.33,1.85,Gasoline-like
11.03,0.52,16.1,6.95,9.79,4.9,10.03,19.48,0.1,9.25,5.95,6.59,5.26,20.72,11.86,10.29,Chemical
3.67,7.05,18.29,12.75,9.92,4.97,9.64,8.53,5.61,14.91,5.49,7.36,21.79,22.18,6.5,10.81,Fruity
23.04,5.88,14.9,14.27,14.68,9.05,2.89,8.37,6.59,10.87,9.1,3.75,10.48,7.67,8.14,2.53,Gasoline-like
10.45,6.01,13.25,8.16,2.37,2.44,6.04,9.98,4.87,15.48,12.84,5.12,20.92,20.43,6.29,18.11,Fruity
10.16,8.67,17.7,6.43,7.84,8.67,5.9,19.9,5.57,4.3,9.34,9.82,20.12,16.41,10.58,16.52,Chemical
11.26,2.12,17.81,10.05,3.93,2.54,3.56,17.05,6.94,17.31,2.97,9.9,15.75,17.12,0.96,9.42,Fruity
11.43,8.06,1.93,0.1,6.1,10.55,10.03,17.21,2.97,10.96,0.1,5.51,16.49,24.12,9.05,6.64,Fruity
9.48,5.89,8.11,16.14,10.79,8.44,8.45,4.96,7.34,3.72,10.88,0.32,13.5,4.99,3.87,8.56,Gasoline-like
3.48,8.51,7.51,17.18,11.95,10.84,2.37,12.6,3.27,0.32,6.67,0.1,0.1,6.15,7.51,10.18,Gasoline-like
11.5,5.63,15.94,9.79,9.13,6.66,5.57,18.34,4.69,10.53,10.69,8.26,11.08,11.77,10.47,11.86,Chemical
17.89,6.4,2.94,8.67,6.93,3.17,4.94,17.82,5.51,15.2,4.56,7.67,14.65,20.13,5.53,6.58,Fruity
10.74,4.2,21.45,10.63,3.1,8.73,4.87,6.32,2.56,9.04,11.75,11.04,12.7,3.44,3.7,4.0,Sweet
15.68,5.09,8.12,17.89,11.88,7.25,2.41,0.1,3.43,1.52,13.36,7.23,9.74,8.75,5.73,11.85,Gasoline-like
5.32,3.36,6.44,13.23,14.56,11.03,4.65,8.68,1.02,9.85,7.1,8.15,7.3,4.29,4.01,7.83,Gasoline-like
24.73,9.76,8.53,17.33,1.45,7.64,8.93,9.41,7.49,7.47,17.54,13.74,9.36,14.75,6.8,4.27,Sweet
22.47,8.88,13.82,10.86,8.41,7.11,5.57,9.88,3.25,17.15,5.3,5.84,20.31,15.49,5.58,9.54,Fruity
11.41,14.32,16.65,15.59,8.23,9.36,5.64,15.28,3.26,3.03,6.73,15.07,6.14,15.33,0.13,10.61,Gasoline-like
21.28,7.02,2.78,15.21,13.89,6.54,2.41,7.96,0.94,15.99,9.17,8.02,13.36,10.3,5.91,6.89,Gasoline-like
15.09,7.95,17.2,4.65,8.22,5.54,5.58,10.32,7.63,13.9,16.17,12.57,11.68,7.54,4.43,5.54,Sweet
20.37,6.6,11.6,20.27,4.3,7.94,5.56,0.1,0.96,14.22,12.04,9.61,19.75,16.38,8.66,5.56,Fruity
8.18,8.02,9.84,19.27,13.95,6.94,3.6,11.66,2.44,10.63,4.51,9.38,11.54,12.63,3.8,7.07,Gasoline-like
17.67,6.66,3.13,0.83,8.64,8.62,6.1,5.35,7.93,12.76,11.03,6.31,16.63,2.35,5.94,7.47,Sweet
23.26,10.76,18.27,11.12,4.75,7.66,6.2,10.66,0.1,9.02,3.53,2.98,11.49,14.92,7.3,6.99,Alcoholic
11.21,11.33,14.51,4.84,8.0,3.22,4.24,11.39,8.94,5.33,13.17,7.92,10.92,2.62,7.23,4.49,Sweet
6.43,8.17,13.44,21.22,15.83,6.76,5.2,10.93,7.27,12.77,1.96,3.12,13.56,4.35,3.83,7.4,Gasoline-like
13.2,3.09,15.15,11.25,8.03,8.68,4.31,12.26,1.29,16.15,5.73,1.57,19.87,27.58,4.27,7.65,Fruity
18.88,5.95,16.58,4.12,0.55,6.58,8.22,5.07,5.26,16.25,15.28,10.74,16.25,12.93,7.3,3.16,Sweet
11.71,8.66,10.06,18.84,10.6,7.38,0.49,6.33,6.69,8.89,11.45,5.96,9.49,21.84,9.46,8.54,Gasoline-like
11.65,8.39,20.76,24.72,11.22,8.76,4.81,7.08,2.02,11.86,8.85,3.95,8.15,10.85,3.06,10.84,Gasoline-like
20.73,0.1,11.67,1.56,6.24,5.01,6.41,13.62,5.08,8.68,5.14,4.3,12.79,8.31,11.4,13.01,Chemical
16.19,13.63,14.78,10.74,7.1,2.97,1.83,7.53,9.96,13.58,5.66,4.26,18.71,20.2,7.24,8.25,Fruity
22.01,11.91,22.81,0.1,1.56,1.99,4.54,2.89,5.95,10.86,10.16,14.54,5.63,13.92,4.71,9.0,Alcoholic
27.93,5.44,18.63,18.04,11.69,10.76,5.62,8.28,8.33,7.57,6.68,5.24,11.0,9.07,6.88,3.32,Gasoline-like
21.69,10.23,11.51,13.6,7.6,8.29,5.54,12.79,8.02,7.18,7.27,7.83,8.03,15.33,9.74,11.73,Chemical
13.49,6.79,15.65,8.62,1.45,5.14,9.57,12.04,7.98,5.86,10.98,10.2,9.1,14.69,10.03,6.44,Sweet
23.64,6.14,0.1,16.56,6.3,2.45,1.63,13.3,2.54,15.94,8.53,5.93,16.9,13.97,4.54,9.73,Fruity
9.31,11.41,9.25,20.72,8.62,5.27,6.56,3.22,3.66,11.09,6.55,3.31,2.98,7.72,5.94,11.84,Gasoline-like
30.13,6.9,17.32,13.14,12.65,8.12,4.54,20.5,4.44,4.03,5.08,2.45,4.91,9.62,4.87,10.27,Gasoline-like
16.39,4.18,14.97,9.54,6.97,5.47,3.56,2.37,8.01,10.55,13.75,10.16,13.15,6.18,7.84,2.53,Sweet
5.21,6.48,18.25,0.1,10.64,9.33,2.88,15.78,1.61,12.05,16.79,0.89,5.04,12.64,12.26,10.36,Chemical
3.18,5.99,8.44,16.84,0.1,4.62,4.14,12.06,2.8,12.1,0.1,3.57,6.61,8.77,9.28,13.53,Chemical
23.37,11.07,17.04,5.7,5.65,4.55,5.91,15.13,5.96,8.94,8.79,9.55,13.6,12.86,12.5,7.07,Alcoholic
11.2,3.2,8.82,0.1,3.35,4.51,9.25,15.79,3.51,12.43,9.76,6.09,5.16,5.1,7.81,12.18,Chemical
12.69,8.34,15.14,0.1,4.81,8.52,4.56,13.33,6.91,14.86,16.94,4.77,14.26,17.58,0.65,14.87,Fruity
10.76,11.04,9.25,5.53,5.94,5.68,2.79,8.92,4.35,14.81,7.48,6.07,20.56,18.76,8.48,7.86,Fruity
19.44,6.51,10.14,15.16,12.85,8.53,3.91,10.78,8.02,4.93,9.72,9.02,8.4,12.47,6.4,12.47,Gasoline-like
0.96,14.28,8.68,12.93,8.62,3.91,4.69,7.61,10.88,0.63,11.75,9.29,9.67,10.97,2.98,11.37,Sweet
24.58,6.02,11.86,6.85,8.68,0.1,5.14,5.57,2.38,13.27,11.2,7.98,17.37,20.75,6.97,13.55,Fruity
10.85,10.61,19.78,10.33,4.76,3.85,5.51,13.91,11.94,9.8,13.93,9.37,3.88,7.78,10.32,8.37,Sweet
4.93,7.73,8.76,12.37,12.11,8.36,4.15,9.0,5.98,9.7,1.2,3.76,8.43,19.34,11.28,9.2,Gasoline-like
17.11,5.8,22.68,11.87,3.8,6.14,3.83,3.29,10.94,17.19,9.17,6.5,19.15,19.24,5.02,11.22,Fruity
23.94,7.76,16.56,15.54,12.03,8.49,4.22,7.39,2.46,0.1,4.78,1.72,6.28,4.82,8.94,1.8,Gasoline-like
7.24,6.8,24.62,14.79,11.08,9.65,7.54,11.36,1.02,10.11,6.2,5.65,15.32,17.46,4.39,13.22,Gasoline-like
5.28,8.75,6.81,4.53,0.3,6.86,1.89,5.28,8.8,6.07,14.98,10.33,8.85,19.18,3.24,10.07,Sweet
22.19,0.1,13.08,10.72,12.33,4.8,2.62,8.86,6.47,16.68,14.11,10.63,9.79,12.57,3.51,3.08,Sweet
7.81,6.75,5.89,13.24,7.93,5.65,6.31,13.18,6.09,8.76,17.05,3.99,5.69,11.48,7.74,15.27,Chemical
2.79,6.88,3.35,9.47,10.07,1.2,8.11,14.0,9.81,7.05,14.24,8.2,8.6,6.3,10.28,12.22,Chemical
14.25,8.3,2.82,1.55,8.17,8.17,5.78,14.48,7.4,8.18,0.34,10.21,1.23,13.08,9.32,12.09,Chemical
18.9,8.7,10.96,9.36,9.46,7.58,7.11,13.15,3.99,11.71,4.93,8.64,17.04,21.21,11.23,11.68,Fruity
6.23,6.43,13.78,2.64,8.13,4.67,2.77,7.82,9.24,6.08,14.38,10.05,13.02,7.43,7.01,7.94,Sweet
5.32,9.72,1.41,15.55,12.67,9.41,3.91,12.85,5.8,0.1,10.0,3.46,8.99,8.78,4.02,9.8,Gasoline-like
17.73,6.9,19.98,22.75,9.14,4.88,5.49,0.1,3.79,14.67,3.67,7.75,14.67,23.51,6.72,9.02,Fruity
11.2,1.99,9.0,8.51,3.99,5.21,3.37,0.1,3.85,16.3,0.88,7.35,22.63,23.18,11.14,7.23,Fruity
9.13,6.93,21.23,2.88,5.61,5.45,3.0,13.39,7.64,9.5,7.04,7.04,16.8,10.1,12.53,15.56,Chemical
17.31,11.81,20.94,7.88,6.12,6.01,6.59,9.56,4.08,3.09,9.9,4.52,9.96,7.7,2.68,9.38,Alcoholic
15.7,5.08,13.22,11.0,11.13,5.66,4.27,8.82,4.59,19.6,6.34,7.6,18.06,16.36,6.77,3.74,Fruity
18.36,9.98,14.65,3.84,10.07,2.49,2.83,0.1,3.58,8.58,10.64,0.1,9.31,18.86,3.12,1.39,Alcoholic
18.39,10.19,0.1,11.22,6.42,2.08,8.54,7.34,1.68,15.99,10.78,6.89,20.49,21.51,0.86,7.13,Fruity
14.97,4.29,4.77,2.86,6.37,7.12,5.76,17.43,5.23,7.62,8.69,7.69,10.71,1.71,12.04,14.5,Chemical
11.21,5.31,12.05,15.4,14.13,8.95,4.66,9.44,2.92,11.21,10.91,8.23,11.55,16.31,5.23,5.96,Gasoline-like
13.11,5.91,13.65,4.73,7.66,7.61,2.21,5.43,0.1,16.79,9.36,7.49,16.44,18.73,5.67,5.71,Fruity
27.73,9.66,15.79,13.08,9.25,1.65,8.66,11.16,7.01,13.12,6.05,6.42,19.18,16.32,10.11,12.33,Chemical
14.62,4.71,5.0,9.28,0.19,5.85,4.87,12.26,5.54,19.93,8.39,5.53,15.35,16.75,5.8,5.43,Fruity
17.84,2.53,6.77,18.99,6.61,1.98,6.16,5.76,3.79,17.34,11.64,10.88,14.89,21.73,3.07,6.86,Fruity
22.73,5.65,8.75,20.74,9.46,6.91,3.11,4.42,2.03,2.9,7.82,12.09,4.05,12.87,8.44,6.78,Gasoline-like
21.48,4.45,6.52,13.46,9.69,6.31,3.03,13.76,3.18,13.69,5.05,7.56,13.89,17.41,2.42,4.87,Fruity
7.52,7.65,18.61,3.45,2.96,6.1,4.8,2.19,8.76,0.56,11.31,10.28,9.25,5.04,1.53,10.91,Sweet
10.26,11.16,4.86,19.18,15.31,11.22,6.52,16.05,4.13,1.21,6.7,6.56,7.03,7.96,5.81,9.84,Gasoline-like
23.18,7.35,10.64,8.08,4.65,5.93,7.3,0.1,6.11,11.28,11.96,10.6,13.88,18.33,1.35,8.27,Fruity
14.47,0.1,14.17,15.84,12.55,6.03,4.7,10.05,6.29,3.66,1.26,1.83,7.98,6.64,6.33,4.01,Gasoline-like
5.89,7.94,16.27,0.1,3.0,8.21,4.46,2.31,6.97,10.15,8.29,15.23,6.92,13.31,11.21,5.15,Sweet
5.52,10.86,13.83,11.36,11.57,8.3,6.46,1.11,4.24,7.85,16.65,10.41,7.11,10.29,8.34,2.15,Gasoline-like
11.51,6.98,9.58,11.76,6.45,2.86,4.74,16.05,2.55,0.1,2.44,11.89,3.67,15.38,7.09,11.78,Chemical
21.61,9.25,25.94,10.08,9.59,7.78,2.17,9.15,8.05,5.82,15.67,5.13,6.01,13.84,10.26,2.13,Alcoholic
22.41,11.31,23.53,13.63,8.57,10.34,6.51,13.91,10.64,9.9,6.89,7.21,10.23,8.51,4.07,8.01,Alcoholic
10.33,4.48,15.77,1.44,6.59,1.5,4.78,17.09,0.64,10.77,8.04,7.35,17.71,18.21,3.78,10.38,Fruity
13.89,8.31,10.84,15.47,12.34,8.53,0.99,7.94,8.68,7.39,2.75,5.71,9.85,14.98,8.62,14.99,Gasoline-like
14.93,5.05,4.02,20.6,11.67,6.21,4.18,3.35,5.29,14.89,8.56,3.35,10.87,9.76,9.12,2.06,Gasoline-like
5.0,10.86,7.54,12.5,15.33,6.45,0.1,12.71,4.61,12.34,8.44,9.06,5.97,13.2,9.22,14.66,Gasoline-like
19.29,10.8,20.24,18.3,2.97,10.2,7.43,11.51,4.95,6.82,12.82,8.97,0.1,10.01,8.83,4.77,Alcoholic
15.28,12.04,10.04,5.27,3.9,7.61,2.62,12.66,3.87,9.88,11.74,0.78,11.08,7.47,8.23,15.62,Chemical
9.05,16.6,4.51,17.91,13.19,4.77,6.81,12.86,4.45,15.23,3.47,1.73,15.17,15.58,4.41,6.26,Fruity
9.64,6.07,11.04,13.86,12.94,5.33,5.24,0.1,3.8,9.62,4.07,6.69,13.01,18.75,4.3,10.02,Gasoline-like
16.76,5.95,15.32,13.74,8.51,7.67,6.48,15.12,6.52,10.8,9.86,5.09,16.92,20.67,5.79,6.64,Fruity
4.36,8.59,14.68,5.35,8.29,3.57,6.38,12.3,8.59,10.93,13.72,12.44,17.26,6.13,3.93,4.53,Sweet
27.28,9.02,15.98,5.86,9.19,5.56,8.01,16.51,3.11,9.81,5.2,5.01,17.15,18.79,11.38,18.3,Chemical
11.84,10.27,21.38,14.56,1.07,8.39,7.11,7.4,0.1,13.68,4.51,0.1,17.06,17.02,11.38,5.21,Fruity
6.52,5.8,21.52,12.96,4.68,3.76,6.15,10.67,8.49,21.06,13.77,9.66,5.08,10.2,5.49,12.05,Sweet
21.56,13.16,15.22,4.13,12.19,6.97,7.25,7.31,4.75,6.76,12.91,5.88,13.78,12.26,6.45,6.91,Alcoholic
15.4,9.4,10.62,10.25,15.06,1.63,1.47,8.7,9.28,4.64,14.8,7.73,12.54,17.84,3.83,5.69,Sweet
9.76,8.27,1.95,14.61,0.14,9.82,2.83,5.54,3.93,15.0,10.24,0.1,20.81,20.86,3.48,1.93,Fruity
16.81,2.12,10.95,2.95,11.94,2.31,3.9,6.51,8.39,9.21,8.35,11.09,12.75,20.53,1.03,4.99,Sweet
22.42,4.9,12.92,17.38,12.7,7.11,5.23,8.8,9.07,11.67,8.97,4.4,6.81,18.01,3.86,2.28,Gasoline-like
0.1,0.5,7.26,15.99,12.02,8.93,6.34,7.98,4.07,7.14,4.89,0.8,8.82,14.42,13.02,11.07,Gasoline-like
11.62,0.1,15.85,9.15,5.76,7.63,7.83,13.63,3.49,14.94,6.56,10.16,15.67,19.09,3.75,4.72,Fruity
25.79,12.64,28.7,15.73,6.62,1.64,5.22,11.84,1.65,12.21,5.17,2.84,8.82,17.06,2.16,2.53,Alcoholic
14.07,14.56,10.69,3.98,2.04,7.75,3.58,17.18,2.34,14.03,3.61,7.69,15.5,11.22,8.15,14.81,Chemical
23.05,14.82,22.2,10.79,8.63,1.7,1.86,7.87,5.77,8.2,5.3,0.1,13.96,19.0,8.47,10.52,Alcoholic
14.61,8.9,10.02,5.31,7.95,3.95,4.84,3.41,7.87,13.16,8.53,12.95,16.63,3.64,8.3,6.64,Sweet
8.26,4.93,12.97,9.18,16.47,6.75,7.12,13.29,7.91,6.65,5.02,7.01,1.44,7.13,11.02,9.98,Chemical
12.37,6.28,3.48,4.73,2.87,1.71,2.27,14.64,8.34,3.63,13.54,12.33,11.86,12.96,2.19,10.57,Sweet
25.6,14.11,23.44,8.61,0.76,5.39,2.85,9.14,4.83,4.8,8.08,7.89,8.58,1.19,4.21,6.05,Alcoholic
15.09,11.54,14.31,6.85,8.28,9.25,8.45,11.26,10.21,6.74,12.63,16.91,14.62,12.4,4.6,6.47,Sweet
18.21,13.16,13.9,10.3,4.97,1.05,6.96,6.06,6.62,13.8,15.78,10.63,8.82,10.11,5.4,4.73,Sweet
5.36,9.63,4.3,8.58,7.78,4.47,3.25,13.13,7.18,3.57,4.5,3.18,15.99,6.04,10.84,14.35,Chemical
24.84,10.25,15.35,7.5,0.1,1.12,7.47,12.13,6.27,11.81,1.86,2.53,5.97,9.36,3.38,10.52,Alcoholic
8.98,0.34,8.27,6.73,5.31,10.89,2.24,7.23,7.62,14.47,11.97,8.58,9.21,5.24,2.04,3.97,Sweet
17.73,13.89,13.65,7.8,4.93,7.13,4.33,8.09,5.08,10.74,6.71,7.12,8.88,7.81,5.31,4.05,Alcoholic
16.01,12.31,12.95,10.89,9.77,8.13,6.08,13.73,2.22,9.11,10.01,9.75,0.74,0.1,8.44,12.63,Chemical
16.15,7.58,12.03,17.33,2.05,4.45,3.18,10.44,8.71,11.9,11.07,10.58,16.49,10.23,0.1,0.1,Sweet
0.1,3.72,6.0,7.4,6.28,8.77,9.3,4.42,7.49,3.9,13.87,7.45,9.61,14.68,2.65,4.27,Sweet
6.13,8.12,13.21,11.39,6.56,4.65,3.61,6.89,6.69,7.93,9.62,10.89,7.81,1.03,6.57,5.84,Sweet
22.36,12.68,18.56,9.49,3.24,8.34,3.35,4.78,1.86,0.1,3.77,7.42,10.76,23.56,8.27,10.97,Alcoholic
26.88,8.62,11.98,7.75,0.82,3.75,8.21,3.78,3.05,17.23,9.45,9.41,19.99,17.16,2.9,14.49,Fruity
20.9,11.03,21.16,2.79,1.49,0.1,7.44,8.59,3.13,7.71,0.1,2.57,10.58,18.1,6.05,9.62,Alcoholic
17.01,9.37,5.27,3.78,11.36,7.18,2.12,4.24,6.06,18.05,6.16,0.1,18.6,15.59,1.3,0.1,Fruity
17.31,10.14,6.39,15.76,9.54,6.82,3.0,9.25,6.35,14.88,8.59,4.85,8.85,2.84,6.75,10.43,Gasoline-like
21.25,14.97,16.6,11.64,3.51,0.79,9.15,10.79,3.82,6.91,9.95,7.88,7.77,6.28,11.99,15.49,Alcoholic
14.82,5.24,18.12,8.22,13.5,11.51,7.31,8.9,8.54,9.21,13.84,11.75,9.75,18.67,10.23,2.5,Sweet
11.66,2.26,0.4,9.59,2.46,3.1,5.39,9.17,7.95,5.56,10.12,8.47,10.77,16.52,5.58,9.02,Sweet
12.84,8.31,14.53,13.41,2.16,8.18,4.38,14.57,5.83,3.58,8.28,16.53,5.8,17.14,8.67,2.54,Sweet
10.94,8.23,2.12,7.26,6.41,7.1,5.46,10.47,8.43,16.39,12.88,7.64,7.89,16.03,6.04,9.83,Sweet
23.52,4.22,12.67,13.3,9.49,5.01,2.9,12.63,3.3,12.71,7.29,5.6,16.42,14.85,9.3,13.13,Fruity
16.24,13.2,14.86,8.8,3.93,4.24,2.79,10.49,1.88,12.82,2.17,4.14,12.86,3.21,3.19,7.6,Alcoholic
7.67,1.89,13.34,12.15,3.01,3.36,3.46,14.38,4.63,19.71,10.62,7.07,14.12,12.67,0.36,4.08,Fruity
9.12,6.25,16.14,11.22,11.99,11.03,5.48,6.19,3.42,16.8,13.1,4.42,8.52,17.65,9.76,10.81,Gasoline-like
8.17,1.96,15.97,0.1,10.99,4.0,9.5,18.4,6.37,4.05,6.34,2.08,7.87,16.74,9.82,12.05,Chemical
14.7,2.33,15.51,2.38,9.51,1.62,4.63,18.07,0.1,9.9,10.59,8.66,11.7,11.06,9.02,18.07,Chemical
1.76,4.68,16.32,9.29,14.46,6.86,3.47,15.39,6.72,20.72,4.81,6.28,11.04,12.65,13.33,11.42,Chemical
15.83,5.03,17.76,13.12,1.81,2.37,0.1,19.48,4.31,9.26,6.12,9.98,11.09,6.16,8.29,12.76,Chemical
12.89,3.97,18.76,7.95,3.51,5.73,5.24,7.05,8.36,8.63,12.18,11.18,0.1,16.05,4.16,8.0,Sweet
22.74,11.59,16.39,13.62,8.74,3.69,4.46,7.51,0.1,8.25,8.08,7.71,6.92,13.85,4.43,4.01,Alcoholic
14.95,8.89,6.97,4.03,14.12,0.1,2.81,4.27,8.42,2.74,15.16,11.4,18.26,8.99,9.84,5.12,Sweet
12.59,3.23,7.84,14.84,6.12,3.88,0.1,10.28,7.49,10.6,14.07,11.26,9.33,13.48,3.12,9.86,Sweet
18.9,13.84,16.71,7.19,7.53,4.77,7.52,7.52,7.08,9.48,8.05,8.24,10.97,16.31,8.17,0.53,Alcoholic
17.09,7.16,13.46,10.57,9.19,5.57,8.63,13.27,7.08,13.17,8.19,6.43,14.13,20.94,5.27,11.42,Fruity
5.0,6.9,0.1,9.44,10.87,6.6,9.86,10.46,2.0,15.86,8.3,0.1,14.32,17.82,0.1,9.22,Fruity
23.02,2.73,2.77,12.43,11.17,9.61,5.58,9.51,2.73,14.02,9.99,10.04,17.14,4.98,6.2,11.73,Gasoline-like
0.1,9.58,9.26,16.62,9.61,11.08,3.73,7.61,3.95,12.84,5.94,2.0,11.2,11.36,5.22,13.13,Gasoline-like
19.97,5.36,6.25,4.92,7.73,5.29,1.79,11.03,2.49,3.81,8.17,8.7,6.03,14.12,10.9,10.71,Chemical
19.06,15.41,26.9,9.96,9.99,4.31,5.26,11.25,3.36,10.82,8.6,9.2,7.94,1.65,3.85,0.1,Alcoholic
12.11,9.98,9.71,15.54,15.44,9.43,0.1,0.29,7.78,2.8,6.62,3.75,10.0,15.18,4.93,2.87,Gasoline-like
15.21,6.45,8.09,13.81,13.48,9.42,4.93,9.34,5.21,0.71,12.4,7.93,11.57,8.1,4.04,12.07,Gasoline-like
13.45,8.37,0.1,14.77,15.26,6.39,9.42,10.97,4.13,5.9,12.63,0.65,17.83,14.54,9.44,0.1,Gasoline-like
10.02,6.84,16.86,13.33,4.35,5.58,6.56,9.18,7.29,8.73,12.32,9.21,8.27,9.53,2.78,12.23,Sweet
9.14,13.49,7.42,17.7,10.04,5.8,4.39,5.03,6.15,15.99,3.43,4.21,17.3,12.52,5.55,5.5,Fruity
7.08,7.71,17.7,20.44,13.83,6.77,4.23,6.51,5.11,14.54,7.67,8.45,4.97,7.77,8.37,11.33,Gasoline-like
11.6,11.93,5.76,7.56,8.32,4.58,10.23,12.7,4.16,11.49,4.13,8.56,5.88,16.35,6.9,13.68,Chemical
15.36,7.59,15.59,1.38,8.07,3.77,7.0,9.21,6.94,9.97,5.34,4.89,7.28,10.7,11.5,11.24,Chemical
11.23,6.72,19.86,4.29,0.1,6.25,6.5,12.8,7.49,9.22,6.91,5.8,11.95,0.44,9.49,11.87,Chemical
14.6,6.79,16.2,18.36,6.56,6.66,4.68,12.17,3.42,6.94,1.92,5.18,16.66,11.79,5.84,17.3,Chemical
14.98,8.58,1.53,5.48,9.77,4.68,6.33,6.44,7.25,12.07,12.04,10.57,5.11,16.24,8.06,9.97,Sweet
0.1,3.75,13.96,7.91,4.96,1.92,2.87,17.18,5.0,3.6,9.21,8.67,0.4,7.62,10.58,13.6,Chemical
6.67,6.74,7.57,10.51,7.25,2.27,2.96,9.88,5.56,16.05,6.92,7.16,18.22,21.25,2.47,9.23,Fruity
21.9,13.7,24.17,13.93,6.71,5.82,1.27,4.95,3.86,7.26,12.63,3.03,13.6,3.16,4.51,7.77,Alcoholic
22.82,10.97,16.07,4.11,3.04,7.77,0.1,3.74,3.64,9.33,2.18,8.49,5.59,19.1,2.65,8.7,Alcoholic
12.61,15.25,13.61,18.56,9.46,11.87,1.77,5.86,4.45,3.48,12.12,5.37,11.1,18.76,8.27,11.62,Gasoline-like
26.66,12.05,20.08,6.14,1.48,4.95,3.27,3.38,3.97,1.6,7.09,6.61,5.35,8.74,4.11,9.89,Alcoholic
21.75,3.07,11.59,10.81,8.45,5.28,7.21,16.44,4.47,17.44,3.17,0.1,3.18,7.84,9.51,12.33,Chemical
23.36,11.87,17.69,13.39,7.3,6.41,3.17,7.84,3.25,13.42,3.1,5.66,9.55,12.71,3.22,8.26,Alcoholic
16.85,8.37,3.48,0.1,5.59,8.25,0.1,11.72,8.04,20.89,6.56,8.79,10.83,26.82,2.77,5.67,Fruity
12.5,8.43,1.06,12.01,6.07,2.82,4.88,8.47,6.85,11.44,12.74,9.34,7.74,9.02,6.69,7.95,Sweet
19.6,0.1,12.09,8.92,5.05,3.12,2.28,16.92,2.81,2.26,12.48,7.45,14.17,12.47,9.96,11.74,Chemical
6.01,6.28,15.05,12.82,0.1,5.75,6.76,16.81,6.96,7.82,7.18,8.77,10.02,13.19,10.82,13.43,Chemical
9.67,5.45,5.89,13.36,2.37,6.28,3.38,19.92,3.58,4.85,3.99,11.38,2.87,11.25,12.13,14.37,Chemical
7.92,7.42,22.67,7.3,5.01,8.31,7.35,12.34,0.87,12.25,8.35,5.93,16.19,5.34,10.81,16.31,Chemical
5.54,8.26,13.33,0.1,4.62,3.39,2.04,13.05,4.44,7.86,12.35,3.64,12.87,15.76,12.73,11.91,Chemical
26.7,11.61,21.67,2.03,1.6,5.72,5.52,10.04,2.67,10.71,9.7,12.4,5.88,0.1,8.98,8.05,Alcoholic
19.78,13.41,19.86,16.54,6.68,0.91,4.5,8.51,4.48,8.95,9.95,5.0,10.04,4.32,2.04,13.67,Alcoholic
20.28,13.06,4.74,15.6,12.1,9.4,2.59,6.3,7.0,7.02,14.07,6.15,12.31,16.0,8.42,0.1,Gasoline-like
0.75,0.87,14.79,9.4,3.65,5.44,6.66,8.48,1.26,15.43,0.76,9.94,19.37,16.68,2.26,4.15,Fruity
28.45,8.68,22.76,5.29,6.29,6.64,4.13,7.3,5.57,7.82,4.89,7.4,8.21,12.8,8.68,9.39,Alcoholic
25.07,12.0,20.06,9.65,5.12,7.73,5.43,0.98,4.58,12.62,9.16,10.45,11.52,18.99,10.5,7.93,Alcoholic
26.17,13.96,18.58,12.18,7.3,4.63,9.3,3.07,5.55,5.26,5.79,1.58,10.04,0.11,8.87,7.11,Alcoholic
21.18,17.14,26.58,12.96,8.14,7.45,5.4,11.6,1.8,14.27,6.27,13.2,12.23,11.85,8.04,10.14,Alcoholic
16.26,5.16,20.72,14.41,2.32,1.95,2.15,9.13,7.21,2.18,9.72,12.33,1.94,18.69,3.26,4.2,Sweet
22.53,10.12,17.62,12.66,14.69,11.17,0.5,8.25,4.1,14.55,5.16,4.97,8.16,12.87,12.49,11.94,Gasoline-like
11.43,2.61,6.08,13.49,12.84,8.25,6.59,7.81,8.66,6.98,11.56,6.98,11.52,9.08,6.61,4.13,Gasoline-like
12.38,12.55,18.55,14.56,9.1,9.54,3.26,7.01,3.22,8.08,13.39,1.87,9.45,0.93,0.1,4.81,Gasoline-like
2.91,10.85,23.46,10.81,5.31,4.24,4.32,7.48,6.16,11.44,3.58,7.36,17.01,20.88,11.76,9.43,Fruity
6.56,4.47,7.76,11.6,7.88,8.24,6.79,4.05,2.98,21.66,10.33,2.42,18.21,19.72,8.94,3.12,Fruity
7.12,3.48,10.46,11.57,12.36,2.12,4.84,9.73,1.93,18.75,0.1,5.76,19.47,18.72,4.51,7.41,Fruity
11.83,1.79,13.68,11.08,4.78,5.18,4.37,3.24,3.15,12.98,3.57,3.81,22.82,19.84,4.84,6.59,Fruity
0.1,12.16,11.78,7.63,7.89,1.32,2.75,5.94,3.73,16.77,2.75,12.41,20.08,22.45,6.4,11.3,Fruity
9.52,7.95,21.49,15.56,10.68,7.91,5.16,3.46,1.56,3.02,2.63,5.08,9.13,2.84,4.83,5.46,Gasoline-like
14.83,7.95,7.77,9.17,7.37,4.65,5.63,7.86,9.4,14.27,12.17,9.71,14.09,4.81,5.6,6.82,Sweet
2.28,6.47,23.91,9.97,0.1,6.21,9.04,5.64,6.8,10.67,8.49,14.87,11.15,8.67,5.28,4.88,Sweet
13.49,3.87,16.05,13.91,8.2,8.1,1.12,13.99,8.05,9.96,11.57,7.11,14.41,12.39,9.95,10.58,Sweet
11.77,0.1,25.09,15.12,10.14,7.36,6.35,7.54,1.0,4.75,12.04,2.78,3.55,7.67,5.64,16.11,Gasoline-like
21.99,10.56,15.82,10.76,5.03,3.53,4.28,12.46,3.97,6.33,8.38,2.88,9.57,12.15,10.45,11.84,Chemical
20.23,12.33,12.67,5.89,7.26,6.12,4.89,12.59,1.83,16.0,6.99,8.95,19.13,22.39,4.55,14.16,Fruity
14.15,7.91,16.34,3.87,7.07,0.4,9.39,2.13,4.06,15.51,8.13,9.68,21.96,20.57,8.48,10.24,Fruity
8.96,8.57,1.87,6.18,0.7,3.7,3.19,12.57,7.55,3.36,10.61,11.21,11.61,10.24,5.86,7.27,Sweet
13.91,7.78,14.98,16.42,12.4,8.42,3.91,3.46,5.55,2.52,2.43,0.51,3.57,8.11,7.3,4.36,Gasoline-like
12.46,4.93,16.78,15.72,8.44,6.95,5.62,16.84,9.81,6.41,18.59,10.73,9.07,15.76,5.32,4.86,Sweet
12.82,11.13,15.02,12.48,16.5,10.78,4.27,7.03,0.1,7.92,10.29,7.49,15.25,0.67,6.41,4.94,Gasoline-like
0.1,1.58,10.77,10.8,4.62,5.83,4.47,6.34,7.21,16.95,7.38,9.38,21.63,22.87,0.1,14.77,Fruity
12.58,11.08,23.2,5.4,7.61,4.3,5.3,6.5,2.97,22.44,4.4,9.02,11.42,21.18,7.39,3.91,Fruity
25.13,13.95,19.4,9.21,4.57,1.41,0.1,11.56,3.52,18.33,10.08,9.28,4.36,0.1,3.8,4.2,Alcoholic
16.02,10.53,10.73,3.64,2.54,8.69,0.1,8.58,4.78,15.59,8.58,5.1,10.0,19.77,0.1,8.47,Fruity
0.1,4.51,12.78,13.43,3.84,3.64,3.27,4.9,6.6,18.29,6.78,3.94,17.86,16.94,5.33,10.62,Fruity
6.01,13.75,12.4,8.38,5.44,7.24,6.23,3.04,8.99,13.62,13.07,11.39,6.12,6.66,1.59,7.94,Sweet
8.03,5.61,11.18,5.72,10.83,0.1,4.26,5.36,3.91,14.25,11.77,4.82,24.22,21.2,6.97,10.78,Fruity
18.64,11.02,18.28,10.63,8.44,8.59,1.29,9.79,4.59,14.5,9.66,9.03,12.95,3.55,9.98,8.71,Alcoholic
0.1,7.02,12.2,5.75,5.72,0.12,5.63,4.28,6.22,13.28,3.91,5.56,14.81,19.52,2.65,11.34,Fruity
25.06,12.21,16.41,14.99,6.95,0.95,10.44,5.75,7.1,7.28,8.92,4.67,1.67,11.2,7.81,13.2,Alcoholic
17.6,5.78,14.51,11.97,14.87,10.07,6.26,10.0,6.37,3.4,11.64,9.66,10.94,7.02,0.92,2.78,Gasoline-like
21.7,8.65,11.88,7.83,6.75,3.65,5.47,9.98,8.3,11.99,5.09,3.86,21.73,17.73,2.84,11.36,Fruity
15.76,5.41,15.69,15.07,11.13,9.96,7.27,9.89,2.96,11.04,3.39,7.0,7.08,14.31,9.08,6.27,Gasoline-like
19.08,12.59,17.64,15.05,9.87,5.56,5.74,7.31,5.21,17.42,8.38,5.29,11.52,11.32,5.39,9.37,Alcoholic
13.44,8.45,11.77,22.21,7.85,8.0,7.99,2.73,4.3,6.57,3.74,2.31,16.32,7.01,5.92,4.9,Gasoline-like
21.47,9.13,17.61,2.01,10.24,3.32,4.24,3.39,3.24,16.67,6.53,5.93,21.8,21.25,3.66,9.31,Fruity
17.22,4.87,14.41,16.4,8.41,7.88,4.12,5.13,9.32,6.69,16.58,12.3,16.76,10.91,3.99,12.48,Sweet
19.75,11.17,18.11,18.54,5.95,6.26,5.1,7.27,2.08,9.68,9.8,2.18,16.34,14.68,8.35,6.07,Alcoholic
17.93,13.34,16.2,9.56,7.51,7.41,4.98,7.35,4.05,6.0,7.88,4.67,7.19,8.92,2.08,3.19,Alcoholic
6.79,1.85,19.66,13.19,7.68,0.1,3.21,5.27,4.66,14.11,7.29,9.79,11.47,25.73,5.62,8.9,Fruity
8.42,11.56,2.69,2.38,10.59,0.17,7.35,13.11,5.78,12.71,6.43,8.89,5.08,6.56,11.44,12.55,Chemical
15.66,13.05,1.8,0.49,7.52,6.05,7.12,18.67,6.89,4.68,4.84,4.97,14.92,16.34,12.26,14.88,Chemical
25.51,10.01,18.83,6.45,13.59,5.5,4.22,7.25,5.07,10.57,11.16,6.06,12.77,13.73,1.8,2.46,Alcoholic
19.92,3.8,15.65,9.31,4.6,6.54,7.73,9.72,7.8,11.84,14.61,8.32,12.49,1.45,7.84,10.28,Sweet
12.89,0.13,16.55,5.76,6.36,3.24,4.48,18.22,3.77,3.75,3.16,8.99,9.91,10.33,10.02,14.05,Chemical
8.35,3.14,14.7,15.74,5.48,5.05,6.5,13.89,4.11,8.9,1.99,3.54,6.26,10.69,8.75,10.32,Chemical
9.8,8.89,0.99,8.18,4.16,2.1,3.87,8.16,3.57,15.95,8.26,6.75,4.96,17.47,12.34,15.98,Chemical
23.28,12.07,22.75,4.67,1.71,4.39,6.76,13.73,5.92,15.92,6.88,5.56,11.73,11.92,5.94,9.39,Alcoholic
18.32,2.65,12.64,14.7,8.68,3.56,3.51,16.02,5.45,7.34,3.55,5.28,8.44,10.58,11.11,16.02,Chemical
15.13,7.19,11.84,9.54,5.57,2.88,3.94,5.81,10.22,16.35,8.64,11.56,11.09,9.21,2.82,0.1,Sweet
27.19,9.34,18.1,10.36,5.39,5.58,6.51,13.89,8.87,9.2,2.56,6.88,11.04,15.85,5.36,16.47,Alcoholic
4.86,4.56,21.71,13.69,9.33,8.11,2.76,9.01,8.75,12.37,16.28,6.68,6.5,16.24,1.33,11.4,Sweet
3.01,6.2,11.47,2.84,6.61,8.21,5.0,19.45,9.9,12.61,3.85,8.09,1.74,3.87,7.17,12.11,Chemical
19.33,11.11,17.92,1.7,11.67,9.88,4.47,7.33,1.5,10.51,2.94,5.73,16.03,16.48,4.75,9.01,Fruity
11.16,11.17,18.0,8.38,9.89,6.33,4.94,3.69,3.72,15.11,8.21,9.12,17.59,15.21,7.74,11.26,Fruity
5.02,6.43,4.17,0.1,0.89,3.01,6.1,16.57,0.51,1.1,6.68,7.32,11.91,16.92,9.44,14.41,Chemical
14.36,4.09,11.26,15.73,12.36,7.95,1.68,12.25,6.07,4.95,13.12,4.91,9.31,15.55,4.46,10.4,Gasoline-like
14.52,7.86,6.04,19.08,5.87,5.48,3.54,20.65,3.88,13.48,8.37,9.56,16.52,22.56,2.1,4.03,Fruity
17.03,10.57,20.52,12.35,5.9,6.59,6.96,8.67,5.67,12.18,7.39,3.85,0.1,18.7,6.51,16.44,Alcoholic
20.26,9.23,13.91,14.23,11.86,4.69,1.11,0.1,8.03,15.65,6.06,2.07,14.87,18.72,7.28,7.61,Fruity
3.79,0.83,14.86,6.21,5.35,6.09,11.27,1.1,0.1,16.68,4.17,5.62,18.78,24.06,0.27,3.8,Fruity
22.8,12.37,24.45,15.53,10.09,7.0,3.22,2.14,1.6,13.69,8.71,9.85,15.95,9.33,6.81,9.0,Alcoholic
20.33,12.96,18.45,8.15,8.4,6.5,2.01,10.0,8.15,8.0,10.47,5.11,16.06,20.64,4.59,4.77,Alcoholic
23.72,13.35,19.45,11.85,8.09,5.37,6.09,14.13,5.2,6.7,9.06,10.12,18.59,3.91,9.15,8.0,Alcoholic
11.3,10.59,3.28,7.81,7.95,3.74,6.21,8.24,9.2,9.47,11.12,12.91,4.72,13.8,5.46,6.26,Sweet
6.4,6.9,2.71,8.59,15.67,5.86,1.65,14.45,4.58,19.5,8.17,0.1,14.13,22.91,4.73,5.34,Fruity
3.47,4.08,8.08,1.42,12.83,5.57,0.1,15.41,4.54,8.75,3.87,4.4,9.19,8.02,8.24,13.94,Chemical
23.67,12.85,17.66,13.32,3.19,4.53,0.1,12.58,4.76,15.88,8.16,6.01,8.71,2.95,8.13,8.79,Alcoholic
13.94,4.64,13.8,4.27,9.75,0.91,0.89,2.64,7.02,7.52,16.35,9.72,6.76,1.81,5.46,8.0,Sweet
14.75,10.04,18.92,11.46,11.13,7.83,0.95,4.91,3.54,9.42,4.53,2.27,6.13,11.03,0.1,11.37,Alcoholic
5.01,4.97,14.98,17.86,13.09,8.28,5.17,12.85,4.14,2.92,6.29,5.53,11.52,8.31,6.27,6.15,Gasoline-like
23.61,3.7,20.95,10.17,12.45,11.73,5.76,9.18,4.84,16.7,3.07,3.56,15.22,10.12,9.91,8.29,Gasoline-like
16.75,15.88,23.13,9.67,5.07,7.37,7.7,3.38,4.14,8.39,7.82,5.17,11.35,12.32,8.03,0.36,Alcoholic
22.04,9.57,19.74,14.77,10.2,6.67,7.78,11.55,4.06,11.59,6.34,1.69,8.24,6.74,4.96,10.55,Alcoholic
24.86,8.97,24.69,5.18,3.36,6.85,3.62,11.04,3.71,8.18,9.84,1.37,5.63,9.76,4.25,6.43,Alcoholic
7.72,9.9,15.45,19.2,10.02,7.24,4.07,9.19,2.99,11.79,3.53,7.8,4.72,12.28,9.04,8.61,Gasoline-like
11.02,0.63,7.85,16.52,9.08,12.14,7.3,11.18,1.16,1.2,9.64,5.1,5.54,8.17,6.58,8.49,Gasoline-like
9.76,4.3,9.81,6.1,4.82,2.95,2.47,5.13,3.82,6.84,17.49,12.26,6.54,8.86,2.16,12.27,Sweet
17.04,8.87,28.48,8.53,7.31,3.4,5.67,3.28,4.22,11.78,4.86,6.79,13.7,15.4,7.07,9.83,Alcoholic
15.15,8.49,12.02,16.25,6.75,5.85,1.86,14.25,4.37,3.48,4.29,5.9,7.09,20.31,8.08,14.1,Chemical
25.29,11.36,16.5,6.77,8.95,8.89,2.61,1.29,4.34,8.55,6.95,4.39,3.89,14.26,7.1,10.63,Alcoholic
11.91,6.99,8.25,17.53,8.03,5.66,3.83,9.48,4.54,21.06,1.29,7.7,17.02,19.32,6.43,5.4,Fruity
4.06,3.78,14.44,12.12,3.66,5.35,5.86,2.65,1.62,13.94,5.77,5.26,16.6,17.84,7.87,12.06,Fruity
11.18,11.19,9.24,17.31,13.23,9.03,1.56,8.13,2.71,2.33,4.13,3.06,10.01,14.9,5.03,4.42,Gasoline-like
10.42,4.72,14.44,17.6,11.41,7.37,5.74,11.88,3.75,12.73,8.06,8.29,15.84,17.48,8.19,13.6,Chemical
11.7,3.74,12.57,13.59,4.9,3.96,0.18,5.94,8.55,13.85,15.16,12.2,5.46,0.1,6.98,7.15,Sweet
22.2,0.1,21.01,16.61,3.72,8.02,3.57,0.25,6.29,18.04,3.41,10.72,12.19,14.67,7.09,9.14,Fruity
18.79,8.13,21.98,15.65,11.78,8.09,3.46,10.77,5.61,3.07,7.65,4.1,10.83,10.88,6.34,11.64,Gasoline-like
8.26,9.34,22.32,8.57,5.34,4.9,5.59,7.69,4.14,17.17,5.77,10.14,15.02,18.61,3.27,3.75,Fruity
6.12,5.33,12.56,4.46,6.11,6.47,2.59,14.48,5.39,7.54,3.27,12.3,10.96,17.51,9.93,15.07,Chemical
12.03,7.11,1.05,13.6,9.9,10.0,9.55,12.24,5.46,7.53,4.41,6.6,4.48,3.92,4.91,1.52,Gasoline-like
17.25,11.9,16.58,7.5,12.3,3.64,3.2,20.83,1.84,7.27,6.6,7.79,15.62,0.1,11.68,12.29,Chemical
17.49,0.1,9.5,14.21,6.52,2.91,6.03,8.04,1.62,12.82,17.83,3.96,11.44,24.77,8.36,6.28,Fruity
15.97,1.82,8.38,17.2,4.5,3.45,0.1,11.55,8.29,12.95,12.94,9.95,7.8,8.67,9.38,0.1,Sweet
11.19,2.31,7.58,9.41,4.35,3.18,4.45,14.22,3.88,7.88,5.83,5.63,12.24,16.47,7.85,13.96,Chemical
7.26,10.12,30.27,17.34,10.54,6.61,1.76,6.43,6.39,4.55,9.21,3.47,7.17,11.77,4.71,13.79,Gasoline-like
16.93,9.67,10.54,10.6,7.75,3.1,6.17,2.47,7.09,11.65,14.76,8.38,14.83,18.42,4.44,5.19,Sweet
9.62,8.97,12.93,15.56,9.94,9.68,0.1,9.5,6.86,14.93,3.65,0.76,0.1,16.5,3.37,16.35,Gasoline-like
5.63,7.21,9.47,15.01,10.03,11.54,1.59,7.31,8.12,3.37,8.55,7.34,0.1,8.19,0.1,12.54,Gasoline-like
9.13,8.65,11.72,5.56,6.02,1.46,4.46,8.17,8.53,7.18,11.66,11.57,17.69,15.45,9.76,1.36,Sweet
16.12,7.39,17.31,4.4,2.7,9.86,5.83,9.9,9.56,13.9,5.1,3.9,11.35,18.67,9.09,7.78,Fruity
10.58,5.4,20.15,10.91,1.19,5.28,3.12,17.42,4.67,16.72,9.1,7.09,11.58,10.05,11.92,10.71,Chemical
16.91,8.12,15.77,11.24,3.41,7.34,1.07,14.38,4.18,0.1,9.66,4.1,11.53,7.51,11.38,15.63,Chemical
27.0,11.52,14.55,7.26,4.69,4.36,4.88,8.59,3.67,9.72,7.22,8.46,7.38,13.37,3.81,8.77,Alcoholic
11.75,6.7,21.41,9.26,7.26,4.98,3.92,20.09,4.4,10.81,6.85,10.56,8.9,13.78,13.89,11.35,Chemical
23.69,13.88,15.7,10.79,10.64,0.1,5.4,1.55,2.03,0.1,13.18,6.27,7.71,10.18,1.52,1.7,Alcoholic
12.11,7.92,13.74,9.43,6.12,6.07,6.54,9.79,8.19,7.26,11.14,10.95,7.86,8.7,2.73,6.08,Sweet
19.58,8.53,24.59,5.91,4.57,2.1,9.06,9.62,4.6,9.91,12.74,8.49,5.6,12.11,0.1,9.22,Alcoholic
12.06,8.92,0.1,19.13,10.64,11.98,6.48,0.1,3.96,9.18,6.42,9.42,14.59,11.96,0.57,8.98,Gasoline-like
0.1,6.14,17.77,18.21,10.6,11.22,7.08,7.29,7.73,11.11,6.68,10.91,5.89,5.34,5.66,8.22,Gasoline-like
13.11,3.3,11.7,21.18,12.19,8.72,4.59,11.91,5.79,12.76,2.13,12.4,11.11,12.2,5.29,7.43,Gasoline-like
3.15,2.59,10.89,14.89,7.1,4.39,2.36,6.24,7.29,10.59,12.38,11.14,2.28,17.35,5.21,12.33,Sweet
0.1,3.46,0.1,20.77,3.95,3.42,3.47,12.01,7.47,9.46,8.55,1.14,12.49,18.51,9.68,15.66,Chemical
7.88,5.02,22.77,9.06,5.9,5.94,3.63,15.1,8.83,3.0,14.29,10.9,7.18,14.89,9.19,2.33,Sweet
15.07,14.26,9.27,12.74,9.54,0.71,4.9,18.52,5.63,10.03,7.98,7.82,7.18,6.99,6.0,13.69,Chemical
11.68,10.19,13.87,15.3,14.15,10.13,7.07,9.61,3.61,6.71,2.56,3.27,10.82,3.27,6.42,5.81,Gasoline-like
5.65,7.26,13.02,12.57,11.06,10.42,5.76,6.64,4.14,11.58,11.69,1.46,12.6,3.78,9.64,5.22,Gasoline-like
17.16,11.19,10.31,7.33,6.21,1.93,5.68,5.17,1.5,12.79,0.4,7.74,20.47,19.09,0.27,12.09,Fruity
9.63,5.92,12.28,12.56,10.01,3.67,0.1,6.1,5.26,8.37,12.48,8.83,20.93,19.05,1.18,10.61,Fruity
26.67,14.87,25.21,5.88,1.91,8.56,0.54,17.67,3.43,6.06,1.27,3.57,12.02,8.42,3.4,4.53,Alcoholic
20.27,12.02,21.38,16.38,2.39,1.93,2.61,13.2,5.29,17.36,6.61,6.56,6.53,12.55,10.43,10.17,Chemical
0.42,8.94,14.18,11.63,9.49,7.08,5.3,6.58,0.43,14.2,8.63,5.16,19.59,17.49,4.9,6.24,Fruity
9.46,6.04,14.77,10.29,11.68,1.87,5.14,12.48,8.53,9.27,10.69,8.83,1.42,13.56,6.43,10.94,Sweet
10.24,9.63,18.61,16.56,12.52,6.88,3.7,6.72,5.64,12.21,13.22,7.03,13.03,8.76,6.05,8.29,Gasoline-like
20.25,7.28,12.76,20.34,13.05,7.53,4.72,12.93,6.9,12.98,12.19,9.11,1.15,12.81,7.04,16.28,Gasoline-like
16.57,0.1,9.55,13.91,12.91,11.6,2.75,8.97,3.41,10.45,3.7,12.57,6.47,13.61,8.0,2.01,Gasoline-like
17.63,8.41,11.1,8.53,11.53,6.75,1.91,13.45,7.15,6.4,8.45,4.12,11.92,15.68,8.03,11.31,Chemical
1.33,7.97,11.37,5.81,9.27,5.3,3.98,10.79,9.45,8.82,14.98,11.7,11.12,11.16,5.25,4.51,Sweet
14.18,4.49,9.31,17.11,14.15,8.41,2.7,7.86,2.83,7.33,9.04,7.19,15.69,15.25,3.72,8.11,Gasoline-like
8.57,7.1,16.22,6.29,4.06,1.77,3.46,11.83,8.85,15.52,9.57,7.48,14.7,20.96,4.73,12.18,Fruity
5.29,8.63,15.72,6.96,8.64,4.73,0.1,10.29,9.84,10.5,11.28,9.94,10.65,2.08,10.49,12.4,Sweet
23.37,12.28,17.34,10.92,3.68,5.83,9.17,13.2,3.31,6.46,5.64,7.13,16.12,11.88,13.4,10.14,Alcoholic
16.2,4.49,14.12,13.72,11.51,9.27,5.09,8.76,1.09,8.92,9.3,2.29,13.21,15.03,5.9,9.06,Gasoline-like
17.23,9.69,12.63,8.8,1.24,6.02,4.7,6.49,6.29,12.08,16.88,11.11,11.59,21.64,4.17,10.84,Sweet
12.99,8.79,14.04,0.43,9.49,3.7,7.1,7.73,9.65,11.07,15.37,10.54,15.45,10.66,7.69,12.18,Sweet
10.93,0.13,9.2,11.05,8.62,3.76,2.43,0.1,10.83,16.69,11.14,11.22,7.38,18.53,8.45,1.06,Sweet
23.44,5.37,5.6,15.35,5.61,4.29,2.21,0.89,7.89,9.11,14.15,14.19,1.61,16.28,0.2,10.63,Sweet
11.86,6.04,11.11,8.1,10.26,9.37,3.12,7.81,7.26,8.73,15.78,11.73,10.84,15.34,5.63,7.67,Sweet
11.77,8.85,9.33,17.31,11.15,7.83,2.95,7.31,6.63,10.12,10.08,4.53,1.38,15.22,11.35,7.59,Gasoline-like
20.0,15.02,20.93,0.69,15.19,3.34,4.23,11.59,6.12,8.54,4.29,1.87,7.25,13.18,7.23,8.51,Alcoholic
19.87,13.51,18.22,6.95,7.68,3.13,7.12,17.59,4.3,0.93,9.6,3.29,16.73,9.01,8.18,6.23,Alcoholic
21.88,12.13,22.05,2.8,3.27,5.55,7.54,12.9,5.58,13.75,7.86,7.0,7.47,7.38,5.68,8.99,Alcoholic
17.62,5.76,0.1,9.31,2.65,3.26,5.7,12.09,8.08,1.78,11.85,9.51,7.88,6.0,9.15,2.75,Sweet
3.96,10.18,10.9,6.97,6.86,4.42,4.7,1.97,7.61,10.49,11.91,11.36,6.49,6.65,4.03,4.21,Sweet
21.46,7.22,6.16,1.72,1.99,6.72,4.5,13.63,5.32,1.98,0.1,5.52,13.19,15.28,7.83,12.31,Chemical
27.83,15.32,21.56,1.94,1.75,1.01,3.14,6.66,4.07,6.01,10.13,6.42,6.27,12.87,4.3,8.07,Alcoholic
9.4,2.71,4.43,7.53,2.26,4.91,8.56,16.25,5.36,16.98,9.57,4.79,7.89,23.45,8.19,10.36,Chemical
5.12,6.43,17.02,3.78,8.21,4.98,1.7,11.28,5.15,16.59,9.51,5.53,13.73,6.77,9.51,13.8,Chemical
22.73,10.22,16.76,4.87,8.1,2.82,3.21,11.08,6.38,7.27,6.56,6.44,6.45,6.89,9.51,10.33,Alcoholic
10.45,5.91,6.52,2.82,8.04,8.73,3.8,5.35,7.86,12.36,17.38,9.69,1.02,0.63,0.1,7.33,Sweet
16.74,6.37,15.59,7.63,4.51,8.5,4.81,0.1,5.83,13.69,12.18,0.47,16.03,20.94,6.87,8.58,Fruity
9.12,6.03,10.66,14.02,11.6,7.71,6.1,6.48,3.41,9.27,11.45,7.55,4.59,14.67,0.67,7.25,Gasoline-like
14.5,6.92,18.28,12.16,11.97,6.68,4.18,16.42,3.24,10.19,6.6,0.1,13.34,3.41,8.61,12.34,Chemical
12.9,2.98,7.52,9.6,2.35,3.97,5.6,7.46,2.6,15.16,11.2,4.26,19.49,21.7,8.26,14.08,Fruity
27.08,10.09,19.86,8.81,8.74,3.59,3.38,9.12,1.01,17.29,2.46,1.7,7.36,17.38,5.9,11.77,Alcoholic
11.9,10.45,9.5,9.11,3.14,3.98,7.8,4.74,5.88,8.68,12.12,12.68,9.75,15.14,7.18,6.94,Sweet
13.98,7.47,11.01,11.43,3.79,7.42,4.25,2.78,9.48,10.94,13.12,13.18,14.69,6.14,1.84,2.36,Sweet
16.6,17.17,20.4,8.05,5.71,5.14,7.67,7.58,8.91,9.15,7.57,5.37,9.43,9.65,0.87,10.18,Alcoholic
17.01,0.9,7.06,3.61,9.09,9.15,4.22,0.1,2.51,18.25,10.28,5.95,16.25,15.4,5.71,2.8,Fruity
20.6,3.73,6.16,6.4,2.2,2.82,2.0,18.97,6.7,15.9,5.25,1.61,12.82,22.89,9.24,13.81,Chemical
13.1,10.46,13.01,4.44,8.66,7.87,3.37,14.67,8.07,5.46,4.48,9.05,8.04,10.38,10.07,15.5,Chemical
19.86,14.41,19.52,10.23,7.84,5.27,4.09,10.96,0.98,8.82,6.02,7.76,11.29,8.71,5.61,11.64,Alcoholic
0.1,5.0,14.36,16.4,12.77,9.77,4.44,2.33,4.47,11.47,4.76,6.52,15.74,17.3,9.31,3.1,Gasoline-like
9.42,2.91,3.59,16.58,12.33,8.34,0.53,11.55,4.52,10.94,5.58,9.04,6.88,8.32,6.53,4.4,Gasoline-like
15.19,12.31,24.57,4.17,1.2,5.68,5.41,2.78,9.65,8.51,4.56,7.03,15.52,13.24,8.03,5.9,Alcoholic
16.47,3.35,0.34,10.23,9.57,8.4,5.7,11.3,5.44,16.32,3.35,6.38,18.88,23.79,3.95,7.42,Fruity
3.37,8.68,6.85,12.59,8.22,0.94,4.36,3.18,9.79,14.59,8.36,8.84,5.26,8.13,5.13,11.92,Sweet
24.97,15.27,16.88,5.8,7.99,0.1,4.56,3.04,6.25,3.53,14.06,10.56,8.44,7.51,3.8,5.44,Alcoholic
0.1,0.17,20.41,13.65,8.93,9.06,10.48,14.27,3.57,7.08,5.77,2.04,13.86,6.68,3.73,4.21,Gasoline-like
11.62,5.71,9.74,5.32,3.94,3.57,4.41,13.14,8.56,6.03,11.52,9.9,9.31,13.44,7.25,12.16,Sweet
12.26,11.28,11.24,8.0,10.12,5.53,9.59,11.76,8.27,5.77,11.31,12.62,13.93,11.61,7.93,10.88,Sweet
16.8,11.81,5.58,18.34,6.12,6.4,3.43,3.86,7.37,4.52,12.01,9.29,10.43,0.1,6.06,2.32,Sweet
10.25,5.47,3.56,0.19,8.64,0.7,5.21,17.59,8.5,10.64,13.62,15.02,0.1,7.74,8.28,10.17,Sweet
8.3,5.8,20.01,15.27,15.78,10.29,8.11,3.47,5.6,3.19,7.86,3.63,12.4,7.33,0.1,9.6,Gasoline-like
6.98,8.71,15.98,10.33,3.85,6.82,5.61,0.33,6.54,16.01,13.5,9.76,9.68,8.61,5.31,9.53,Sweet
24.78,10.55,16.53,4.61,8.56,5.8,4.22,5.86,7.52,13.8,6.92,9.17,12.2,14.73,7.31,9.05,Alcoholic
18.96,10.99,9.51,8.02,12.02,9.48,5.88,19.39,5.08,14.44,13.59,7.6,9.4,18.54,9.45,11.68,Chemical
24.86,11.77,22.57,14.21,11.07,9.68,2.11,16.59,1.71,12.01,10.94,3.2,11.78,13.24,2.41,15.09,Alcoholic
25.64,13.0,20.09,4.84,10.55,5.76,2.01,8.41,6.87,0.1,4.24,10.44,10.62,9.89,7.24,12.28,Alcoholic
16.34,12.91,18.63,4.73,3.77,1.72,5.61,8.42,2.83,3.72,7.17,7.1,15.96,12.08,4.46,8.11,Alcoholic
9.86,9.33,18.45,11.15,9.04,6.7,9.2,14.91,6.49,11.87,7.88,4.21,13.34,12.67,9.47,11.86,Chemical
5.89,5.92,10.23,9.2,2.15,4.82,0.21,12.11,3.2,11.17,2.61,8.29,15.48,17.36,6.52,10.29,Fruity
16.87,8.22,11.07,16.1,12.95,8.83,7.16,3.06,1.24,1.71,8.94,6.43,6.64,6.33,5.13,2.07,Gasoline-like
11.1,10.59,12.41,11.47,8.39,6.61,3.51,11.96,3.58,19.57,4.64,3.47,17.62,16.84,6.11,13.82,Fruity
3.36,1.7,19.89,9.97,2.39,3.59,0.11,18.66,5.34,18.45,7.81,5.52,11.37,17.07,10.95,13.58,Chemical
15.01,6.37,0.78,13.32,11.87,5.56,3.1,6.66,6.07,4.34,10.7,3.32,14.77,4.98,4.78,5.42,Gasoline-like
5.58,6.44,18.48,1.53,6.0,0.61,6.58,9.79,0.1,18.93,5.98,2.33,17.66,23.6,1.59,6.04,Fruity
4.83,8.43,7.52,4.33,10.13,5.84,3.48,14.58,4.83,15.25,13.02,10.83,7.15,16.51,9.48,8.2,Sweet
6.24,11.7,6.39,0.1,4.27,2.69,2.64,10.68,5.27,12.12,12.62,9.9,2.1,0.76,9.09,7.97,Sweet
16.82,1.5,9.5,0.1,4.49,2.13,6.24,9.47,4.36,19.9,2.23,12.42,19.8,18.92,7.37,5.05,Fruity
17.15,4.26,19.6,14.36,13.93,9.48,5.24,2.38,6.14,12.76,14.74,6.74,8.7,9.84,6.37,7.1,Gasoline-like
22.02,9.53,21.62,8.29,3.64,4.85,2.21,10.84,5.16,2.76,5.75,0.1,18.36,1.3,5.34,13.9,Alcoholic
7.39,6.56,9.95,5.54,3.72,6.56,2.74,16.15,4.53,14.72,12.39,8.61,14.34,26.0,7.42,9.12,Fruity
15.67,3.02,4.92,11.99,7.74,5.57,2.94,10.26,9.16,0.1,10.7,9.98,6.59,1.0,1.88,11.58,Sweet
17.07,8.48,9.5,10.56,5.35,7.76,5.32,8.45,7.85,10.32,7.43,0.87,17.05,18.67,6.1,6.64,Fruity
13.82,9.8,22.07,15.63,11.29,11.0,5.92,4.4,2.48,0.1,5.88,1.47,11.4,0.1,11.06,7.83,Gasoline-like
28.99,10.28,19.15,10.4,4.82,6.34,3.41,6.87,6.55,6.46,2.67,4.51,3.42,13.71,7.0,4.8,Alcoholic
8.93,5.95,11.9,7.73,6.18,5.14,6.95,14.34,4.24,15.13,7.72,12.86,16.68,16.42,7.3,8.62,Fruity
11.44,10.01,18.82,13.6,8.11,6.36,1.31,4.28,3.3,1.61,6.45,4.92,4.71,11.44,8.59,4.01,Alcoholic
9.82,4.89,13.88,18.53,10.41,5.54,4.74,11.69,3.35,10.86,6.62,5.81,5.67,17.03,1.94,1.47,Gasoline-like
16.38,10.89,4.74,2.98,6.81,6.78,4.74,12.75,8.64,8.91,14.48,10.53,5.73,13.25,8.64,2.71,Sweet
20.41,11.22,9.84,18.92,0.74,6.41,0.93,11.97,2.84,7.36,8.5,4.89,0.1,15.58,10.16,14.53,Chemical
19.34,10.36,19.57,7.97,7.3,8.74,6.91,2.84,6.89,11.65,14.58,11.6,2.6,7.16,2.99,7.95,Sweet
14.52,6.28,4.75,21.27,8.88,3.97,2.74,16.76,0.93,5.45,2.22,9.42,7.62,18.94,9.91,15.38,Chemical
19.6,11.52,24.81,10.2,10.26,7.32,4.21,14.56,6.47,9.87,5.64,7.83,10.3,5.91,11.09,8.97,Alcoholic
15.45,10.2,21.33,6.33,6.72,3.6,6.37,8.66,3.19,6.05,10.95,7.39,10.2,11.68,0.1,4.92,Alcoholic
12.14,4.51,17.18,8.3,0.63,3.67,4.08,9.39,5.41,3.92,6.95,1.5,18.24,7.0,9.25,14.81,Chemical
4.89,5.21,12.5,16.93,6.59,8.53,5.06,1.69,8.51,15.65,14.67,11.55,15.92,14.04,4.54,3.72,Sweet
23.32,9.59,0.1,7.43,2.91,5.18,4.36,16.18,0.1,5.77,6.82,11.35,10.01,12.18,10.47,9.65,Chemical
1.71,8.18,18.95,18.2,11.67,8.66,2.98,7.11,5.06,19.21,3.9,7.17,14.86,10.64,6.26,6.1,Gasoline-like
16.71,11.93,21.94,8.94,4.98,3.02,3.04,17.75,1.65,15.46,10.81,7.44,8.29,15.84,7.24,2.71,Alcoholic
1.56,1.24,10.62,12.79,0.1,2.72,4.38,11.9,4.44,16.82,8.94,1.08,19.32,20.45,8.09,23.27,Fruity
8.64,1.3,22.96,14.61,10.94,3.19,1.71,17.69,5.12,13.76,9.87,8.11,17.01,24.04,9.63,1.92,Fruity
4.3,3.55,18.3,9.03,4.74,5.14,6.32,1.84,5.94,12.89,14.56,12.73,9.43,5.99,6.71,5.45,Sweet
19.89,6.18,6.78,1.55,9.0,8.42,7.75,11.41,4.45,12.0,9.25,4.8,7.36,11.3,10.57,12.24,Chemical
8.81,12.81,0.1,12.99,9.56,7.86,2.44,15.88,7.05,0.1,7.39,4.67,10.33,15.7,9.02,11.04,Chemical
13.28,3.63,21.61,19.9,4.95,9.24,3.77,4.87,2.05,20.21,2.8,9.46,15.44,18.16,9.49,4.44,Fruity
16.14,6.29,23.64,2.67,6.24,0.28,4.89,14.45,5.89,2.48,7.08,7.56,0.1,4.64,8.76,17.49,Chemical
11.67,8.96,22.7,9.8,10.85,8.64,0.82,5.89,4.51,8.67,4.73,4.44,6.07,4.02,6.18,12.75,Gasoline-like
7.55,10.21,4.81,8.15,7.44,9.01,4.76,15.69,4.09,15.87,8.09,11.12,3.8,4.96,11.86,14.93,Chemical
23.19,11.26,22.04,8.38,5.02,4.91,2.97,3.6,6.9,3.49,3.89,4.91,17.64,14.16,8.14,7.97,Alcoholic
15.29,8.46,4.17,16.58,12.19,7.38,3.24,6.36,2.76,11.42,4.69,5.58,10.39,16.0,5.3,10.09,Gasoline-like
6.34,11.63,10.41,1.84,2.46,5.64,4.64,15.8,9.38,9.6,15.7,8.75,15.74,16.17,0.9,6.44,Sweet
21.85,6.89,1.16,10.95,9.33,10.46,2.76,6.87,2.46,14.01,7.58,7.78,4.59,11.09,3.96,5.81,Gasoline-like
12.0,2.44,7.02,0.35,4.46,3.19,6.21,3.91,3.55,14.88,7.34,4.93,17.19,22.29,4.0,4.55,Fruity
18.64,12.03,18.64,4.14,4.5,6.39,8.36,13.66,7.81,9.8,9.59,1.11,12.06,16.28,8.24,8.3,Alcoholic
22.84,11.46,27.36,11.06,9.33,6.19,5.39,6.75,6.46,6.46,3.73,1.47,18.98,15.66,8.18,14.44,Alcoholic
22.81,9.73,20.65,2.38,9.85,6.94,2.71,5.85,4.91,7.52,5.31,6.94,17.0,4.17,3.49,9.08,Alcoholic
23.89,11.64,29.7,14.41,3.64,4.15,6.95,9.33,3.66,7.08,2.76,7.62,12.02,11.22,5.17,0.97,Alcoholic
19.04,6.31,9.56,7.13,9.27,2.98,6.74,11.15,1.28,17.19,8.36,7.81,20.45,15.6,5.58,4.81,Fruity
13.11,8.04,13.28,8.17,5.41,5.98,1.89,8.82,1.69,15.52,5.12,1.47,17.6,24.42,6.79,0.13,Fruity
16.75,12.5,23.92,16.9,6.34,4.58,0.98,10.92,1.55,5.2,0.1,9.89,12.59,17.59,0.1,8.02,Alcoholic
0.1,2.71,10.76,14.55,3.79,5.45,3.5,19.35,4.17,8.45,15.41,7.34,0.1,1.16,11.04,9.44,Chemical
17.04,4.17,3.68,7.27,12.44,4.76,4.89,12.87,4.01,19.54,6.32,8.81,18.37,13.67,4.71,2.59,Fruity
11.16,7.61,12.66,15.25,10.82,8.27,4.08,9.23,6.68,12.03,0.1,2.19,5.04,18.3,2.57,7.17,Gasoline-like
11.3,8.8,4.12,13.51,1.61,8.08,5.53,6.13,5.9,10.14,11.42,11.48,10.46,4.19,12.49,5.66,Sweet
10.22,4.18,22.54,22.44,14.78,9.23,3.46,14.27,1.78,17.72,11.14,3.88,12.67,16.44,5.57,12.8,Gasoline-like
10.39,5.73,9.51,0.1,4.99,10.3,5.66,12.92,5.21,10.25,12.86,6.34,5.9,13.26,10.42,14.89,Chemical
9.76,3.25,19.73,9.67,9.66,1.95,1.85,7.27,1.92,16.96,0.1,5.88,22.33,21.2,4.77,16.24,Fruity
12.23,8.3,10.93,15.23,0.1,2.53,8.62,0.1,9.11,12.36,14.44,9.08,7.32,8.15,11.43,15.36,Sweet
4.45,2.3,1.17,14.28,10.76,7.07,6.74,0.1,4.45,13.3,12.3,3.02,16.0,6.52,12.78,3.77,Gasoline-like
18.05,8.56,19.21,16.98,9.75,4.45,4.23,12.79,5.23,10.05,0.84,0.1,21.16,7.96,8.89,16.43,Chemical
13.68,3.93,13.82,11.65,12.2,4.34,4.32,17.0,6.12,18.46,7.44,9.13,18.64,15.99,5.31,4.25,Fruity
16.05,7.14,6.61,17.82,8.59,5.19,7.32,13.08,8.11,8.28,12.89,13.01,9.97,14.19,6.34,0.1,Sweet
17.42,7.12,18.95,11.36,4.13,7.57,6.97,8.58,7.41,9.17,10.78,8.37,17.09,14.13,6.79,0.51,Sweet
19.05,10.26,14.04,8.9,5.35,6.82,2.56,4.08,7.71,4.23,13.0,11.74,10.14,0.1,1.99,1.9,Sweet
0.1,10.5,11.77,12.24,4.88,6.53,2.24,8.84,0.63,16.28,10.36,4.12,18.16,16.37,4.12,9.91,Fruity
12.8,5.93,14.21,4.8,4.33,6.12,0.86,11.07,9.3,20.45,12.87,12.58,7.42,21.66,5.58,10.24,Sweet
11.34,9.77,11.74,13.85,9.74,3.82,3.97,19.62,6.98,8.1,11.72,6.55,5.53,6.92,2.34,3.45,Gasoline-like
1.47,6.35,12.5,11.15,4.43,4.61,2.2,2.4,2.77,18.48,6.1,7.67,15.96,15.43,6.27,11.22,Fruity
33.25,12.72,14.17,1.5,10.2,12.23,2.94,8.58,4.28,7.16,0.1,7.73,8.59,18.67,2.27,9.49,Alcoholic
20.26,11.54,23.71,0.81,5.24,2.13,3.69,5.01,4.59,7.72,4.84,9.09,9.84,16.4,1.33,3.41,Alcoholic
29.4,13.95,22.71,12.45,4.12,9.94,8.03,8.16,7.42,12.4,12.86,5.58,4.76,9.11,3.36,6.98,Alcoholic
18.54,2.78,10.87,24.43,10.96,9.86,8.06,9.78,0.1,11.93,14.38,4.78,6.64,3.08,3.78,8.26,Gasoline-like
24.52,11.41,18.85,21.78,7.77,5.74,1.98,10.91,5.67,10.45,9.76,9.85,8.67,8.68,2.58,10.12,Alcoholic
3.27,8.64,3.83,10.24,7.6,4.97,3.63,15.02,5.56,17.36,5.0,6.39,15.0,22.61,11.15,9.69,Fruity
15.16,12.56,19.85,0.39,1.39,3.44,3.67,7.54,3.06,16.21,1.27,6.68,7.33,2.55,5.1,11.3,Alcoholic
19.64,11.04,13.89,15.78,10.91,8.79,7.86,8.47,0.1,5.1,4.98,6.27,6.27,5.81,4.07,12.36,Gasoline-like
25.09,7.75,3.55,14.09,3.67,5.93,2.67,6.69,4.9,15.01,3.6,8.92,13.54,15.82,9.93,4.72,Fruity
8.95,4.71,15.21,5.29,4.88,5.13,7.95,5.06,8.44,10.0,11.04,4.85,21.09,20.2,2.51,8.22,Fruity
20.33,13.18,16.52,7.94,10.29,1.83,5.57,0.1,1.61,8.42,9.43,8.57,11.64,7.15,8.28,2.67,Alcoholic
25.52,12.99,18.18,11.6,5.14,5.48,8.39,8.4,7.68,12.19,8.32,4.86,8.29,5.74,8.92,1.76,Alcoholic
16.75,10.23,19.09,3.69,11.85,6.15,1.84,4.44,2.32,9.31,4.82,2.32,10.81,14.12,3.91,5.83,Alcoholic
10.91,4.31,6.05,5.97,11.63,6.43,7.14,16.19,0.16,8.84,4.33,9.75,0.1,6.24,9.63,11.28,Chemical
8.97,0.1,1.13,11.04,5.63,6.45,4.32,3.91,6.63,10.6,13.34,5.93,0.32,0.1,3.89,9.79,Sweet
4.2,11.93,10.21,12.3,7.25,6.03,7.79,11.84,2.97,5.72,9.89,8.79,9.23,11.92,12.27,11.96,Chemical
20.3,9.06,6.22,16.07,11.23,10.51,3.54,14.52,7.28,4.74,4.7,7.16,11.9,4.84,4.88,13.03,Gasoline-like
14.67,9.47,11.23,8.97,9.32,5.49,6.78,2.36,4.34,20.44,5.87,5.54,15.76,15.61,0.1,8.22,Fruity
11.25,0.1,10.68,15.69,6.65,3.89,3.09,12.7,9.0,4.0,7.41,12.19,6.35,11.9,3.57,10.94,Sweet
4.57,9.61,4.78,5.25,7.96,8.52,2.29,16.17,6.68,10.1,5.98,1.42,2.83,17.31,11.23,11.35,Chemical
9.69,2.24,5.74,4.74,11.38,6.57,4.37,13.13,3.5,16.04,4.83,6.98,12.46,16.84,0.1,8.11,Fruity
16.43,14.0,19.78,2.48,4.88,5.63,4.59,9.11,0.58,10.58,7.75,4.81,3.5,5.7,6.77,7.78,Alcoholic
11.55,7.35,23.26,5.94,5.72,2.26,4.33,4.02,0.69,12.74,5.66,9.04,15.96,19.02,10.13,13.74,Fruity
2.72,9.66,14.57,9.99,12.3,4.57,3.28,19.25,8.58,11.32,14.47,8.36,12.74,14.24,9.91,14.48,Sweet
33.0,14.32,16.82,3.63,15.09,5.61,5.65,6.12,8.54,8.87,2.82,4.4,12.78,13.38,6.56,7.8,Alcoholic
16.17,3.51,14.57,16.96,9.33,9.43,8.62,12.6,7.04,11.61,11.59,9.37,6.26,8.34,6.03,6.63,Gasoline-like
23.44,8.82,21.26,3.41,2.22,0.21,6.92,10.81,9.7,0.56,8.04,9.74,4.67,3.63,1.4,3.91,Alcoholic
17.23,11.14,14.25,16.84,13.95,10.24,6.12,4.6,1.43,10.98,1.57,6.84,3.3,10.07,3.58,7.46,Gasoline-like
14.2,9.39,21.1,13.21,11.86,3.96,4.0,17.8,6.05,13.75,15.49,13.17,0.1,6.61,5.99,11.74,Sweet
23.1,11.45,17.25,7.62,11.71,7.22,3.73,9.62,4.55,13.53,4.19,8.34,9.02,10.55,0.11,7.67,Alcoholic
11.51,7.03,10.67,7.15,4.31,8.0,10.06,13.37,1.91,6.33,6.51,6.02,18.68,17.44,6.95,10.7,Chemical
17.79,11.12,0.1,16.79,10.09,11.95,4.81,4.99,3.09,12.22,5.63,0.1,14.23,12.73,5.28,11.23,Gasoline-like
19.16,6.53,1.99,11.19,12.17,4.58,4.09,10.91,5.94,7.6,11.35,10.15,15.07,10.62,4.65,9.55,Sweet
14.72,6.89,8.6,9.6,3.67,7.69,3.66,11.27,4.82,2.99,4.92,9.15,6.99,5.67,12.03,8.76,Chemical
17.16,14.16,0.71,10.87,3.63,4.39,1.52,4.61,7.48,9.05,8.29,11.2,16.19,5.52,2.31,9.4,Sweet
21.08,3.93,6.76,13.7,10.87,4.88,2.13,3.24,8.07,7.93,10.52,14.99,6.83,14.8,5.43,8.02,Sweet
16.72,11.25,11.35,13.1,8.23,3.9,5.12,6.52,5.47,18.26,9.85,0.1,13.23,12.32,4.79,9.92,Fruity
0.94,12.37,11.56,8.6,7.42,9.74,7.28,17.88,6.68,14.62,9.52,14.52,14.7,6.49,1.21,3.86,Sweet
18.24,13.24,25.36,5.38,6.01,5.12,3.09,1.27,0.1,1.17,10.97,2.68,0.1,10.06,2.44,6.03,Alcoholic
11.2,0.1,13.0,4.87,5.35,6.45,0.1,13.77,3.52,7.24,5.68,4.9,9.7,14.98,10.4,15.02,Chemical
22.38,15.42,17.06,14.07,6.5,5.52,5.17,9.36,4.34,4.68,1.74,9.54,6.8,18.22,3.55,13.79,Alcoholic
23.75,13.49,18.96,2.96,16.19,5.9,2.05,9.19,5.14,2.19,7.08,4.81,18.56,15.75,3.58,6.21,Alcoholic
16.01,1.44,16.81,14.26,8.5,6.53,7.04,20.84,7.1,8.01,4.31,7.79,14.9,7.85,9.18,14.87,Chemical
21.07,7.84,14.22,8.51,5.03,6.75,4.32,2.62,5.34,14.38,10.46,8.09,4.33,10.64,10.79,8.53,Sweet
27.43,0.1,18.52,14.29,12.7,9.4,6.65,4.99,7.29,10.69,10.15,9.35,12.46,18.35,9.15,13.9,Gasoline-like
21.48,12.79,22.01,7.73,7.05,0.1,4.55,10.54,2.65,2.83,8.01,3.66,11.07,9.26,4.37,10.05,Alcoholic
18.74,10.8,28.28,8.79,8.02,5.96,5.32,4.64,3.9,11.23,3.51,5.08,8.17,12.24,5.82,4.46,Alcoholic
17.58,7.01,9.18,13.83,4.0,2.26,4.58,18.27,4.96,17.38,5.08,10.38,11.96,20.04,0.1,0.1,Fruity
11.75,4.06,18.97,18.56,10.81,8.14,2.6,6.7,3.39,8.53,0.1,4.88,12.22,3.62,5.6,8.59,Gasoline-like
9.86,3.61,19.38,13.32,0.1,5.57,6.38,4.47,5.75,6.49,18.54,13.02,4.55,6.15,4.5,11.33,Sweet
26.55,16.04,18.05,0.1,9.97,5.52,2.5,9.62,6.78,9.89,2.78,4.04,11.29,3.0,3.94,4.18,Alcoholic
7.59,9.15,12.37,8.81,4.84,8.95,6.25,15.77,5.32,4.74,9.48,0.27,8.58,4.24,6.83,12.35,Chemical
2.93,8.41,5.34,11.66,3.33,1.35,2.93,16.14,7.12,20.46,7.27,6.05,20.95,19.61,4.91,5.66,Fruity
10.52,7.35,5.68,13.74,12.56,8.22,6.27,4.79,8.84,10.37,11.69,10.43,6.09,11.15,5.07,0.97,Sweet
7.77,3.37,12.44,7.14,15.22,3.14,2.06,14.51,8.4,13.38,12.04,7.49,10.24,2.93,9.47,10.98,Chemical
11.94,15.97,19.21,17.57,14.28,12.09,6.72,15.66,3.9,3.13,4.97,5.56,0.1,20.11,5.39,12.04,Gasoline-like
19.49,10.04,15.87,9.51,7.97,4.57,0.9,18.49,6.61,13.79,9.79,0.1,7.23,17.47,2.14,8.06,Alcoholic
10.57,9.54,5.44,2.31,9.67,5.96,3.08,14.92,7.1,4.43,11.35,8.98,10.02,8.44,13.1,15.82,Chemical
16.58,13.61,20.57,8.52,3.9,8.19,2.12,14.04,3.02,13.38,6.27,4.6,7.23,14.11,11.22,13.01,Chemical
14.27,0.1,15.91,16.24,5.03,6.15,4.04,14.12,6.34,10.43,15.38,13.18,1.4,7.33,5.11,13.32,Sweet
12.13,10.69,26.34,14.95,4.9,1.76,2.31,4.03,6.63,16.48,0.96,6.03,19.64,20.91,8.25,10.44,Fruity
20.49,10.47,17.71,15.62,7.03,4.8,10.06,8.34,8.11,6.75,12.73,9.32,17.34,3.63,11.71,14.98,Sweet
10.88,5.98,4.25,4.59,4.45,6.46,5.77,8.95,0.27,21.31,9.46,2.43,17.53,20.31,2.53,6.54,Fruity
19.56,15.34,20.23,7.17,3.97,3.44,5.3,0.1,8.17,6.58,8.27,4.77,12.61,10.04,7.67,9.54,Alcoholic
0.94,11.46,10.43,4.19,7.19,1.41,4.35,4.01,5.24,7.46,13.01,14.92,11.09,0.59,5.3,13.05,Sweet
11.74,3.87,8.98,14.69,13.82,10.06,6.2,6.63,10.56,6.1,3.08,1.27,15.5,21.72,4.44,4.79,Gasoline-like
20.78,12.44,23.01,2.19,6.21,6.22,2.89,14.59,3.35,7.92,13.39,5.24,5.97,25.48,8.0,3.99,Alcoholic
14.29,3.38,10.43,17.99,8.19,8.07,7.29,11.76,7.61,15.9,10.42,3.07,14.66,15.66,10.14,0.1,Fruity
11.95,3.13,12.47,18.11,9.21,11.07,5.26,7.78,6.46,7.3,9.59,4.91,15.4,15.25,4.51,6.51,Gasoline-like
4.73,5.42,7.21,5.48,8.9,1.7,2.87,16.18,2.26,5.31,0.1,10.12,9.7,16.87,10.75,10.05,Chemical
6.66,9.38,10.77,4.24,0.1,1.37,3.45,8.38,5.88,18.39,16.24,12.94,9.06,2.22,8.96,6.34,Sweet
24.46,15.07,22.91,10.94,5.49,4.96,5.36,3.97,7.57,9.34,5.69,4.1,14.45,8.37,10.99,4.48,Alcoholic
14.07,2.52,20.61,6.41,8.9,4.96,1.46,6.68,3.34,19.54,1.59,2.79,13.49,15.13,11.0,7.78,Fruity
11.37,13.25,2.76,3.29,11.39,0.55,5.09,22.32,5.22,12.75,8.27,4.55,17.54,21.96,3.93,15.16,Fruity
16.37,10.23,6.62,16.34,6.37,4.08,2.23,14.17,3.86,9.86,8.49,5.96,4.6,15.09,10.5,13.71,Chemical
26.44,13.05,20.04,18.27,7.05,7.5,5.17,12.87,3.56,11.01,7.99,7.88,12.78,17.59,4.4,15.21,Alcoholic
24.43,10.73,12.33,15.52,10.22,10.92,6.25,4.62,1.64,9.18,7.8,5.45,0.1,9.38,6.5,3.0,Gasoline-like
18.62,8.42,25.32,13.15,8.52,10.3,7.12,4.21,7.19,12.99,15.37,8.77,15.52,6.32,6.25,3.77,Sweet
7.8,9.21,4.22,13.73,8.61,12.57,7.98,5.04,8.43,12.06,9.88,5.67,9.98,7.38,6.41,6.11,Gasoline-like
11.12,6.41,3.36,2.32,6.18,0.1,3.78,5.34,6.68,14.96,7.35,9.45,18.05,20.79,7.98,0.26,Fruity
12.42,7.57,11.84,5.55,7.12,5.71,8.86,4.72,8.53,16.0,10.69,11.49,20.64,4.9,2.69,10.04,Sweet
11.24,5.01,13.07,16.04,6.58,3.03,5.92,4.07,7.64,12.24,9.59,11.8,4.95,6.45,8.48,6.0,Sweet
6.67,4.8,15.5,7.64,5.18,4.71,4.85,12.71,3.48,9.4,9.64,2.54,12.23,4.83,10.34,15.68,Chemical
19.51,11.85,9.96,19.2,15.69,9.51,6.61,4.08,3.03,8.25,4.12,7.58,8.87,21.14,2.0,10.57,Gasoline-like
14.45,6.48,0.1,16.81,8.95,7.71,5.33,6.16,6.57,5.93,12.87,9.64,11.23,10.14,5.84,6.78,Sweet
3.24,6.9,15.8,19.1,13.68,9.55,2.12,9.38,10.58,0.88,1.35,5.21,14.6,17.69,5.09,0.32,Gasoline-like
8.77,5.3,4.61,13.62,4.69,7.16,1.6,8.19,6.77,14.77,14.31,6.14,17.73,22.87,2.91,2.68,Fruity
14.7,12.59,19.56,5.99,4.37,5.82,2.71,2.48,9.48,5.21,16.24,10.13,7.98,8.11,8.76,10.11,Sweet
12.26,8.61,6.96,9.03,5.75,5.52,1.26,11.68,7.91,5.42,12.94,12.04,3.73,5.58,4.1,5.8,Sweet
21.32,1.71,18.54,18.14,7.81,9.36,2.6,12.02,1.62,10.13,11.84,3.55,17.29,6.27,7.9,15.25,Gasoline-like
18.89,0.1,10.3,3.39,8.33,4.07,3.01,9.51,6.39,3.67,15.02,10.04,8.78,14.44,1.15,14.41,Sweet
9.89,11.0,6.34,14.21,3.28,6.86,5.06,0.1,10.94,15.61,5.49,0.58,16.43,19.29,7.0,7.97,Fruity
10.58,14.29,21.76,11.67,12.63,2.37,4.93,16.08,3.8,1.36,5.29,6.73,13.52,6.67,7.25,14.67,Chemical
7.87,9.01,10.25,2.09,10.74,5.63,8.37,9.21,8.51,6.34,14.46,10.69,10.99,20.18,9.96,10.08,Sweet
19.42,9.32,11.14,8.22,7.44,5.88,7.72,11.89,2.04,4.67,9.14,9.89,10.11,9.66,9.5,18.94,Chemical
7.53,6.96,1.12,7.45,1.57,8.24,7.62,11.44,4.89,12.73,3.66,8.74,13.5,22.13,3.67,4.46,Fruity
15.25,7.0,15.2,0.1,4.89,3.33,7.5,20.79,3.4,9.53,3.09,5.34,8.61,14.63,11.23,10.73,Chemical
4.05,5.24,5.97,19.09,10.83,10.71,0.18,11.07,3.67,12.72,7.6,9.64,5.34,13.01,6.49,8.68,Gasoline-like
17.29,12.41,20.43,8.36,12.92,6.22,8.9,6.41,4.34,8.09,6.55,8.5,9.26,16.29,5.33,0.98,Alcoholic
25.57,8.46,23.68,8.05,5.57,8.56,6.14,10.5,9.53,12.09,2.75,7.72,5.68,23.82,9.69,8.37,Alcoholic
16.25,2.1,17.41,8.24,9.91,6.54,6.36,10.52,1.52,13.85,12.48,11.51,16.38,19.87,1.89,13.3,Fruity
14.22,9.58,7.03,7.46,11.45,10.28,5.61,11.3,4.68,9.71,6.02,10.38,15.22,12.18,7.27,1.0,Gasoline-like
14.41,3.93,12.04,3.82,0.98,1.99,0.86,13.34,4.63,3.13,7.31,10.11,12.2,4.86,13.9,11.13,Chemical
12.59,6.32,4.73,11.04,11.62,9.57,4.97,11.9,8.61,14.76,12.5,13.4,3.99,17.25,4.03,2.57,Sweet
14.55,10.01,4.16,11.66,6.23,4.57,5.86,8.09,5.82,16.27,8.75,15.01,10.41,10.83,5.76,5.47,Sweet
8.53,7.21,9.14,9.85,4.07,7.54,4.16,6.52,9.06,10.18,14.85,10.77,0.6,7.53,7.39,9.56,Sweet
19.45,6.82,16.61,0.37,7.6,4.77,5.57,6.02,2.58,12.66,8.72,5.86,20.15,20.82,7.1,2.8,Fruity
3.28,7.33,10.75,19.76,3.48,9.08,3.96,9.71,5.04,13.5,11.0,9.22,19.92,19.67,2.71,0.18,Fruity
15.71,6.65,14.78,19.42,12.84,7.33,0.1,10.53,6.45,5.25,4.91,5.74,13.58,19.05,11.13,6.67,Gasoline-like
11.51,8.19,17.06,11.02,3.03,3.88,6.01,18.15,2.89,7.57,7.6,5.67,4.28,5.56,9.66,14.13,Chemical
14.76,12.88,5.7,7.73,8.31,9.06,3.06,0.1,6.45,6.37,9.61,12.33,3.8,12.77,7.26,7.15,Sweet
9.54,8.44,10.6,6.11,0.96,3.99,5.25,2.41,7.99,9.41,13.94,12.18,2.21,10.41,4.23,7.15,Sweet
22.72,12.95,21.55,3.42,5.16,5.03,0.46,0.35,3.01,13.66,0.1,9.73,13.17,11.79,0.34,6.17,Alcoholic
8.49,11.87,17.8,13.77,13.76,9.68,2.86,12.71,5.89,18.0,7.36,9.21,6.48,5.52,8.24,13.26,Gasoline-like
18.88,6.11,1.56,7.36,8.16,2.44,3.82,2.55,7.69,9.65,10.9,10.98,8.45,15.0,1.75,4.71,Sweet
9.48,6.96,21.73,8.86,0.91,5.55,4.34,12.42,3.87,11.1,6.32,7.01,6.94,16.03,6.97,11.34,Chemical
0.1,8.1,20.46,2.2,7.31,5.61,5.21,18.11,3.38,0.1,3.63,2.75,0.1,14.44,8.03,13.38,Chemical
10.42,1.0,19.98,13.05,4.46,6.47,1.22,14.51,5.62,3.36,7.95,7.32,12.58,10.63,7.57,16.75,Chemical
13.02,1.56,12.73,9.31,7.55,4.43,2.59,13.64,5.39,17.11,13.45,12.24,7.6,19.34,5.76,13.77,Sweet
17.2,3.44,10.93,7.72,7.93,7.0,3.67,18.33,5.59,10.61,15.43,14.54,6.49,14.69,8.26,15.44,Chemical
13.85,7.75,6.24,15.46,11.32,9.63,5.36,8.32,3.54,3.75,10.27,5.26,6.38,9.19,0.1,9.03,Gasoline-like
15.29,10.12,18.58,12.88,9.37,10.99,5.4,5.36,7.04,5.46,1.23,0.1,8.96,14.29,2.92,2.99,Gasoline-like
10.79,4.15,14.0,16.52,5.3,0.81,0.84,21.94,5.53,14.52,7.42,4.37,9.19,9.13,9.28,18.04,Chemical
24.0,13.35,21.02,7.03,4.93,0.1,10.09,2.54,5.62,9.85,11.5,5.03,8.02,0.1,4.48,11.75,Alcoholic
10.0,13.47,11.07,5.94,6.47,0.1,4.1,2.54,4.67,13.96,8.45,11.4,19.36,18.99,4.7,0.3,Fruity
24.04,5.41,8.84,10.92,5.15,5.32,5.66,12.2,5.5,11.51,9.53,9.44,3.32,15.14,8.96,11.54,Chemical
16.22,1.81,7.76,13.61,2.14,9.18,4.35,0.1,6.58,15.46,6.92,5.41,18.46,22.11,9.89,7.3,Fruity
19.13,8.86,13.4,8.69,7.85,0.98,6.39,6.4,6.65,20.99,12.82,10.48,6.13,10.78,6.45,7.78,Sweet
29.07,10.49,19.63,3.38,5.67,2.62,6.08,10.77,0.1,12.59,3.88,6.04,7.3,14.74,6.77,11.11,Alcoholic
11.4,8.0,17.54,5.99,4.11,9.49,5.33,13.22,4.78,20.29,6.17,5.51,21.53,18.21,11.02,9.05,Fruity
6.94,5.87,16.67,17.93,11.58,6.49,8.9,4.51,1.37,7.82,13.29,8.49,5.66,14.45,4.64,7.36,Gasoline-like
9.65,8.51,17.17,13.35,8.45,6.03,3.31,0.89,7.25,1.07,11.15,8.74,8.4,17.83,3.99,14.74,Sweet
8.41,8.44,8.93,13.46,13.47,4.71,4.24,17.46,1.42,7.51,14.8,3.7,12.18,7.71,13.19,9.75,Chemical
2.53,9.82,15.42,14.25,5.09,7.61,0.1,5.96,6.8,9.01,14.89,7.96,10.68,15.57,7.76,0.1,Sweet
17.78,6.62,15.31,3.31,9.27,6.01,3.36,13.05,5.17,7.33,7.18,10.07,13.42,15.18,11.39,15.62,Chemical
10.56,0.1,11.37,14.58,7.03,4.63,1.01,12.54,6.81,1.35,14.76,8.42,10.6,22.49,2.53,5.19,Sweet
10.15,5.79,15.66,5.6,4.07,4.77,0.1,18.43,3.91,14.55,9.23,8.51,1.22,9.23,10.45,11.05,Chemical
4.4,4.28,9.41,5.81,12.4,6.66,7.78,5.71,6.69,13.13,10.24,13.14,7.98,17.04,5.33,5.54,Sweet
15.23,9.51,23.96,5.61,10.83,7.19,4.74,2.11,4.44,7.44,4.86,9.25,15.32,10.55,4.49,7.02,Alcoholic
23.42,7.23,6.52,17.04,4.96,8.76,0.1,6.85,7.12,0.99,15.53,6.93,13.62,5.09,7.15,6.23,Sweet
16.48,8.61,16.44,10.67,7.21,0.1,6.5,6.91,0.1,7.19,9.14,6.45,12.32,1.27,3.21,5.7,Alcoholic
20.02,10.71,19.0,12.52,7.37,3.49,4.53,8.38,3.82,0.51,8.73,3.32,7.08,8.17,6.41,7.84,Alcoholic
23.39,12.68,19.88,11.46,4.25,8.0,3.33,7.53,4.74,15.59,13.83,10.39,9.91,5.04,10.5,14.01,Alcoholic
25.75,12.31,16.25,1.7,3.35,8.5,6.19,4.0,6.1,6.99,6.7,7.54,14.87,18.89,4.26,9.02,Alcoholic
24.17,13.55,19.86,8.69,7.19,2.43,5.06,13.16,8.93,12.79,8.91,3.19,2.72,14.29,6.31,13.22,Alcoholic
20.85,11.66,25.62,14.15,9.58,6.68,4.58,2.99,2.74,3.84,5.3,1.32,8.09,12.12,5.65,13.26,Alcoholic
8.0,11.14,10.62,7.1,7.41,8.56,4.25,15.62,5.99,12.49,5.05,9.16,8.38,16.57,11.56,15.2,Chemical
9.62,7.59,3.47,15.6,14.16,10.92,5.59,13.03,3.81,7.99,10.37,0.1,4.26,14.26,5.4,8.14,Gasoline-like
20.22,11.65,18.86,3.36,8.2,6.84,4.06,14.26,4.33,4.08,10.25,0.19,11.44,11.03,9.38,13.71,Alcoholic
14.83,1.28,12.84,5.85,6.95,0.75,6.75,11.48,10.81,11.54,10.73,12.83,15.79,15.32,1.45,6.51,Sweet
24.67,11.21,17.78,14.94,5.32,5.93,3.86,7.77,1.15,10.05,1.26,8.11,10.48,8.99,3.26,4.3,Alcoholic
24.38,6.5,8.48,10.27,8.07,6.63,1.79,12.46,3.04,14.63,5.04,2.47,19.48,19.97,3.25,4.36,Fruity
7.54,7.43,16.58,3.52,10.79,9.04,3.35,4.44,4.13,22.9,7.01,12.21,13.37,16.37,4.87,5.99,Fruity
27.61,7.07,7.29,9.31,5.86,2.15,4.38,4.51,1.73,21.05,10.95,10.01,20.52,25.92,1.96,4.6,Fruity
21.54,8.93,11.82,5.47,5.69,7.45,4.26,6.08,5.13,18.02,1.83,7.16,22.67,23.65,10.35,5.91,Fruity
14.13,4.39,5.44,19.64,9.08,9.06,1.69,8.64,3.66,15.5,10.95,7.55,10.71,17.54,1.87,11.85,Gasoline-like
12.31,7.71,6.43,7.95,13.69,0.1,0.1,16.86,5.75,9.59,6.68,1.05,3.53,21.35,9.3,12.55,Chemical
21.9,6.46,0.1,17.47,12.73,8.22,4.95,14.93,4.33,16.73,9.37,4.25,14.6,15.08,7.9,4.98,Gasoline-like
25.49,11.7,19.65,1.12,8.31,2.29,3.13,10.78,1.76,4.55,9.34,6.35,17.84,8.06,8.38,2.02,Alcoholic
0.1,2.98,11.67,3.91,4.32,7.28,4.72,5.64,5.47,18.83,1.62,2.29,20.56,19.22,0.1,0.75,Fruity
0.1,8.4,5.83,15.0,0.5,4.8,9.56,6.2,4.75,12.49,0.88,11.83,17.57,20.17,0.1,7.12,Fruity
8.69,8.58,8.97,10.27,6.53,4.42,3.76,11.22,3.5,14.9,7.4,6.27,19.19,18.65,8.07,6.09,Fruity
12.16,9.62,10.2,16.12,10.61,7.54,2.18,6.45,2.61,15.06,11.61,6.21,17.38,16.25,3.82,0.54,Gasoline-like
12.66,13.99,14.17,9.89,2.12,7.41,2.43,14.31,2.62,13.55,8.02,2.1,8.53,9.33,10.4,15.69,Chemical
1.66,3.87,7.5,14.57,11.9,8.12,4.75,9.2,2.91,11.15,8.47,2.5,13.45,13.4,10.11,7.81,Gasoline-like
7.52,10.05,6.99,17.24,9.34,6.49,3.24,7.19,5.56,11.6,0.1,3.12,10.49,12.59,10.76,11.49,Gasoline-like
10.35,7.17,14.84,3.91,10.42,4.3,0.1,11.28,4.52,15.58,7.22,9.67,20.35,20.68,3.41,5.67,Fruity
19.84,11.79,19.81,11.14,15.81,6.21,3.65,5.35,7.88,6.9,7.69,2.71,5.62,16.33,5.02,10.59,Alcoholic
22.52,0.81,6.29,11.91,11.99,10.16,0.1,13.35,5.9,6.92,4.26,6.95,19.04,11.0,5.87,9.13,Gasoline-like
13.3,8.13,19.77,5.88,7.99,3.65,1.47,11.54,7.94,10.85,12.33,11.75,3.44,17.67,6.64,7.35,Sweet
12.35,11.81,13.32,1.75,1.67,4.19,8.32,9.01,8.12,13.39,13.79,12.59,8.99,6.92,4.18,0.27,Sweet
16.33,6.31,11.68,4.33,11.08,4.17,4.67,12.44,7.99,13.33,15.48,11.1,4.43,8.5,13.58,13.25,Chemical
24.14,9.13,12.86,7.43,6.83,7.41,5.08,9.59,9.83,7.04,17.56,14.34,19.2,12.06,4.8,9.43,Sweet
21.22,10.08,18.09,4.47,8.34,1.83,2.47,9.43,7.44,14.43,5.26,11.01,0.1,23.02,6.18,9.42,Alcoholic
2.27,8.51,7.37,16.92,12.03,7.93,6.0,7.75,3.47,8.9,6.77,5.38,7.29,17.63,5.5,4.95,Gasoline-like
25.31,10.28,9.78,16.6,8.03,8.52,6.35,0.1,5.63,3.35,13.8,6.48,10.18,12.42,4.31,8.69,Gasoline-like
8.51,6.56,20.82,15.19,11.84,6.07,7.94,0.1,3.2,0.1,2.65,12.38,12.53,18.33,6.2,11.8,Gasoline-like
21.4,9.94,21.56,5.14,6.95,3.9,1.34,2.54,5.26,7.14,0.68,2.82,11.64,5.76,0.1,4.21,Alcoholic
23.79,9.83,21.3,8.06,4.08,4.18,7.82,4.43,4.95,10.12,13.92,9.91,10.92,4.85,4.96,13.35,Alcoholic
29.07,8.61,14.75,14.99,10.69,7.51,3.67,15.68,5.78,10.19,5.51,11.01,7.34,12.86,10.62,13.86,Chemical
14.93,7.73,14.22,15.02,10.82,8.37,2.48,11.94,5.69,4.35,4.07,6.5,8.72,12.52,6.43,12.29,Gasoline-like
6.67,7.98,10.17,19.48,13.56,8.79,4.47,11.61,6.79,12.93,4.77,0.1,2.53,15.63,5.43,6.99,Gasoline-like
13.44,9.05,4.04,11.7,8.33,4.76,3.63,10.54,5.99,6.03,9.9,8.68,9.2,14.04,8.38,13.12,Sweet
21.07,13.65,24.54,15.35,9.51,6.73,7.31,0.1,5.69,6.98,6.16,7.05,9.28,10.12,9.76,7.53,Alcoholic
1.89,7.65,2.88,7.05,6.82,8.32,1.22,11.49,1.61,14.4,0.1,13.42,18.68,17.13,1.3,4.02,Fruity
13.28,7.6,22.46,7.27,13.04,0.56,1.77,9.71,6.06,15.69,0.1,7.05,13.26,21.98,5.31,5.65,Fruity
11.12,8.56,9.98,5.5,6.82,2.83,6.45,9.75,4.3,9.32,4.92,6.41,7.34,19.82,8.28,14.41,Chemical
14.84,7.2,17.18,20.2,17.9,8.96,6.95,13.9,5.81,0.1,7.18,6.32,8.95,7.41,2.81,16.4,Gasoline-like
19.67,5.96,18.23,11.53,11.42,10.08,5.32,13.13,6.77,16.07,8.02,3.93,5.25,4.23,7.0,10.14,Gasoline-like
11.1,7.38,9.06,5.54,4.56,4.46,3.34,2.35,2.33,11.45,1.32,5.16,14.46,21.46,4.41,1.92,Fruity
0.1,2.38,2.7,4.39,5.05,4.86,5.44,4.41,7.87,10.68,12.66,11.98,14.63,12.32,0.1,6.73,Sweet
7.7,13.17,10.42,2.05,6.35,6.74,3.64,3.83,3.3,14.4,4.42,9.77,17.61,21.78,3.7,4.58,Fruity
29.89,11.91,23.73,10.66,3.61,7.78,2.22,6.0,7.7,9.86,7.2,5.9,10.22,4.96,5.15,7.88,Alcoholic
15.88,9.68,8.24,13.21,7.78,5.93,3.11,8.4,5.15,11.54,6.02,9.22,1.86,2.65,8.37,4.59,Gasoline-like
17.54,12.3,24.03,11.48,8.81,8.93,3.9,9.06,6.81,9.69,4.17,5.35,3.05,10.33,1.91,6.8,Alcoholic
19.81,13.21,24.41,5.56,7.68,7.77,5.16,8.74,1.79,3.51,14.48,4.12,13.53,17.31,6.23,7.15,Alcoholic
12.93,8.85,8.25,13.84,2.58,2.64,0.1,17.97,4.46,4.75,8.05,7.23,0.1,14.14,8.05,15.22,Chemical
13.08,3.42,24.98,17.13,15.78,9.0,4.87,13.39,4.69,9.19,0.1,11.69,4.6,22.49,5.46,14.52,Gasoline-like
26.5,11.32,17.19,3.69,10.5,2.33,3.29,8.16,0.79,7.4,4.06,7.49,7.78,26.2,4.81,5.94,Alcoholic
19.78,4.43,25.08,7.15,5.76,7.15,5.8,20.43,8.31,6.76,12.88,9.39,7.87,14.94,6.19,5.44,Sweet
15.39,7.99,7.97,8.81,6.12,8.67,7.39,19.06,9.04,11.49,8.93,7.6,3.36,1.86,8.1,12.1,Sweet
8.0,11.78,16.85,7.53,2.22,6.34,6.74,9.05,7.19,18.99,10.96,11.62,11.54,16.77,1.55,8.25,Sweet
10.59,5.83,5.95,9.64,10.36,9.42,2.66,13.23,6.95,12.67,8.21,11.8,13.79,16.62,9.46,10.03,Fruity
10.48,10.0,11.04,16.94,7.45,9.01,5.36,8.55,6.29,5.67,7.3,5.08,7.42,15.42,8.14,5.18,Gasoline-like
23.62,12.46,12.03,3.15,7.96,6.62,0.87,7.04,4.54,0.94,5.89,8.32,9.07,14.91,1.29,6.08,Alcoholic
7.11,13.77,15.22,8.89,4.92,5.82,7.15,8.58,7.53,17.03,10.16,2.72,2.07,20.87,8.52,17.11,Chemical
10.93,8.29,20.86,19.33,10.66,9.63,3.47,0.62,8.1,1.54,9.11,6.23,13.88,9.54,7.39,5.01,Gasoline-like
27.65,0.1,6.9,5.92,5.37,4.19,5.6,8.14,6.63,11.23,14.06,13.57,11.62,18.88,0.1,7.29,Sweet
7.84,7.19,11.68,7.41,7.31,10.07,6.13,5.1,3.95,14.54,11.76,10.68,9.17,26.09,7.96,5.0,Sweet
20.47,13.4,26.75,5.37,9.02,5.98,3.35,14.85,7.99,11.97,4.65,7.55,11.15,0.1,4.31,7.62,Alcoholic
16.03,6.13,5.1,10.35,7.78,5.66,9.51,13.23,2.48,11.83,6.16,4.68,3.92,0.1,8.34,14.87,Chemical
25.84,12.85,20.08,18.07,7.8,6.95,5.64,8.33,3.45,0.1,3.22,8.33,14.46,10.28,4.78,3.83,Alcoholic
9.36,9.9,13.52,6.1,7.66,0.1,2.02,6.15,10.31,18.42,12.03,9.17,11.54,0.1,5.64,3.11,Sweet
11.53,7.83,0.1,15.04,7.62,9.17,4.55,0.1,7.37,9.67,8.93,2.9,2.75,19.47,8.9,14.13,Gasoline-like
5.62,10.42,25.19,17.67,13.54,9.6,6.55,8.55,5.55,13.23,2.45,15.57,7.95,9.18,5.61,4.34,Gasoline-like
8.22,6.62,23.92,5.84,0.1,5.63,3.86,0.1,6.18,13.85,9.58,4.04,13.3,16.1,1.81,12.98,Fruity
17.68,10.55,3.2,11.43,11.06,7.44,7.44,8.09,7.15,8.47,6.49,5.36,13.6,11.13,6.71,5.33,Gasoline-like
11.74,2.59,0.1,16.51,11.64,8.46,3.28,10.34,5.5,13.23,6.55,14.05,8.16,1.3,9.88,15.81,Gasoline-like
8.16,3.42,6.23,8.26,5.83,1.36,6.14,14.09,2.49,0.84,7.45,10.66,16.67,10.42,9.57,14.88,Chemical
20.99,11.14,3.42,6.24,3.78,3.88,2.11,14.07,5.98,16.88,4.18,8.11,8.82,22.54,9.23,4.25,Fruity
9.13,8.32,15.63,6.24,12.25,4.72,6.42,15.45,5.48,14.45,3.33,3.74,1.75,13.37,10.66,16.13,Chemical
23.06,8.86,14.5,15.96,6.22,4.62,4.11,12.12,4.8,14.23,13.54,4.94,15.79,6.43,6.35,1.86,Alcoholic
14.81,4.71,13.63,1.67,5.74,0.1,2.6,7.17,6.8,16.25,5.05,3.82,12.75,17.29,3.08,9.65,Fruity
6.69,8.0,8.13,0.1,4.36,5.78,5.84,9.28,6.59,16.48,12.51,2.87,18.55,21.84,0.99,3.61,Fruity
3.77,3.68,2.13,16.2,13.14,11.04,5.72,6.95,5.72,6.43,11.12,4.57,11.37,7.08,10.19,6.46,Gasoline-like
9.75,9.86,3.51,4.74,8.23,5.35,4.95,9.62,5.68,11.39,11.83,4.22,19.11,16.89,5.15,4.33,Fruity
23.61,11.43,10.59,18.42,6.25,7.09,3.45,14.79,5.68,14.09,4.0,6.71,14.73,19.5,7.65,4.16,Fruity
10.73,8.44,12.44,12.45,0.55,6.51,4.23,7.8,8.02,23.67,13.01,11.11,15.29,11.99,4.59,10.9,Sweet
14.06,1.71,13.03,15.18,10.7,7.11,1.18,16.94,5.16,15.97,2.54,9.96,11.08,9.0,1.42,2.02,Gasoline-like
11.43,1.47,18.8,12.62,8.24,4.89,4.28,15.03,6.09,17.25,11.33,6.2,15.72,22.28,2.97,9.63,Fruity
13.64,6.19,17.6,0.1,5.56,4.59,4.09,17.62,7.76,7.83,12.59,12.57,2.7,13.75,5.5,6.79,Sweet
9.7,7.12,0.1,14.19,10.91,10.83,3.62,8.62,5.08,10.69,13.65,6.87,15.89,23.99,7.95,10.57,Gasoline-like
15.16,8.2,13.57,15.37,14.43,8.8,5.62,5.7,6.38,10.52,12.07,6.42,12.21,14.89,8.26,2.58,Gasoline-like
14.9,10.8,7.41,3.84,8.03,4.63,3.4,12.21,7.45,3.48,12.52,4.52,15.28,9.11,6.68,9.74,Chemical
16.48,9.67,13.56,8.3,10.02,8.5,3.85,7.18,10.48,9.83,11.62,13.6,12.38,21.08,4.45,8.33,Sweet
21.95,11.91,14.65,15.18,2.06,3.36,6.87,12.19,1.11,8.64,10.12,8.66,10.37,7.62,5.7,5.21,Alcoholic
16.89,3.11,13.96,15.49,13.36,8.58,6.5,0.1,7.1,7.96,9.73,8.53,5.04,18.39,5.38,9.47,Gasoline-like
21.82,12.04,22.13,10.87,4.94,4.86,0.1,5.49,6.76,9.23,6.22,0.59,3.55,9.45,9.11,3.8,Alcoholic
20.17,13.58,15.55,7.73,10.01,2.58,5.09,9.23,0.1,16.14,6.64,9.4,9.5,4.09,5.76,8.75,Alcoholic
2.6,7.01,17.72,6.21,6.05,0.1,5.97,15.12,0.1,7.99,2.87,2.58,11.84,13.97,9.31,12.33,Chemical
30.21,0.1,17.44,8.4,6.04,4.61,3.53,13.08,5.14,15.84,10.01,0.28,13.18,12.36,4.84,6.4,Fruity
5.66,8.0,14.38,13.8,5.37,6.96,5.8,18.54,3.19,6.23,3.43,8.44,6.05,7.24,8.86,12.5,Chemical
8.58,7.73,17.69,14.26,14.69,10.37,1.67,5.24,2.6,11.84,0.6,5.25,15.0,4.8,6.19,4.61,Gasoline-like
14.84,5.89,12.49,8.14,3.97,3.21,7.66,8.82,5.83,9.01,16.46,7.97,7.31,17.03,3.65,6.51,Sweet
18.48,10.19,8.72,16.1,11.88,7.99,6.97,14.56,4.1,8.75,8.68,8.81,9.39,18.25,7.71,0.1,Gasoline-like
7.1,11.61,12.21,14.65,11.01,9.33,4.29,14.88,6.37,6.38,5.8,8.21,7.97,8.71,9.55,0.91,Gasoline-like
11.89,5.64,20.69,9.67,6.25,4.92,2.53,14.82,8.92,7.93,10.75,5.6,2.89,12.72,14.72,15.4,Chemical
2.48,13.8,7.41,12.06,7.75,2.9,4.28,7.69,0.19,17.81,4.03,4.0,15.76,23.97,2.88,10.35,Fruity
16.15,10.18,0.1,1.28,4.04,0.62,5.08,0.1,8.79,10.99,14.12,11.0,9.75,2.38,5.02,6.81,Sweet
22.03,12.15,22.1,9.53,9.31,3.03,1.76,20.83,4.56,16.05,13.22,10.07,10.48,9.96,3.29,13.02,Alcoholic
3.83,9.34,12.86,4.73,9.6,4.68,3.53,19.53,7.13,8.81,4.82,5.5,2.61,18.59,14.26,12.54,Chemical
9.6,7.34,14.41,6.23,7.06,6.69,6.72,11.98,4.72,0.1,4.89,5.14,13.98,13.96,11.03,13.73,Chemical
7.38,7.73,4.9,9.6,12.53,4.89,5.03,17.89,4.53,7.11,11.06,6.21,14.05,8.74,12.0,18.03,Chemical
15.32,3.72,7.86,13.95,15.49,9.83,5.45,11.1,4.97,11.31,5.57,5.76,3.06,22.39,8.93,0.1,Gasoline-like
18.05,11.6,32.44,9.68,7.51,7.65,7.71,10.61,5.82,1.74,5.87,10.71,11.43,6.51,0.77,6.12,Alcoholic
28.69,12.02,7.19,8.64,5.74,4.73,10.31,13.25,2.89,3.58,6.45,6.13,6.4,11.76,10.17,12.64,Chemical
11.08,9.7,15.11,7.38,6.05,5.17,4.16,8.57,4.68,14.78,9.74,7.22,20.37,19.55,1.95,13.62,Fruity
9.02,4.63,6.76,11.18,7.95,5.68,2.86,6.61,3.61,16.28,8.55,10.29,15.33,17.64,3.92,11.58,Fruity
12.56,2.34,1.01,7.25,10.62,1.97,7.36,13.18,7.25,19.08,15.92,3.66,17.39,18.31,6.73,11.37,Fruity
9.19,3.6,10.7,16.04,5.76,6.12,4.38,7.86,6.5,0.37,16.13,12.77,6.38,5.54,4.61,6.05,Sweet
24.45,12.19,21.09,10.89,7.47,4.64,6.47,8.8,6.54,7.23,7.15,11.88,10.92,16.42,4.84,1.72,Alcoholic
14.87,7.64,13.47,18.14,11.11,7.95,8.34,11.65,3.9,4.52,11.48,5.28,10.96,3.06,5.95,12.59,Gasoline-like
10.23,5.35,10.32,9.39,10.75,7.52,5.56,1.89,9.64,9.56,13.93,14.16,14.55,12.89,5.35,3.83,Sweet
4.34,7.08,12.28,17.45,12.03,7.02,3.41,11.93,5.49,15.81,9.52,6.6,8.27,10.56,5.29,7.12,Gasoline-like
8.5,2.79,19.86,17.12,12.08,11.34,5.58,10.48,7.16,7.35,9.34,10.1,13.86,13.82,5.01,12.19,Gasoline-like
14.95,9.68,9.81,21.64,10.94,9.06,3.39,4.76,5.7,5.36,6.31,5.56,15.17,14.93,6.88,4.62,Gasoline-like
5.63,9.96,10.25,6.4,5.24,4.1,6.81,3.23,5.09,6.39,10.88,11.29,8.34,16.23,11.77,5.92,Sweet
19.52,6.5,17.31,17.67,11.8,8.1,4.45,6.61,5.58,3.73,5.52,2.52,12.1,7.72,2.15,14.13,Gasoline-like
19.92,9.38,16.91,17.07,11.66,10.39,3.71,16.27,5.5,13.89,13.79,6.13,7.69,14.86,8.88,0.1,Gasoline-like
11.83,10.63,10.85,4.55,9.0,10.89,2.13,9.72,2.82,14.86,8.64,3.89,11.74,4.03,11.17,12.86,Chemical
7.63,8.9,8.16,7.18,10.89,4.53,5.34,14.54,5.64,3.73,1.12,4.04,9.04,10.96,9.17,12.73,Chemical
24.16,5.86,12.53,16.74,3.05,6.67,6.15,10.02,5.64,19.29,6.2,0.36,21.32,16.52,7.69,5.49,Fruity
6.48,2.62,2.59,14.62,11.07,11.25,6.52,11.91,5.98,7.17,9.32,6.04,5.79,15.14,13.44,7.0,Gasoline-like
4.83,6.67,15.99,8.43,6.68,6.64,0.4,2.51,5.73,13.82,16.87,6.21,16.84,17.98,5.43,9.16,Fruity
26.53,13.7,19.04,10.11,10.7,3.55,2.47,9.11,5.04,1.58,9.71,8.13,13.41,14.61,6.28,8.4,Alcoholic
7.89,13.28,11.42,5.61,4.65,2.36,0.1,16.2,5.45,13.08,4.22,8.71,6.87,15.29,12.03,14.43,Chemical
3.99,1.35,17.44,10.1,6.11,8.49,5.37,11.35,6.48,10.18,14.44,9.07,11.56,13.55,7.93,8.52,Sweet
0.1,3.33,9.0,8.46,14.19,8.44,3.62,12.15,4.95,14.17,0.38,7.27,16.57,18.25,5.51,3.1,Fruity
15.99,0.34,14.75,15.48,2.09,5.95,3.11,9.7,7.59,10.13,10.24,13.87,7.55,17.31,5.35,5.76,Sweet
24.3,12.81,21.19,16.17,2.47,10.37,2.69,9.49,0.42,5.43,8.78,3.28,6.49,5.85,4.07,10.85,Alcoholic
10.96,9.06,12.53,6.22,12.17,0.1,8.11,3.15,3.93,15.67,4.94,10.25,13.98,20.6,5.17,6.89,Fruity
0.63,8.66,10.59,10.5,11.99,8.2,9.77,12.93,9.22,7.18,12.64,12.26,12.7,8.34,4.24,0.1,Sweet
11.42,5.43,10.14,7.01,12.59,2.83,8.18,22.92,1.54,8.2,4.99,13.24,6.04,14.45,10.47,13.34,Chemical
29.34,9.58,1.29,8.37,8.3,9.06,2.03,2.46,7.3,16.84,5.52,8.87,9.36,19.73,7.6,9.16,Fruity
19.04,14.29,17.27,12.08,8.87,4.04,3.91,6.22,6.35,1.23,4.29,6.57,16.45,13.88,9.29,7.83,Alcoholic
18.72,15.15,19.27,1.92,6.48,5.56,5.04,8.85,5.78,4.03,14.13,8.04,16.31,17.32,5.72,1.31,Alcoholic
10.81,1.49,5.5,11.02,12.14,10.67,0.4,3.81,7.52,5.86,5.1,8.42,5.3,9.06,7.55,0.82,Gasoline-like
20.75,3.14,11.2,9.91,6.62,2.91,5.16,17.04,2.52,7.52,5.94,3.82,13.64,15.26,9.44,16.05,Chemical
7.3,4.49,9.51,14.82,8.47,5.97,4.38,17.61,5.52,9.22,6.0,11.91,12.27,11.53,6.07,0.26,Sweet
10.47,2.09,14.6,6.27,5.65,6.29,5.46,17.74,2.03,5.24,8.69,11.97,7.66,20.39,7.75,16.25,Chemical
23.22,11.28,22.46,13.96,8.53,0.34,0.1,11.46,3.18,10.1,2.7,4.73,7.9,9.6,6.41,11.13,Alcoholic
10.45,5.95,3.82,10.4,3.39,6.1,2.86,10.09,8.13,10.67,11.0,13.08,9.97,12.42,6.32,6.38,Sweet
4.53,6.5,21.62,8.34,4.14,5.26,4.89,16.39,6.26,8.39,12.95,5.37,14.2,14.8,11.67,15.41,Chemical
7.61,1.95,14.29,7.1,3.27,6.82,4.54,20.93,5.33,10.59,6.69,0.1,12.92,15.84,9.95,14.89,Chemical
14.89,8.46,0.1,14.66,13.1,6.76,5.67,18.17,3.84,13.95,5.48,7.16,8.37,14.06,13.34,11.48,Chemical
14.58,10.06,17.79,6.73,4.77,3.88,5.3,5.55,1.38,16.51,13.1,5.83,15.8,21.61,2.82,8.24,Fruity
12.59,8.55,17.09,3.3,2.88,5.04,5.52,16.5,1.13,6.43,14.22,7.39,8.22,1.44,9.24,11.07,Chemical
16.65,8.02,26.46,6.97,6.5,3.45,2.75,12.08,1.48,15.03,8.63,12.27,7.56,10.89,8.74,12.09,Chemical
26.49,8.08,22.28,14.33,6.97,2.3,4.08,9.94,5.48,0.1,2.33,6.34,11.61,12.41,5.02,8.56,Alcoholic
18.41,8.68,8.67,9.09,2.16,5.89,0.91,14.97,1.85,4.0,3.95,7.96,8.3,5.17,12.72,14.9,Chemical
10.43,8.33,21.46,14.07,13.79,7.25,4.88,5.39,2.52,18.56,8.28,6.48,8.81,11.57,4.55,9.55,Gasoline-like
22.42,12.13,24.25,9.02,10.1,0.53,5.87,8.71,6.45,11.25,3.18,7.19,13.95,8.83,5.78,4.62,Alcoholic
22.09,10.11,21.77,10.55,4.78,5.62,0.1,14.94,5.14,4.57,10.09,2.2,9.88,13.09,7.06,5.24,Alcoholic
11.91,6.58,18.51,16.75,10.41,9.23,8.71,4.05,5.82,7.07,3.25,9.55,12.55,17.77,7.38,5.62,Gasoline-like
15.38,10.12,2.69,3.37,9.53,2.17,6.76,13.05,3.08,3.7,10.61,5.67,7.24,12.53,11.51,12.69,Chemical
7.93,9.29,13.86,5.14,3.44,4.13,4.12,21.35,2.74,6.81,12.28,9.9,14.68,8.77,12.14,15.48,Chemical
13.46,12.06,7.51,18.66,10.04,11.65,4.07,9.83,3.03,9.98,9.26,0.1,9.34,10.14,1.72,3.99,Gasoline-like
20.98,6.0,1.67,14.34,16.15,8.85,1.9,22.21,6.69,3.43,15.01,2.15,4.49,16.97,10.04,13.66,Chemical
22.52,13.23,22.45,9.24,7.75,5.59,2.11,0.55,7.31,10.57,9.18,10.37,9.21,1.22,4.51,6.93,Alcoholic
8.32,4.92,10.64,15.3,1.26,4.43,0.1,7.34,8.1,14.79,11.36,10.64,10.29,17.29,5.17,6.63,Sweet
9.14,5.61,17.53,14.04,9.04,3.23,5.36,14.1,3.46,13.44,7.1,2.4,7.93,13.29,9.48,14.12,Chemical
21.01,7.27,25.1,13.33,6.36,2.12,7.85,14.97,5.27,4.24,5.23,2.83,17.58,12.22,9.78,13.14,Chemical
10.4,8.34,17.28,12.95,12.56,6.55,0.1,13.65,5.57,10.51,1.62,5.97,13.43,6.03,8.52,11.33,Gasoline-like
16.66,1.24,17.38,13.85,4.14,7.32,5.21,10.43,3.01,15.82,4.75,3.1,21.74,16.86,4.06,0.1,Fruity
16.81,10.03,8.28,18.61,15.09,11.61,1.75,16.32,4.76,0.76,9.94,7.98,6.79,12.08,6.21,8.37,Gasoline-like
25.39,10.33,16.97,15.19,12.04,8.64,0.1,14.18,4.57,8.86,12.63,3.99,5.12,19.67,6.53,9.83,Gasoline-like
11.4,7.97,9.74,15.81,14.27,10.64,1.47,4.06,2.68,5.26,6.19,4.54,14.25,8.37,11.01,7.66,Gasoline-like
11.39,9.14,0.1,5.55,6.45,3.74,3.47,18.51,2.72,9.91,5.41,6.33,4.2,9.79,8.98,15.05,Chemical
14.72,2.83,11.16,14.97,4.92,1.68,3.42,8.99,7.7,9.91,9.69,11.86,12.02,11.24,5.42,7.58,Sweet
22.9,3.28,18.01,7.65,0.1,3.88,3.23,14.35,6.22,12.62,7.99,10.6,17.4,18.61,5.64,11.81,Fruity
8.71,5.61,15.8,8.01,7.01,1.74,0.1,7.85,3.43,16.73,19.59,9.34,25.08,21.64,5.03,10.31,Fruity
29.93,9.68,22.13,3.16,4.1,7.96,6.25,9.04,2.01,11.85,11.22,2.06,20.09,19.45,8.0,6.94,Alcoholic
5.51,9.99,17.77,16.69,10.29,9.06,5.45,16.8,1.61,11.46,2.56,7.07,9.52,18.05,8.53,7.89,Gasoline-like
4.23,6.58,18.77,2.73,3.66,9.88,6.22,11.65,5.15,14.6,9.42,9.32,17.77,27.04,4.31,5.75,Fruity
15.32,4.56,8.69,7.29,8.71,3.09,6.29,5.77,1.24,13.45,7.06,12.83,18.7,15.2,8.03,3.45,Fruity
20.02,15.46,14.11,13.65,3.81,1.58,0.1,7.75,6.55,11.64,4.41,7.67,12.92,13.69,12.19,12.03,Alcoholic
3.8,12.24,21.93,14.25,12.64,7.7,6.15,6.59,7.45,6.74,10.43,10.8,2.0,8.93,7.62,13.33,Sweet
8.79,6.62,15.89,5.2,5.43,3.11,1.01,2.1,6.63,5.5,14.11,13.33,8.8,3.17,2.93,7.09,Sweet
0.17,0.24,9.66,15.3,11.37,8.39,2.81,10.26,4.3,11.75,5.02,10.43,3.8,13.07,4.04,9.18,Gasoline-like
24.09,6.63,4.93,10.3,4.47,2.14,2.16,11.73,7.34,5.57,12.24,10.65,11.51,8.8,7.34,3.57,Sweet
19.39,5.56,11.72,7.88,3.17,5.47,6.78,16.31,7.86,18.35,3.68,7.7,10.5,2.63,11.06,15.39,Chemical
10.7,10.24,8.74,9.35,6.23,4.7,1.03,4.79,8.76,9.02,13.09,9.33,14.02,9.45,3.12,11.5,Sweet
0.98,9.57,13.34,9.36,5.77,2.62,9.82,9.52,3.07,13.17,8.54,11.36,20.1,22.61,5.79,7.75,Fruity
13.0,11.71,20.94,5.08,9.03,6.7,6.43,12.93,7.65,12.9,9.51,1.44,6.57,23.98,12.06,11.68,Chemical
15.26,0.1,17.6,9.04,3.94,8.59,2.47,10.79,5.02,4.53,8.72,11.22,13.65,11.85,9.47,16.52,Chemical
9.79,4.49,12.59,8.49,10.42,1.57,3.66,12.15,7.27,14.48,9.56,0.1,10.07,22.57,6.71,10.09,Fruity
8.09,11.29,1.35,0.1,7.12,5.52,3.73,11.88,5.25,17.74,5.37,5.62,1.75,6.16,8.88,11.58,Chemical
12.81,11.81,0.1,19.31,13.66,8.27,3.36,16.4,2.5,9.75,7.63,7.92,7.55,22.7,3.74,1.97,Gasoline-like
0.1,0.57,3.63,0.7,11.01,2.96,1.21,12.55,8.83,10.26,8.81,7.82,2.35,21.21,10.77,13.29,Chemical
12.76,6.75,10.31,18.46,7.68,3.04,4.58,14.76,0.56,0.78,10.0,9.35,2.55,13.55,10.57,16.36,Chemical
7.24,6.18,20.39,12.05,12.95,11.38,4.26,15.78,5.81,5.29,8.21,4.89,2.3,6.01,7.95,4.16,Gasoline-like
12.86,0.62,9.37,14.33,11.26,8.11,2.15,15.05,2.24,8.48,1.61,8.56,9.26,5.76,7.62,6.53,Gasoline-like
18.44,15.35,15.65,0.1,7.51,8.37,6.46,1.21,5.13,5.59,6.64,11.44,6.62,14.81,9.93,7.2,Alcoholic
0.1,9.11,19.93,11.24,7.18,7.11,10.62,0.1,6.89,13.32,8.4,6.58,15.82,19.68,3.67,9.54,Fruity
7.51,0.1,4.23,12.3,6.19,6.97,2.56,15.35,3.2,6.77,2.84,10.44,12.92,12.39,12.47,12.71,Chemical
23.16,9.73,14.83,20.07,8.23,4.37,1.83,9.95,2.25,0.1,3.52,3.88,6.54,12.1,4.99,6.37,Alcoholic
19.73,9.68,8.61,11.29,9.04,2.36,6.35,16.04,3.3,20.01,0.1,7.1,17.33,18.71,4.57,0.1,Fruity
16.16,8.14,8.04,12.74,5.67,2.82,5.59,8.34,12.34,17.61,7.08,4.22,11.57,16.25,7.03,10.99,Fruity
2.04,11.69,18.16,6.79,6.33,3.19,7.74,11.47,9.52,13.95,15.83,12.15,6.2,4.73,6.06,11.23,Sweet
11.15,7.53,0.82,9.67,3.1,9.13,4.9,19.85,4.26,12.21,4.82,6.18,10.2,13.7,7.75,13.72,Chemical
11.11,6.17,15.56,11.41,7.47,4.43,6.37,15.71,1.85,14.84,11.22,7.45,12.76,7.34,11.35,14.66,Chemical
25.12,14.23,12.96,14.13,3.4,0.1,6.51,5.93,3.75,14.69,7.43,6.78,6.4,14.97,3.71,9.46,Alcoholic
23.95,8.12,20.77,8.47,3.27,4.96,4.55,4.48,3.39,11.06,0.1,6.61,6.0,23.31,1.12,2.68,Alcoholic
15.6,9.94,24.16,21.93,11.25,7.38,2.92,10.4,9.92,5.19,6.38,5.32,9.8,6.76,2.79,10.75,Gasoline-like
3.85,6.45,2.82,13.13,4.12,5.35,0.39,21.15,0.1,15.81,9.31,7.73,19.56,18.65,10.35,12.36,Fruity
20.12,0.1,24.0,16.18,11.06,10.26,2.8,10.09,5.9,13.52,11.98,6.8,11.71,11.17,10.31,4.49,Gasoline-like
14.11,6.49,8.52,0.1,3.76,8.52,3.02,15.38,3.37,7.05,3.86,8.27,13.34,24.65,9.25,17.46,Chemical
7.06,11.8,9.69,1.6,4.44,4.95,3.78,11.62,10.89,18.39,13.13,9.5,8.59,17.03,4.87,8.52,Sweet
25.59,4.18,5.41,9.49,10.19,4.75,4.9,7.45,7.49,13.79,15.37,11.3,10.0,5.49,10.46,3.89,Sweet
16.93,12.89,23.48,4.44,13.97,6.18,2.08,8.82,5.38,12.41,4.57,1.74,6.4,5.01,5.22,1.71,Alcoholic
4.66,5.82,25.53,6.96,7.55,2.0,3.81,14.23,0.54,14.66,5.56,5.02,16.55,21.06,6.18,8.48,Fruity
12.07,3.85,1.74,12.58,8.18,4.71,2.9,0.37,6.69,5.41,13.64,7.68,0.1,16.07,8.33,2.65,Sweet
13.09,4.53,14.39,5.34,3.23,6.76,7.76,6.42,3.63,13.43,7.89,8.62,16.61,16.62,4.57,3.39,Fruity
4.06,7.22,15.13,10.23,3.13,1.51,2.83,6.64,10.18,9.66,9.93,9.81,16.26,16.07,6.85,5.21,Sweet
9.19,4.99,8.19,10.61,4.19,5.86,3.43,7.86,8.35,13.0,11.25,11.24,15.52,3.14,0.1,2.41,Sweet
17.73,1.14,17.9,8.83,4.03,4.98,3.44,4.17,9.45,15.25,10.31,9.8,8.85,13.47,6.36,13.73,Sweet
17.49,5.6,20.9,9.1,11.59,8.2,5.2,3.78,8.07,17.44,13.77,8.38,13.1,12.63,9.41,13.15,Sweet
11.78,2.87,6.21,10.59,2.61,4.44,4.17,8.06,6.3,8.33,13.8,9.15,8.12,19.97,7.41,10.28,Sweet
9.22,9.69,7.27,11.9,0.1,8.4,6.34,14.67,2.54,0.1,11.01,8.02,12.4,12.61,11.55,12.21,Chemical
23.46,0.88,17.2,14.87,14.4,9.54,6.55,11.74,4.36,7.8,7.24,3.01,9.19,9.48,0.3,10.71,Gasoline-like
17.91,6.85,24.75,10.8,10.12,8.23,2.78,6.06,6.44,14.59,6.53,10.54,10.03,7.9,6.55,6.56,Alcoholic
8.99,4.29,5.7,11.82,8.45,1.52,0.1,9.13,9.36,6.49,11.94,14.21,10.74,0.1,3.57,9.86,Sweet
6.82,10.8,0.1,14.37,7.8,10.58,6.33,1.39,10.05,9.53,8.25,10.2,7.48,2.93,0.2,10.12,Sweet
18.41,14.08,13.62,6.68,4.56,7.08,9.88,17.22,6.36,0.1,16.38,7.0,22.11,17.56,11.41,12.78,Chemical
10.18,5.36,6.37,9.99,6.71,7.35,5.55,11.58,6.74,15.01,8.93,1.52,14.53,20.05,7.29,4.89,Fruity
15.61,6.18,6.33,19.87,4.77,10.02,6.49,13.28,0.28,10.03,0.19,5.74,20.19,2.47,11.36,11.69,Chemical
6.46,4.58,14.25,9.5,7.04,7.07,6.65,12.73,7.37,10.07,13.36,11.36,9.6,9.7,12.39,8.0,Sweet
9.64,6.03,15.74,7.7,3.36,5.65,6.4,3.31,5.14,3.15,13.83,8.58,19.73,17.63,6.12,8.91,Sweet
17.16,8.15,0.1,15.16,3.11,1.12,8.22,7.89,8.79,9.99,13.18,10.4,3.4,16.75,4.96,12.05,Sweet
13.38,10.95,6.8,15.28,11.45,11.4,6.17,11.49,3.16,7.0,14.83,6.87,11.97,9.43,4.44,2.89,Gasoline-like
10.25,3.47,16.86,16.76,3.36,5.8,5.99,13.92,5.26,12.23,7.88,11.13,10.84,5.72,9.83,10.11,Chemical
7.68,4.52,21.48,5.02,9.88,2.21,7.58,17.48,1.23,12.41,9.7,6.75,8.98,3.39,9.7,17.45,Chemical
9.68,7.6,14.35,15.7,13.62,7.92,1.84,2.6,4.06,7.69,3.5,2.09,11.17,8.96,3.5,0.1,Gasoline-like
1.23,13.27,9.19,17.61,4.37,2.81,3.57,18.6,8.53,4.58,2.68,4.43,12.4,8.72,10.48,16.15,Chemical
13.23,11.74,12.71,7.81,7.77,4.58,2.65,7.97,7.67,15.86,13.8,10.98,5.88,17.37,6.8,4.18,Sweet
10.54,9.35,6.77,13.29,9.32,1.55,2.97,5.26,4.62,12.51,6.76,5.43,16.5,17.16,9.54,15.04,Fruity
10.91,8.21,12.36,12.63,6.09,6.61,0.75,7.53,1.63,14.05,2.68,4.19,23.29,24.22,9.48,1.39,Fruity
21.7,13.72,26.02,5.96,1.78,6.22,10.0,6.13,7.11,16.14,7.24,2.65,14.0,10.31,8.59,16.56,Alcoholic
17.3,8.03,9.78,17.8,14.52,6.36,2.35,12.91,4.68,8.89,4.33,4.01,9.51,1.51,7.84,6.3,Gasoline-like
18.75,4.4,9.02,20.57,11.77,9.85,3.18,4.93,9.3,0.6,5.62,1.18,17.09,12.82,3.06,2.41,Gasoline-like
13.19,3.44,11.79,18.41,15.07,10.56,4.94,10.97,4.19,12.35,0.1,3.02,9.49,18.93,2.62,4.32,Gasoline-like
16.6,1.7,17.92,10.09,9.37,3.63,5.9,8.63,4.3,13.44,0.1,5.71,16.63,17.8,8.77,5.66,Fruity
16.58,3.34,7.94,7.08,5.87,7.58,1.93,4.37,0.1,15.7,3.54,3.13,20.55,21.97,4.24,10.76,Fruity
13.2,15.64,22.54,11.13,3.74,4.94,6.55,7.98,5.62,12.21,15.25,2.25,4.71,15.05,4.63,6.81,Alcoholic
24.98,10.76,21.57,9.45,3.67,3.65,5.45,11.06,6.57,13.26,9.74,7.19,9.57,20.8,0.8,3.34,Alcoholic
23.11,12.9,22.31,12.12,7.87,8.61,4.71,10.87,6.77,12.95,5.79,7.59,9.24,10.5,9.14,5.56,Alcoholic
2.03,6.29,9.87,8.91,11.49,6.05,5.25,8.25,6.5,6.94,12.47,12.61,5.23,13.62,6.3,0.1,Sweet
10.99,4.01,14.11,8.62,7.41,5.69,5.76,4.31,4.06,17.98,6.25,7.37,20.65,14.08,7.37,13.28,Fruity
14.8,3.7,0.1,13.9,9.11,7.06,6.09,8.95,3.98,11.41,1.99,6.49,0.7,9.78,9.59,1.69,Gasoline-like
14.81,8.2,6.43,18.69,16.94,9.38,7.13,8.49,0.1,8.83,6.94,3.66,0.1,10.7,11.14,4.48,Gasoline-like
15.16,5.6,28.29,4.18,5.21,4.52,8.55,13.46,1.14,9.07,7.62,9.25,11.06,8.64,14.14,6.7,Chemical
22.34,13.24,19.86,12.48,6.52,9.13,9.22,4.83,4.38,12.2,5.91,6.61,13.56,5.97,7.86,9.78,Alcoholic
13.32,7.75,15.64,6.79,8.21,3.45,5.58,17.11,4.03,17.53,6.92,3.93,20.86,18.73,7.16,7.84,Fruity
22.24,9.57,15.63,10.72,0.25,4.86,6.06,5.73,7.34,15.53,2.0,3.83,11.85,13.14,0.57,8.53,Alcoholic
17.71,11.53,16.32,20.25,8.37,9.1,3.34,5.52,4.42,11.42,8.23,3.85,21.82,6.4,7.49,8.3,Gasoline-like
20.52,11.38,17.52,16.66,4.06,9.46,5.92,14.49,5.71,9.06,10.07,9.04,11.24,6.03,11.61,12.55,Chemical
22.54,10.82,17.46,6.54,9.06,5.8,7.33,4.88,7.55,11.81,8.7,0.1,7.66,0.45,8.41,6.16,Alcoholic
18.58,12.34,15.14,6.77,9.15,2.45,5.74,14.38,4.41,13.97,10.33,7.98,9.03,12.74,8.12,14.82,Chemical
21.71,16.1,21.57,14.3,8.35,3.44,6.76,7.33,3.18,11.81,0.1,2.6,15.52,4.96,2.66,9.65,Alcoholic
11.63,10.7,11.82,16.88,14.32,8.93,5.31,9.95,4.32,5.28,2.84,8.56,6.99,16.29,7.07,2.01,Gasoline-like
13.56,4.67,0.3,10.49,9.08,3.92,1.64,14.4,0.88,20.23,5.41,6.56,16.11,21.76,5.26,5.23,Fruity
21.93,9.47,10.0,8.26,5.72,5.26,3.89,15.28,7.37,10.81,7.2,1.78,7.0,3.78,10.49,8.86,Chemical
23.57,10.61,23.54,8.26,10.26,3.27,1.73,2.48,4.35,12.52,11.51,12.05,18.91,10.33,6.21,4.33,Alcoholic
26.78,4.3,17.18,11.93,8.42,8.41,6.53,9.59,5.36,5.61,8.37,3.84,1.17,5.3,10.37,2.84,Gasoline-like
10.03,3.98,19.62,4.82,0.16,5.08,6.89,13.31,4.52,14.84,7.37,13.38,18.19,21.17,9.49,6.68,Fruity
17.59,9.97,15.66,7.09,7.83,7.93,2.88,11.54,3.3,13.47,9.81,4.86,23.07,14.22,5.22,5.94,Fruity
3.67,2.58,17.23,15.66,11.17,6.52,7.58,6.15,8.29,8.31,13.71,5.21,0.42,12.17,5.83,8.24,Gasoline-like
15.38,8.62,15.55,6.63,14.68,9.49,4.73,4.81,7.38,7.61,12.45,14.16,7.12,11.11,1.34,10.42,Sweet
9.32,5.44,18.79,0.1,5.98,4.46,8.21,7.98,1.31,17.46,3.29,1.22,15.25,19.1,2.69,1.07,Fruity
26.52,14.63,25.03,7.15,2.81,6.6,5.65,10.46,4.35,11.85,4.03,10.19,7.82,17.28,1.23,12.79,Alcoholic
17.34,10.02,19.54,1.17,0.1,3.35,4.99,4.88,4.54,18.71,5.27,8.31,3.01,24.52,2.87,4.99,Alcoholic
13.2,5.99,16.0,12.31,16.27,9.91,0.1,12.36,1.06,14.43,0.99,7.64,5.82,3.33,4.69,6.84,Gasoline-like
12.47,6.58,0.1,9.25,6.02,8.62,5.49,10.8,3.18,14.25,10.07,4.27,0.1,7.75,10.9,9.7,Chemical
18.78,9.46,21.87,0.62,8.86,5.3,4.66,4.43,7.98,9.75,8.03,7.5,2.05,13.09,2.89,4.09,Alcoholic
5.51,6.05,0.1,0.98,4.14,3.98,0.8,10.73,9.76,19.1,10.45,12.33,12.82,13.78,8.62,10.72,Sweet
10.93,9.45,10.54,13.3,11.98,10.1,6.87,13.08,5.78,5.3,4.86,8.37,18.72,8.27,5.35,6.16,Gasoline-like
1.89,4.78,15.17,0.1,12.74,8.88,4.52,12.09,5.26,19.11,8.77,0.61,18.79,19.02,6.94,3.18,Fruity
22.9,9.76,14.12,17.04,6.35,0.1,6.69,11.12,2.27,6.43,5.38,7.46,6.34,10.6,10.06,13.87,Chemical
14.55,8.47,28.84,15.14,2.27,2.73,0.3,12.75,4.8,8.98,12.4,3.46,7.11,0.1,10.65,10.45,Chemical
25.12,10.47,20.31,12.16,9.61,1.74,2.2,3.37,7.43,5.33,10.04,11.47,8.32,7.86,4.84,9.28,Alcoholic
20.92,12.59,19.53,4.02,5.71,6.27,5.92,8.28,0.1,5.23,2.96,8.52,3.76,7.95,5.75,11.41,Alcoholic
31.35,12.16,21.69,5.61,7.18,4.83,4.04,9.48,1.03,10.02,4.02,7.71,8.15,12.02,4.34,9.33,Alcoholic
7.71,5.27,0.1,13.17,11.56,6.49,2.4,3.83,4.29,13.03,11.37,7.07,13.69,22.17,10.82,15.94,Fruity
16.8,10.92,21.28,1.11,3.12,11.98,3.04,8.41,1.62,6.27,2.68,3.99,8.11,18.69,6.94,5.42,Alcoholic
20.61,13.32,18.37,4.34,13.15,6.96,0.1,14.53,5.1,3.78,2.03,1.92,8.29,7.22,3.08,2.05,Alcoholic
8.09,4.37,11.71,7.09,9.69,3.23,7.92,15.61,6.39,16.55,0.1,8.66,20.14,19.44,11.41,12.16,Fruity
19.53,10.67,21.57,13.51,2.1,10.44,2.35,5.9,5.61,3.05,3.34,9.64,17.95,0.1,7.2,5.41,Alcoholic
0.1,9.18,12.54,8.41,11.87,0.1,1.72,6.72,6.95,14.61,11.76,13.51,8.09,13.9,1.39,8.86,Sweet
16.73,11.29,14.9,9.84,9.24,5.64,8.24,9.41,8.04,10.41,13.7,12.15,17.69,14.82,6.84,8.9,Sweet
16.71,9.72,6.77,14.76,13.58,11.67,3.75,10.16,4.3,16.78,7.32,4.85,14.94,9.46,4.16,4.2,Gasoline-like
17.01,7.58,7.68,10.5,1.78,4.56,7.5,5.15,9.04,6.1,10.6,11.86,9.87,6.68,9.77,11.32,Sweet
27.81,6.29,14.72,12.39,12.19,8.92,3.2,11.49,5.56,6.54,10.58,4.81,8.05,13.62,7.08,12.77,Gasoline-like
11.79,10.04,22.96,14.22,8.39,7.76,3.39,5.33,9.44,1.29,10.96,12.45,11.87,11.15,0.1,6.01,Sweet
7.62,9.88,17.94,0.92,3.34,6.78,4.81,15.22,5.2,13.14,4.47,1.17,3.72,12.3,7.91,13.49,Chemical
8.62,6.79,14.4,20.45,10.96,9.5,3.99,8.5,5.83,16.12,2.63,9.33,17.14,6.15,3.98,6.51,Gasoline-like
10.89,9.82,11.26,16.89,14.81,3.35,2.72,16.8,3.11,0.1,7.81,10.92,0.97,9.61,6.78,15.6,Chemical
25.61,14.5,21.88,11.61,9.85,5.08,0.7,4.88,0.82,13.75,4.1,7.1,13.22,3.18,4.0,7.4,Alcoholic
16.32,11.37,17.79,12.46,5.61,9.3,5.42,11.28,4.08,2.12,11.29,10.94,10.53,13.84,1.7,13.18,Alcoholic
20.99,12.11,15.4,10.26,3.56,0.1,5.49,3.44,6.92,4.3,1.72,6.18,4.31,4.35,8.09,5.28,Alcoholic
17.52,12.95,18.89,11.42,11.22,11.36,5.23,11.1,4.54,7.53,13.07,7.18,7.35,4.63,5.7,6.71,Alcoholic
20.23,14.03,26.18,2.42,6.1,4.0,3.59,6.66,6.25,17.18,1.58,4.2,9.43,12.55,7.58,15.43,Alcoholic
17.58,1.56,8.56,4.85,6.14,4.87,3.36,17.71,5.51,16.05,7.83,3.43,15.04,9.13,10.29,7.66,Chemical
16.13,7.63,13.01,9.89,1.82,7.02,4.94,10.25,3.79,8.26,9.63,2.2,1.82,19.35,11.54,13.56,Chemical
10.82,4.32,3.67,7.75,4.64,6.43,3.28,11.64,4.81,6.35,12.93,16.38,7.95,10.83,6.67,6.92,Sweet
13.83,2.01,0.1,3.49,4.54,8.03,4.63,5.79,9.62,13.57,12.14,11.58,7.08,0.2,6.96,0.88,Sweet
25.4,10.63,17.84,11.13,0.1,3.75,0.73,10.33,5.17,11.7,8.62,10.44,10.73,23.21,7.29,12.49,Alcoholic
0.1,12.01,11.86,9.95,5.77,6.61,5.95,13.25,2.31,10.95,0.1,3.09,14.92,10.17,9.17,9.63,Chemical
19.21,8.69,14.74,21.67,13.87,7.26,4.76,16.38,2.06,10.46,4.85,7.68,16.55,15.51,3.82,8.21,Gasoline-like
22.49,6.49,8.15,0.1,7.32,0.38,2.48,17.65,0.22,6.72,2.4,2.43,15.31,14.6,13.21,11.26,Chemical
9.23,5.9,18.02,13.45,9.99,3.75,5.03,12.64,7.93,8.41,12.37,11.55,13.26,14.69,10.15,12.84,Chemical
10.73,13.49,21.64,9.35,7.85,9.48,7.24,3.11,7.27,4.86,8.92,12.8,1.62,17.5,4.77,8.25,Sweet
9.61,4.33,8.16,2.77,12.3,2.76,10.73,15.67,5.4,8.25,7.66,4.1,8.68,17.57,11.24,16.46,Chemical
9.26,4.61,7.1,10.99,4.82,3.29,0.76,13.89,1.98,7.12,3.55,7.19,5.41,5.8,11.04,15.36,Chemical
6.78,11.19,8.95,11.05,9.46,3.21,7.28,16.2,7.21,9.59,5.02,7.07,14.62,6.58,10.3,14.68,Chemical
9.96,0.42,10.1,7.76,7.05,1.03,5.38,16.08,2.03,7.85,14.04,8.27,0.1,1.09,10.47,13.81,Chemical
26.05,9.3,24.51,9.28,4.01,5.36,7.6,4.64,4.89,0.9,3.99,8.48,6.3,3.35,4.84,5.71,Alcoholic
4.65,9.23,7.9,16.25,5.61,6.57,3.14,8.76,7.77,16.92,14.53,10.1,8.6,9.03,4.63,3.56,Sweet
12.9,7.92,14.72,19.47,12.86,11.38,2.32,10.79,5.51,5.72,9.92,9.09,19.25,6.67,4.89,7.04,Gasoline-like
5.49,4.46,17.07,14.34,9.93,8.36,4.68,17.31,3.86,16.32,9.8,8.42,10.07,6.71,10.48,17.5,Chemical
7.86,7.65,11.9,17.07,11.72,9.95,4.75,16.72,4.6,7.55,11.85,1.32,7.49,8.93,7.89,5.17,Gasoline-like
13.69,4.21,10.17,14.79,10.12,8.19,10.76,8.41,7.35,19.26,11.11,2.39,8.03,9.08,12.79,10.97,Gasoline-like
22.44,9.87,14.19,14.41,7.37,3.87,5.81,19.08,0.73,17.37,0.99,3.35,11.72,9.32,13.47,15.93,Chemical
18.55,5.24,0.1,7.41,4.08,8.51,5.15,17.01,5.32,10.56,9.02,9.02,8.17,14.28,11.89,13.2,Chemical
11.4,5.61,15.1,10.07,9.91,6.93,2.67,11.4,3.72,0.1,12.68,8.85,15.22,3.35,10.7,12.03,Chemical
17.83,13.29,25.9,7.11,5.62,8.98,4.76,6.03,7.1,12.95,5.76,7.99,12.76,8.02,12.03,11.55,Alcoholic
24.13,8.55,15.64,11.11,14.4,10.44,4.99,10.25,4.73,19.48,5.2,6.7,20.17,13.77,3.54,0.1,Fruity
15.17,4.73,7.49,0.1,11.43,7.13,6.87,0.39,9.38,11.83,8.78,11.82,6.93,13.44,6.34,9.76,Sweet
24.37,12.93,22.67,8.09,4.87,2.32,6.69,16.01,4.2,6.23,4.62,4.77,8.24,1.89,5.5,11.38,Alcoholic
20.58,0.98,15.56,17.59,6.97,4.37,1.42,4.44,6.87,19.86,6.98,1.37,9.88,16.4,6.41,11.61,Fruity
24.22,4.38,7.92,13.94,15.8,11.53,3.12,12.99,3.76,13.32,3.03,13.63,4.72,7.63,5.49,18.56,Gasoline-like
9.23,4.43,18.45,5.17,3.91,7.5,4.5,15.25,3.65,11.61,10.43,12.23,7.11,0.84,9.62,12.14,Chemical
13.43,7.25,10.61,24.44,0.29,0.1,4.36,3.53,6.88,6.71,10.15,9.84,5.98,11.72,3.94,5.28,Sweet
10.39,5.22,2.39,12.84,10.47,7.08,3.08,4.62,8.85,0.63,13.58,1.45,20.51,11.52,8.85,4.11,Gasoline-like
16.38,8.52,9.3,13.85,8.52,0.1,6.49,11.49,3.42,18.19,3.16,8.29,12.49,21.1,9.57,2.22,Fruity
13.81,7.97,18.15,5.24,3.81,7.19,3.72,6.39,8.1,18.34,13.4,10.1,14.23,17.43,9.96,5.71,Sweet
10.98,10.52,11.72,15.61,15.34,8.32,4.15,8.49,2.22,4.81,9.28,5.5,11.47,24.65,3.33,8.81,Gasoline-like
15.29,10.55,17.73,2.99,7.34,4.85,8.52,16.27,0.11,6.21,0.1,1.3,6.36,5.08,9.63,13.96,Chemical
24.85,9.67,25.54,11.17,4.23,11.3,6.32,6.16,4.94,7.04,2.81,1.57,15.91,5.31,6.45,5.72,Alcoholic
19.65,10.42,26.11,13.89,7.5,8.13,6.78,5.47,4.39,5.24,2.22,12.38,2.74,13.02,6.18,4.71,Alcoholic
26.33,10.82,16.0,6.89,6.07,4.9,6.76,3.68,6.73,13.27,10.91,3.51,14.93,11.19,8.44,15.13,Alcoholic
10.99,9.74,11.6,7.95,4.97,9.29,2.16,10.87,2.88,16.33,3.76,4.34,11.97,16.15,3.45,6.59,Fruity
17.23,1.34,12.71,17.99,13.66,9.51,4.81,15.89,1.53,13.54,8.53,5.7,12.92,2.76,3.11,1.19,Gasoline-like
20.35,11.92,18.43,9.1,9.01,1.5,9.35,12.93,2.58,0.1,6.14,9.31,9.55,7.87,5.1,2.55,Alcoholic
9.09,7.94,21.8,9.18,12.03,4.7,1.72,8.27,8.73,14.06,14.72,11.36,9.35,20.32,13.19,5.99,Sweet
21.17,14.38,17.79,7.7,9.73,8.1,6.73,8.25,5.52,9.18,7.56,3.89,3.3,17.84,7.29,11.86,Alcoholic
13.32,5.81,29.5,13.76,7.18,4.42,3.77,11.79,8.99,8.58,5.14,10.37,4.03,2.37,9.86,13.87,Chemical
25.26,8.95,20.16,13.48,12.37,6.03,6.73,12.96,7.4,9.98,2.16,6.52,21.42,4.89,5.46,3.94,Alcoholic
16.07,3.43,16.53,4.18,5.89,1.4,6.04,8.45,7.87,5.53,12.9,12.95,6.65,1.42,1.09,3.12,Sweet
14.83,2.01,2.68,17.8,10.31,8.67,5.1,6.24,0.1,15.65,8.27,10.98,10.17,11.9,4.76,6.41,Gasoline-like
0.1,5.52,5.51,3.37,8.47,4.72,7.07,13.95,3.2,10.62,9.74,3.64,11.53,11.16,11.28,17.51,Chemical
9.48,3.66,25.62,14.87,8.36,7.74,2.84,5.85,7.64,2.92,7.59,10.38,17.31,9.9,8.91,7.24,Sweet
6.65,1.33,17.48,9.16,9.81,1.3,5.2,7.48,0.1,19.63,5.98,3.54,15.97,12.91,8.31,6.77,Fruity
7.75,6.34,15.94,14.2,12.77,8.8,2.22,7.05,5.74,15.26,5.85,4.49,12.29,8.49,8.97,8.47,Gasoline-like
21.15,9.82,8.2,9.52,5.56,9.04,6.7,7.95,8.52,5.21,11.29,10.75,12.51,19.98,2.98,0.1,Sweet
17.08,13.7,23.2,4.6,8.24,5.76,2.88,8.26,5.68,7.74,12.0,0.32,11.83,4.85,4.25,8.4,Alcoholic
8.32,0.1,3.27,14.34,14.3,9.6,2.1,0.1,8.24,12.77,11.54,3.13,10.75,11.34,4.49,12.5,Gasoline-like
5.74,9.63,7.14,12.79,7.57,2.32,0.1,8.02,8.74,0.1,13.24,12.54,13.65,12.02,7.51,6.49,Sweet
29.96,6.61,14.64,17.16,14.43,12.87,5.17,6.31,5.82,1.03,9.34,8.2,6.83,8.2,0.1,5.91,Gasoline-like
15.64,12.16,17.75,17.8,10.32,8.42,2.13,2.87,4.74,11.82,5.56,3.68,12.83,0.1,6.87,9.82,Gasoline-like
18.14,5.72,0.1,0.1,7.37,8.05,1.92,14.97,5.16,11.23,4.18,7.08,16.42,3.4,8.02,11.72,Chemical
15.96,11.01,9.48,1.54,7.0,9.98,5.0,9.18,7.12,16.92,8.87,6.63,15.47,14.94,8.66,13.53,Fruity
11.05,15.33,15.9,15.98,12.2,7.87,5.9,2.48,6.17,5.32,6.64,0.64,10.17,11.19,6.8,7.71,Gasoline-like
27.61,7.39,16.57,3.81,1.67,7.65,8.33,8.74,2.04,16.14,0.1,10.96,8.27,11.77,5.57,1.93,Alcoholic
2.56,11.2,10.85,10.55,5.74,3.72,5.53,13.05,2.98,19.01,8.9,9.99,15.73,16.07,2.67,9.76,Fruity
20.49,15.79,9.55,9.79,9.67,3.49,2.27,12.53,0.1,9.86,0.1,2.13,8.65,11.46,13.79,10.06,Chemical
18.42,10.41,19.59,8.88,6.82,5.36,0.1,6.36,4.84,0.32,5.49,6.58,13.71,13.57,5.24,12.4,Alcoholic
7.9,7.32,15.74,9.96,5.91,6.12,3.2,1.27,3.61,17.93,8.1,3.13,18.43,19.44,11.25,10.28,Fruity
27.31,12.19,16.22,0.1,8.92,5.22,2.85,0.1,4.42,8.47,3.08,4.23,8.88,19.68,0.58,3.5,Alcoholic
17.14,12.17,16.09,6.63,6.4,6.7,4.95,7.34,4.32,6.3,6.99,8.68,10.87,8.07,5.39,5.31,Alcoholic
8.35,13.18,9.24,2.64,7.14,8.91,0.86,10.4,7.43,6.61,11.75,11.91,10.37,16.6,5.73,9.87,Sweet
9.38,0.1,12.19,9.89,6.64,4.82,6.68,14.07,5.09,15.65,7.84,6.27,20.53,17.6,6.84,9.24,Fruity
12.17,8.29,14.24,4.33,5.64,3.19,9.89,12.58,4.24,6.88,3.51,5.96,5.52,2.73,8.12,9.76,Chemical
3.59,2.74,13.83,11.83,9.97,3.68,7.73,9.08,5.15,17.61,4.66,5.82,17.56,21.38,7.5,17.94,Fruity
9.11,9.96,17.48,15.65,3.41,4.49,5.2,12.39,2.05,23.67,4.14,1.53,17.76,26.87,4.47,4.86,Fruity
15.66,7.71,20.64,5.15,1.57,0.1,3.62,9.72,9.59,3.11,14.33,6.3,5.47,15.16,6.17,0.1,Sweet
9.59,8.43,14.2,13.85,9.19,9.95,2.45,7.86,2.87,9.35,3.24,6.44,7.44,8.62,5.76,9.04,Gasoline-like
16.48,8.16,9.48,11.56,6.26,9.59,10.64,8.49,2.44,19.71,10.79,5.78,15.84,18.77,0.71,2.49,Fruity
6.34,9.12,13.68,3.27,3.78,3.98,2.4,2.77,8.42,3.14,13.91,17.1,10.21,4.83,12.38,10.31,Sweet
9.65,8.09,13.16,11.04,12.74,10.07,7.43,4.89,5.25,0.2,6.2,5.21,14.01,18.16,5.8,12.22,Gasoline-like
9.98,7.74,20.63,5.14,6.77,0.1,3.68,5.11,6.89,15.6,5.39,4.07,16.2,17.14,7.75,2.23,Fruity
15.31,5.54,14.75,10.89,3.46,0.59,1.48,13.54,0.9,6.53,9.13,9.43,13.51,13.63,8.48,12.51,Chemical
11.56,6.6,10.8,16.71,12.06,8.62,0.1,9.49,9.43,11.11,6.39,7.92,16.6,15.18,9.17,10.66,Gasoline-like
6.04,8.02,20.52,0.1,6.13,6.79,1.78,3.24,6.45,0.1,10.4,12.27,5.72,17.01,0.1,10.64,Sweet
17.21,2.82,16.24,13.03,9.09,9.02,4.69,7.93,7.76,0.1,13.16,10.34,13.12,8.43,7.94,8.3,Sweet
20.75,8.66,13.26,11.85,9.97,6.29,3.41,3.19,4.75,17.58,0.96,4.47,6.96,0.61,3.68,7.19,Alcoholic
18.71,14.5,18.48,4.35,12.74,4.39,5.49,6.55,1.28,17.57,8.44,6.13,10.31,11.38,7.33,14.82,Alcoholic
18.43,10.54,19.53,15.14,8.86,3.22,3.01,3.58,5.44,11.37,8.17,9.64,0.1,12.34,10.44,7.46,Alcoholic
19.42,10.65,6.2,9.03,0.83,7.41,4.11,15.78,7.7,3.88,3.83,7.66,10.54,16.31,9.4,10.23,Chemical
14.86,9.02,5.99,19.64,10.63,0.47,8.97,15.06,2.79,4.36,6.02,7.06,5.06,13.82,15.92,14.68,Chemical
10.49,10.66,24.95,16.33,14.96,9.39,2.38,9.5,4.19,8.54,6.52,6.42,10.55,0.1,5.09,9.49,Gasoline-like
15.84,9.53,23.77,6.07,9.14,3.18,3.36,7.97,0.92,14.86,7.17,2.6,7.15,15.18,2.73,0.46,Alcoholic
5.16,4.09,6.67,0.7,7.67,7.49,1.67,14.68,7.12,6.39,14.75,10.37,14.24,16.16,2.51,6.71,Sweet
7.41,7.47,5.33,11.0,13.1,8.31,2.16,10.41,3.38,10.96,4.23,13.92,4.94,6.41,4.39,6.02,Gasoline-like
18.96,5.64,11.43,18.32,11.1,5.69,5.7,11.4,3.33,7.29,16.04,10.27,3.4,13.79,7.51,10.04,Gasoline-like
18.33,3.51,16.19,9.57,12.02,5.23,6.12,15.51,6.87,13.64,6.91,6.51,10.12,13.24,8.45,13.39,Chemical
10.45,7.19,18.71,10.1,0.1,10.34,5.44,10.84,6.01,5.53,15.97,12.85,12.46,12.45,10.23,4.09,Sweet
20.04,13.95,20.08,4.08,3.74,0.1,1.7,5.01,4.68,9.56,7.32,10.98,16.09,5.67,6.77,8.93,Alcoholic
28.12,16.05,18.91,15.43,9.02,0.47,1.51,12.55,0.38,20.12,6.53,9.32,5.93,12.66,8.07,10.85,Alcoholic
18.92,11.33,23.24,13.55,7.19,2.16,1.5,7.16,6.87,6.78,13.48,4.79,7.31,16.67,10.0,4.17,Alcoholic
16.22,11.86,25.77,14.06,7.43,3.58,1.0,8.87,5.76,11.41,3.34,4.14,7.06,14.33,6.43,8.1,Alcoholic
4.25,3.98,13.04,0.1,10.35,3.92,6.67,6.04,6.02,16.88,4.65,2.09,19.41,13.39,8.46,5.07,Fruity
19.27,12.99,20.37,6.42,10.74,4.63,0.1,0.1,1.54,12.55,12.72,2.6,5.61,6.01,3.14,2.38,Alcoholic
22.35,13.72,18.42,6.79,2.94,6.65,2.35,3.45,3.82,8.88,8.14,6.06,8.51,10.97,7.35,2.29,Alcoholic
14.16,9.97,12.58,13.19,5.73,2.31,9.56,10.12,7.84,10.7,11.22,10.96,11.85,9.16,1.93,2.21,Sweet
3.73,9.62,7.65,3.97,8.78,0.1,9.56,12.44,8.1,9.9,11.89,11.84,0.97,0.1,6.95,3.12,Sweet
0.1,10.37,10.34,8.55,8.48,5.8,4.88,7.03,9.88,11.59,8.0,9.42,6.02,17.69,3.38,6.36,Sweet
21.63,0.8,10.08,7.95,9.24,3.99,4.12,11.87,9.04,15.27,10.9,3.53,14.27,21.32,10.71,7.11,Fruity
14.79,8.38,21.47,19.07,8.83,8.73,1.11,0.1,5.43,12.95,8.7,5.98,9.86,3.05,5.73,14.01,Gasoline-like
10.62,8.87,22.55,6.84,6.43,7.85,2.1,7.86,9.41,0.1,15.13,9.86,20.74,15.44,4.57,9.36,Sweet
15.37,6.81,18.37,0.1,0.1,2.24,2.8,15.9,0.1,6.71,7.26,7.71,2.7,26.9,10.14,10.74,Chemical
23.22,12.84,21.28,4.31,2.29,3.02,8.08,15.32,5.09,2.8,8.19,10.81,15.93,16.04,9.31,11.4,Alcoholic
23.67,9.72,7.11,15.18,12.39,6.11,2.08,11.48,9.4,5.25,15.78,9.04,9.04,8.85,7.16,9.47,Sweet
9.49,3.12,10.69,12.9,0.1,11.64,7.89,7.27,3.26,16.55,10.23,9.19,18.7,20.02,6.19,8.5,Fruity
22.0,1.94,12.0,12.62,7.73,3.72,6.05,19.15,5.66,13.34,3.22,5.45,20.3,21.33,4.31,6.92,Fruity
32.25,12.56,23.12,13.01,9.11,7.38,3.25,8.43,1.66,11.16,1.69,2.1,11.61,15.09,9.21,5.52,Alcoholic
19.56,12.88,19.05,19.45,0.89,6.78,1.84,17.06,0.98,11.32,2.95,3.36,15.47,18.55,7.36,11.73,Alcoholic
21.92,9.65,17.83,11.26,6.01,3.69,0.26,9.8,0.6,10.62,4.87,10.27,11.43,10.21,8.62,5.57,Alcoholic
22.7,11.95,17.42,8.88,10.57,4.09,7.9,15.98,6.4,1.58,9.82,5.52,13.72,21.51,3.85,16.46,Alcoholic
17.75,1.8,13.63,2.79,10.08,8.84,5.47,10.93,2.89,14.22,13.44,2.65,14.04,21.97,2.18,5.61,Fruity
9.8,3.48,11.57,17.1,10.24,6.97,2.87,13.31,0.1,10.82,6.72,3.82,3.78,19.68,11.17,16.63,Chemical
16.41,11.73,9.54,17.44,12.55,12.78,5.79,4.17,7.83,6.54,3.23,3.51,15.61,19.38,10.03,12.8,Gasoline-like
22.45,17.46,16.56,13.1,6.88,5.68,6.37,4.85,7.6,19.87,5.66,9.6,8.69,13.25,6.25,11.94,Alcoholic
10.63,6.13,5.41,15.12,11.38,10.58,6.22,4.58,3.33,9.53,11.04,8.68,10.97,13.76,8.11,6.26,Gasoline-like
2.92,0.93,19.16,17.92,8.1,10.21,5.19,8.97,5.37,15.44,7.73,8.04,17.51,22.13,7.09,10.46,Fruity
7.04,7.67,17.3,14.89,9.54,11.8,7.96,8.83,7.8,9.1,12.55,0.1,5.46,16.72,11.45,7.64,Gasoline-like
24.27,14.3,21.38,8.65,8.18,4.51,3.72,4.36,8.44,5.82,0.1,8.47,9.03,3.33,2.08,2.65,Alcoholic
18.26,4.73,16.3,8.47,6.29,5.26,6.87,19.53,7.78,2.01,4.65,5.74,7.77,13.4,12.22,16.59,Chemical
16.01,11.5,20.19,14.03,5.71,1.0,2.86,14.5,1.82,8.2,7.59,5.26,3.62,4.83,4.17,10.85,Alcoholic
10.65,3.9,0.1,18.52,12.54,9.4,6.17,10.27,6.4,8.39,6.45,10.35,8.75,18.23,3.26,11.18,Gasoline-like
0.1,4.03,8.2,3.76,3.99,6.4,6.51,11.18,2.1,17.01,3.89,2.67,13.69,13.8,5.67,9.62,Fruity
0.1,5.54,27.7,5.04,7.63,8.7,6.01,7.89,5.68,15.78,5.93,4.48,16.25,20.1,2.31,1.2,Fruity
7.8,7.83,14.33,18.77,14.03,9.79,4.09,2.78,3.78,10.24,8.38,7.71,10.22,0.1,3.51,5.52,Gasoline-like
22.87,9.73,21.34,6.39,5.36,6.54,3.92,11.06,0.1,10.2,5.89,7.24,14.81,11.12,2.43,9.02,Alcoholic
11.81,7.77,0.1,19.61,11.92,8.38,0.19,12.0,3.69,13.07,10.34,2.32,0.1,12.57,3.84,9.64,Gasoline-like
15.57,8.09,10.88,5.41,8.13,9.65,3.2,16.16,6.09,10.39,6.41,7.17,13.69,16.6,10.84,11.23,Chemical
9.83,3.89,13.17,7.07,7.94,7.13,5.39,6.76,6.05,17.65,5.92,12.0,18.42,22.81,7.08,8.26,Fruity
15.87,12.51,11.41,9.79,5.89,8.11,5.79,15.84,6.58,4.17,12.32,6.76,8.6,14.37,10.6,13.25,Chemical
14.51,3.1,19.55,7.5,3.57,2.93,1.58,3.41,5.28,12.54,7.56,8.7,20.58,19.61,4.09,12.62,Fruity
23.43,10.01,20.07,6.47,13.26,8.82,6.99,9.8,5.78,8.3,3.06,7.09,7.37,14.63,6.56,16.1,Alcoholic
1.46,2.34,8.89,12.26,8.96,10.75,2.01,5.91,8.35,7.36,5.54,5.22,4.08,12.26,1.35,9.48,Gasoline-like
17.42,10.05,5.3,5.6,13.36,6.76,0.1,8.23,7.0,7.47,15.07,11.44,14.27,7.73,9.01,7.7,Sweet
26.1,13.9,23.9,13.28,8.31,3.51,8.23,4.9,6.03,7.14,3.21,6.62,3.66,17.34,0.7,9.41,Alcoholic
4.21,10.15,13.63,9.95,13.9,9.53,4.98,6.0,7.89,4.02,14.97,13.4,7.9,9.84,6.94,7.88,Sweet
13.26,8.99,9.7,4.22,6.77,9.25,3.74,17.49,4.7,14.15,16.06,7.71,0.1,0.51,10.19,15.69,Chemical
18.47,14.25,12.83,5.84,9.82,5.32,9.58,7.15,4.58,14.32,5.3,5.47,16.05,18.07,2.55,13.42,Fruity
4.52,8.98,19.47,1.44,8.33,3.92,4.96,5.02,4.35,21.2,6.97,2.34,14.84,23.25,0.1,6.29,Fruity
8.24,7.12,16.03,17.89,11.57,11.3,7.74,9.88,6.98,9.41,10.39,9.72,12.52,4.14,3.51,10.11,Gasoline-like
18.34,6.99,0.1,9.02,12.33,8.32,3.23,6.04,7.98,6.53,12.14,10.2,8.71,25.01,5.74,6.66,Sweet
1.69,13.83,11.64,14.22,12.85,6.56,8.15,18.37,5.11,6.3,1.73,8.69,10.71,6.39,7.45,3.68,Gasoline-like
14.26,8.67,10.07,2.82,9.28,6.18,9.98,9.99,4.68,9.3,5.88,4.48,9.84,4.51,12.6,19.86,Chemical
11.01,2.77,7.73,7.68,6.9,6.78,6.67,0.1,6.35,17.42,6.99,0.33,17.1,19.69,1.31,3.8,Fruity
5.97,4.04,14.54,13.73,13.55,11.42,0.1,13.76,6.87,11.6,3.5,7.8,15.47,22.17,12.61,3.52,Gasoline-like
25.69,9.67,21.94,6.76,2.56,8.06,5.58,11.75,2.99,1.43,4.53,4.47,6.25,14.11,9.57,3.08,Alcoholic
23.81,10.14,17.85,8.85,9.31,6.08,6.66,12.95,5.12,6.51,5.83,5.29,16.1,11.12,5.57,10.38,Alcoholic
7.66,4.33,7.6,16.39,8.61,7.67,5.93,7.92,7.38,7.19,10.36,11.07,7.87,15.38,5.85,7.88,Sweet
6.01,9.9,23.79,15.05,5.35,4.15,3.7,12.01,6.13,19.57,10.66,2.91,20.15,16.35,3.29,6.72,Fruity
16.34,5.21,20.31,15.52,9.18,6.31,1.82,10.52,3.55,14.2,12.97,4.71,4.51,13.36,8.67,9.91,Chemical
10.64,1.51,19.4,6.65,4.92,7.4,5.55,17.58,5.53,4.47,6.78,3.93,13.95,14.15,7.41,13.29,Chemical
19.34,10.59,9.44,0.1,4.3,1.87,10.36,9.23,5.51,17.27,5.59,12.26,15.25,20.38,2.32,4.27,Fruity
19.07,1.93,12.75,11.23,4.86,0.1,3.1,5.11,4.43,16.38,13.3,6.42,17.57,22.18,5.81,3.59,Fruity
7.44,6.07,3.6,12.69,1.84,5.93,3.23,9.14,9.22,12.7,13.28,7.7,0.1,6.5,8.66,3.95,Sweet
17.33,5.36,21.9,13.83,3.68,4.96,6.2,11.77,5.66,16.62,11.2,7.83,17.63,22.9,3.94,7.26,Fruity
15.47,10.25,15.78,9.63,6.52,4.95,9.66,1.62,3.16,11.95,2.12,8.73,9.56,15.11,6.43,1.63,Alcoholic
18.29,10.97,17.95,16.8,12.38,10.31,0.35,15.22,4.32,6.96,9.09,8.55,8.64,9.3,3.29,14.74,Gasoline-like
15.99,6.64,15.28,16.35,4.89,4.47,1.85,9.68,5.27,17.0,9.45,1.25,21.95,24.87,6.3,12.27,Fruity
16.07,11.58,8.76,13.87,0.47,4.6,6.61,2.99,5.8,16.43,7.83,9.74,16.4,20.5,9.8,11.91,Fruity
10.04,9.24,10.71,20.01,9.26,7.62,5.71,6.91,3.82,2.08,2.21,13.33,6.27,2.29,4.01,9.57,Gasoline-like
7.69,5.09,15.41,7.34,12.58,3.25,4.29,4.51,6.76,15.35,3.27,9.57,14.57,19.84,6.07,0.1,Fruity
22.86,15.35,21.49,9.61,2.61,6.23,3.87,9.37,3.33,7.29,10.09,8.12,0.1,19.0,2.12,6.94,Alcoholic
11.8,0.28,14.76,19.76,13.39,11.23,2.24,10.43,2.64,13.02,2.57,4.77,11.37,3.6,7.42,1.67,Gasoline-like
24.17,11.48,26.71,13.59,5.32,3.64,7.71,7.52,1.51,7.07,12.49,11.96,6.83,8.68,5.72,8.09,Alcoholic
14.21,11.4,18.79,12.09,9.36,6.31,6.45,15.48,6.95,6.42,10.92,7.8,3.15,13.6,7.82,12.33,Chemical
0.1,8.0,17.04,9.36,6.28,4.15,5.67,19.23,6.63,8.06,12.22,10.9,10.28,10.49,10.69,10.13,Chemical
18.96,3.83,11.75,18.81,16.26,8.33,3.65,8.24,2.14,0.1,14.0,6.09,6.59,11.75,10.45,4.85,Gasoline-like
0.1,6.35,10.74,19.12,9.37,11.73,3.29,5.51,4.59,8.03,7.21,6.8,0.1,4.51,10.74,8.72,Gasoline-like
5.67,8.33,3.8,9.89,5.86,6.41,7.72,14.76,4.59,13.17,0.49,12.37,6.15,16.8,11.33,7.78,Chemical
26.45,11.82,6.22,17.74,11.05,10.8,3.74,14.73,7.18,13.23,12.45,7.64,16.03,19.07,6.24,7.5,Gasoline-like
11.6,2.9,4.23,20.79,13.15,8.2,5.11,9.3,4.64,2.72,5.5,5.46,2.89,13.48,4.51,10.9,Gasoline-like
22.54,11.48,28.1,11.59,10.28,6.83,3.05,6.31,6.44,11.34,15.07,7.96,7.39,10.83,1.13,11.83,Alcoholic
8.93,1.42,20.93,8.32,6.12,3.52,7.27,12.51,4.09,7.29,6.5,2.38,7.09,18.46,11.63,15.22,Chemical
20.47,12.04,18.63,4.18,16.51,2.79,5.95,0.1,0.1,10.93,9.05,11.0,9.14,7.66,4.17,11.25,Alcoholic
12.99,4.97,9.28,19.0,12.28,10.32,6.61,6.35,8.03,9.57,4.22,7.93,12.45,26.82,8.32,4.06,Gasoline-like
0.1,15.5,6.55,11.86,2.73,9.91,2.01,1.65,4.81,14.34,7.46,4.55,18.91,18.74,2.53,6.94,Fruity
13.45,10.66,17.08,9.6,0.1,6.6,5.58,5.92,4.42,4.61,3.2,4.7,14.48,6.18,5.47,4.92,Alcoholic
5.94,3.61,7.67,18.0,10.0,11.65,8.42,8.95,0.72,3.44,6.97,7.19,11.21,0.1,8.55,0.1,Gasoline-like
5.47,7.46,9.42,10.88,15.92,3.34,2.28,10.58,7.68,7.37,8.86,12.34,7.45,7.85,4.54,0.53,Sweet
10.13,8.15,11.8,6.99,6.06,3.26,7.91,4.42,8.23,17.69,11.79,11.83,21.97,4.47,7.91,9.86,Sweet
22.44,15.01,18.71,7.2,4.07,6.15,3.3,11.35,2.72,9.23,6.79,4.4,7.12,8.3,6.09,12.56,Alcoholic
0.1,1.24,0.1,6.58,4.6,5.33,3.23,1.73,6.23,14.29,6.51,4.72,17.6,24.12,8.3,4.33,Fruity
27.04,5.19,9.24,15.99,12.26,8.75,2.75,9.37,5.15,14.96,0.1,11.76,15.46,8.18,6.51,11.37,Gasoline-like
20.48,6.48,9.56,8.82,3.7,5.37,6.04,4.48,7.89,13.36,7.83,3.41,21.31,20.38,9.49,0.44,Fruity
6.67,0.56,17.92,10.05,0.1,7.21,11.08,10.12,3.9,23.42,4.0,7.37,17.6,24.27,5.29,7.25,Fruity
13.88,6.12,14.62,7.72,4.46,1.74,7.66,14.93,7.92,8.95,13.9,7.09,10.77,7.82,15.28,13.84,Chemical
18.7,14.29,14.09,11.53,0.1,7.17,3.81,9.15,8.52,3.72,13.71,11.43,14.58,9.79,7.31,6.92,Sweet
12.82,8.15,15.21,5.14,6.79,4.0,6.1,5.8,3.42,11.68,7.7,5.23,20.01,19.72,2.05,4.52,Fruity
8.23,0.1,15.28,7.07,5.13,7.64,6.76,4.73,6.65,5.65,11.72,11.66,0.1,12.44,6.48,2.07,Sweet
14.09,4.15,9.51,18.79,8.33,7.48,0.87,10.03,2.97,13.85,7.27,9.9,11.97,14.06,5.56,7.42,Gasoline-like
14.0,9.26,12.52,17.26,0.1,6.67,0.1,9.75,9.63,9.98,10.66,12.51,7.95,9.45,10.12,3.59,Sweet
14.43,7.07,20.51,6.02,11.73,5.69,1.65,4.9,8.76,8.25,12.81,9.0,7.04,9.71,2.5,9.42,Sweet
9.03,5.89,7.59,15.35,10.06,9.24,5.76,8.74,4.36,11.28,10.95,9.64,0.1,6.09,5.18,2.83,Gasoline-like
16.66,12.58,25.47,4.92,8.13,5.21,5.68,1.55,4.28,7.77,9.22,7.51,6.17,10.96,6.84,8.57,Alcoholic
9.18,2.65,21.74,13.69,10.02,5.3,6.03,8.62,4.56,9.62,12.5,12.02,3.49,10.71,1.27,5.01,Gasoline-like
24.22,11.26,18.82,2.55,6.97,9.32,3.51,3.79,5.06,0.1,12.59,2.05,2.29,9.76,3.93,3.26,Alcoholic
13.29,5.85,9.43,15.83,11.76,6.27,6.71,10.3,4.21,13.2,9.69,3.88,14.16,23.62,9.43,10.47,Fruity
24.76,17.12,19.24,6.51,2.94,8.24,8.76,4.3,0.31,9.65,5.03,3.25,2.52,0.1,9.38,3.34,Alcoholic
3.92,2.53,7.5,21.87,8.25,7.01,6.53,11.82,5.51,4.59,13.69,10.97,8.69,21.59,4.86,7.71,Sweet
17.31,0.64,20.97,4.6,4.83,4.84,6.99,1.49,5.27,17.21,0.1,4.62,16.64,16.72,4.53,7.78,Fruity
22.41,7.09,16.38,11.79,2.83,1.22,3.93,11.73,0.1,8.46,15.82,6.0,13.11,12.13,10.01,12.8,Chemical
23.77,9.16,25.8,12.05,7.72,1.6,5.73,14.09,5.31,11.14,5.41,6.85,10.94,3.14,11.46,14.09,Chemical
14.22,8.34,14.88,9.94,6.28,6.03,3.35,7.41,4.5,12.4,13.32,1.87,15.07,19.4,5.43,11.52,Fruity
6.25,4.59,7.69,15.35,8.87,10.09,6.22,4.57,0.1,19.53,13.06,3.31,21.49,21.01,4.75,11.66,Fruity
8.72,6.16,3.15,17.93,12.12,5.79,5.74,4.31,2.1,14.54,7.91,9.05,8.41,17.37,4.85,10.52,Gasoline-like
6.08,10.67,11.95,16.45,2.72,4.84,5.21,17.06,5.18,10.68,4.11,5.48,6.99,4.33,10.3,13.93,Chemical
13.55,4.56,21.56,10.45,15.73,4.91,3.38,1.09,1.67,20.93,3.67,10.31,13.43,16.16,5.8,8.82,Fruity
4.16,7.13,21.83,8.99,9.44,6.69,4.72,13.14,8.95,4.45,15.81,10.98,12.21,10.26,6.83,9.02,Sweet
20.21,7.35,8.25,8.72,7.88,3.84,7.21,0.1,5.95,15.0,2.6,5.14,16.45,7.55,4.83,5.88,Fruity
15.26,2.12,11.96,10.87,9.77,8.34,3.07,10.27,8.17,9.42,9.03,6.33,5.84,2.49,1.06,1.2,Gasoline-like
15.71,8.58,23.33,12.93,8.33,1.78,7.19,9.09,5.43,1.81,4.0,9.76,17.42,11.43,3.65,8.47,Alcoholic
6.8,1.72,0.1,6.51,3.19,1.57,3.41,7.83,9.65,11.69,12.39,7.54,14.79,20.41,5.49,6.49,Fruity
15.47,0.33,11.25,18.12,6.59,7.57,4.18,9.6,4.57,5.49,0.93,9.87,8.61,0.1,9.77,6.24,Gasoline-like
15.25,6.93,18.1,9.19,5.87,5.0,7.32,9.38,7.75,17.7,6.63,7.83,17.0,16.74,6.28,6.35,Fruity
8.32,7.75,11.94,0.72,7.75,2.28,3.71,13.3,3.21,0.1,6.59,0.1,13.23,18.57,8.51,17.27,Chemical
5.75,10.32,19.79,9.55,13.01,4.96,0.87,15.35,3.98,18.24,13.79,6.03,12.69,16.62,7.88,5.21,Fruity
8.82,8.47,11.94,9.33,6.22,8.12,1.07,9.56,9.4,7.97,12.8,10.32,12.96,11.67,8.41,7.17,Sweet
10.15,12.17,13.18,12.81,10.55,1.3,8.95,12.65,2.04,10.94,8.62,9.29,7.09,9.95,11.93,13.6,Chemical
1.26,10.1,4.96,9.97,6.47,2.01,3.55,5.53,4.47,13.81,6.52,12.14,17.48,23.09,2.98,9.62,Fruity
9.43,4.68,15.29,9.22,7.48,8.16,2.6,0.1,8.92,19.52,1.07,9.32,15.6,20.61,7.51,8.2,Fruity
16.54,9.08,6.09,13.25,7.32,6.61,5.1,24.87,10.29,11.15,10.65,6.73,13.16,14.34,5.03,5.5,Sweet
22.46,3.78,15.91,3.31,7.5,2.77,3.97,20.01,0.53,0.2,7.93,6.23,8.44,27.51,11.34,13.44,Chemical
19.76,8.39,20.99,5.25,7.79,11.32,4.41,10.71,7.15,11.7,9.45,6.25,6.26,8.1,8.99,2.75,Alcoholic
22.12,6.67,12.81,7.05,4.5,4.34,7.35,4.82,8.57,17.58,13.04,7.28,11.6,12.65,6.38,0.1,Sweet
14.99,4.72,5.81,10.38,9.32,9.18,7.67,4.97,3.31,15.41,11.28,9.7,11.92,5.87,7.78,10.46,Gasoline-like
24.15,10.75,19.19,10.63,0.1,2.75,3.57,15.14,3.96,10.18,1.49,10.72,3.22,13.83,7.81,9.81,Alcoholic
18.14,0.1,13.98,11.5,4.2,9.3,4.5,15.14,4.8,18.32,14.0,8.53,13.88,18.86,3.39,7.59,Fruity
18.92,7.97,19.35,11.66,14.45,10.28,2.13,13.37,0.71,4.67,2.56,10.0,13.0,10.79,3.3,5.51,Gasoline-like
10.24,9.6,7.31,10.82,7.9,10.62,4.64,9.22,8.17,14.11,3.27,1.81,19.16,13.35,3.32,7.4,Fruity
16.07,13.19,4.8,10.57,9.88,8.54,8.56,10.5,5.16,12.48,6.06,13.41,12.84,8.73,6.52,11.59,Gasoline-like
15.52,12.7,18.4,18.01,9.19,5.71,2.14,3.99,0.5,4.15,3.07,1.78,13.1,15.85,5.49,12.82,Alcoholic
12.24,5.95,0.1,16.88,11.4,9.26,7.39,9.96,4.55,10.65,4.34,5.83,10.37,9.04,9.86,9.63,Gasoline-like
18.95,13.21,18.36,6.71,6.71,4.5,1.54,9.59,5.01,15.79,5.57,0.1,7.99,22.91,5.75,17.46,Alcoholic
7.2,0.73,14.56,7.46,5.43,6.37,1.37,0.33,5.21,16.57,10.1,6.43,24.48,18.95,6.1,6.17,Fruity
15.2,4.7,4.99,5.26,10.98,0.1,6.12,15.44,2.74,8.74,7.24,4.51,14.12,17.98,8.43,8.23,Fruity
10.72,2.56,22.4,12.38,14.12,8.82,5.18,4.93,5.94,6.14,10.89,1.27,7.32,14.46,0.1,10.36,Gasoline-like
20.15,7.48,9.23,5.55,10.16,6.21,2.16,14.27,5.35,14.39,8.68,1.83,2.05,8.35,12.26,14.77,Chemical
13.08,5.18,8.97,22.43,4.15,4.75,6.52,13.54,4.36,16.78,5.96,5.9,11.4,12.02,9.92,15.8,Chemical
7.94,10.82,3.36,13.39,1.39,7.6,5.37,9.13,9.35,9.63,15.42,9.66,8.62,19.33,7.2,12.5,Sweet
8.45,4.91,12.83,11.15,9.22,6.67,2.73,8.43,5.26,15.88,10.7,9.86,20.11,20.03,5.35,0.1,Fruity
3.94,1.03,13.21,17.51,12.84,10.17,6.35,13.16,4.74,7.15,7.66,7.43,7.94,12.2,2.96,8.9,Gasoline-like
24.33,11.65,0.1,14.71,6.06,7.39,5.42,21.0,8.46,12.98,15.04,8.16,16.31,7.32,2.46,12.02,Sweet
14.53,6.14,5.63,14.41,1.67,5.86,6.71,13.55,3.43,7.52,9.27,6.72,7.67,27.33,9.72,13.27,Chemical
16.44,1.89,4.59,11.36,12.94,7.23,8.0,9.52,3.16,11.97,11.6,5.16,3.82,15.32,7.82,10.83,Gasoline-like
14.05,6.25,20.14,12.47,0.1,4.68,4.64,12.07,5.36,16.31,14.1,4.18,18.9,22.44,6.46,11.87,Fruity
10.92,8.9,2.46,10.17,0.1,2.98,3.64,2.99,2.42,11.97,5.7,10.39,13.86,17.61,5.67,13.44,Fruity
6.37,10.09,15.86,9.32,9.43,6.16,1.97,7.76,6.21,8.54,14.72,12.66,10.58,7.58,3.94,10.48,Sweet
20.78,9.93,9.79,4.5,9.54,3.24,2.39,15.41,7.66,12.17,5.65,5.82,1.85,18.75,9.58,15.15,Chemical
11.25,4.25,13.98,2.81,5.4,5.97,3.51,18.11,5.33,9.08,4.94,6.13,11.26,10.22,8.87,13.39,Chemical
19.91,7.02,9.12,8.01,13.11,5.84,3.5,7.09,3.64,17.82,3.94,12.71,17.98,21.3,6.46,9.12,Fruity
9.76,9.77,15.03,6.41,7.88,4.6,5.57,12.75,5.92,9.94,10.13,10.15,13.99,9.79,8.72,10.93,Chemical
7.65,1.66,15.41,19.94,1.99,5.36,10.88,13.66,4.33,18.42,5.24,3.79,9.18,0.47,12.79,12.21,Chemical
22.52,7.04,24.62,0.1,12.71,2.99,4.34,7.09,8.56,13.89,11.68,11.48,23.97,4.93,3.26,10.96,Sweet
11.19,14.91,8.9,14.13,4.7,0.1,5.55,9.78,8.06,5.66,16.14,8.73,3.8,7.23,3.93,9.21,Sweet
28.71,9.3,15.53,2.84,11.46,2.6,4.33,6.68,5.14,15.88,11.07,3.97,6.06,17.62,7.58,3.59,Alcoholic
11.14,4.34,8.21,6.07,7.78,7.75,5.98,6.96,0.1,15.72,6.43,8.04,16.12,20.14,10.79,7.2,Fruity
9.73,8.43,23.4,12.43,13.22,9.48,4.46,1.59,6.21,11.76,3.44,5.08,6.21,11.29,6.6,12.99,Gasoline-like
18.15,8.91,23.81,12.17,0.1,8.45,5.52,11.08,0.28,12.32,9.14,10.64,12.88,20.17,4.98,8.3,Alcoholic
7.25,7.98,11.51,1.41,6.34,6.28,4.1,6.96,7.58,4.66,11.15,8.4,11.02,8.74,12.3,7.2,Sweet
28.13,13.45,23.91,14.98,7.38,6.34,8.85,10.65,6.48,10.43,7.62,6.93,11.23,17.24,6.41,13.28,Alcoholic
19.68,10.64,0.9,17.12,10.91,9.6,6.85,1.3,1.33,6.95,3.57,5.78,15.01,14.32,1.98,4.66,Gasoline-like
4.3,7.21,16.66,22.97,12.02,11.87,6.65,10.13,7.85,7.22,4.79,5.74,10.66,0.1,11.56,4.72,Gasoline-like
15.52,7.43,24.67,13.3,8.1,9.15,0.1,8.59,7.09,16.95,3.16,4.55,13.04,17.11,8.9,11.16,Gasoline-like
16.04,8.36,12.3,8.89,8.6,3.51,4.83,10.04,3.56,12.36,0.1,5.07,14.43,12.74,8.79,11.01,Chemical
22.73,8.87,15.44,7.16,6.55,10.77,5.02,14.14,4.25,14.81,7.15,8.95,9.05,16.18,11.27,8.53,Alcoholic
9.67,10.33,6.85,1.85,8.76,4.23,1.67,8.33,3.95,15.63,10.32,3.39,14.9,19.33,11.82,8.64,Fruity
21.36,6.86,12.99,6.49,5.16,9.67,2.49,5.06,7.25,11.86,10.59,8.0,5.83,10.96,1.63,13.87,Sweet
5.39,10.95,3.59,7.73,4.18,6.82,1.86,11.53,8.97,7.99,8.64,10.58,9.75,5.59,7.14,13.44,Sweet
15.73,0.1,3.62,14.97,11.01,10.53,3.4,11.58,1.1,8.22,3.89,8.36,9.73,0.1,5.69,13.29,Gasoline-like
13.31,11.08,1.04,4.79,1.52,2.04,8.17,18.49,3.92,12.76,10.17,5.34,12.47,1.64,8.42,13.37,Chemical
7.28,6.72,23.58,5.1,3.63,4.04,3.9,14.79,7.66,9.81,11.24,9.75,6.75,20.74,6.4,5.25,Sweet
8.29,3.13,7.49,5.43,6.82,1.7,6.76,7.97,7.39,0.16,12.85,10.78,4.59,10.46,4.64,11.18,Sweet
16.85,3.91,11.14,11.51,5.03,1.43,4.37,9.21,7.73,0.1,18.09,15.48,13.41,8.59,5.2,11.15,Sweet
12.29,2.15,0.99,4.75,9.12,4.99,4.15,7.65,9.63,1.86,8.59,13.73,13.72,7.51,3.14,5.42,Sweet
11.16,8.66,15.78,4.34,11.27,7.23,0.96,9.8,6.84,12.34,10.95,12.1,3.37,19.01,6.92,13.73,Sweet
9.84,8.85,25.31,7.19,6.0,8.99,5.4,19.31,0.1,5.63,3.18,9.02,19.46,10.04,11.77,18.78,Chemical
16.56,6.46,20.01,8.31,4.6,4.85,4.69,8.11,5.16,15.98,2.35,10.2,13.69,15.97,7.71,11.62,Fruity
7.33,9.28,12.39,14.06,12.35,11.18,4.46,11.02,1.01,14.4,7.09,8.87,15.57,14.16,0.1,10.95,Gasoline-like
14.42,5.44,8.19,22.92,15.21,13.05,4.78,6.61,6.94,15.18,9.13,1.16,6.92,15.37,4.95,0.88,Gasoline-like
18.26,4.85,5.99,12.83,10.35,7.37,4.12,16.97,0.68,0.1,0.15,4.61,3.88,6.16,9.41,12.06,Chemical
13.13,2.06,13.33,4.68,5.3,5.87,7.83,4.73,0.1,15.2,7.03,5.14,20.68,21.2,2.8,0.63,Fruity
14.41,0.87,14.94,15.18,4.51,6.45,4.37,15.64,4.58,0.64,7.02,3.43,14.0,8.37,11.95,14.23,Chemical
21.1,7.18,11.3,18.1,11.04,9.29,2.84,7.42,2.85,10.97,10.0,3.21,9.35,1.77,1.47,12.43,Gasoline-like
17.93,3.72,12.16,11.98,4.09,3.85,1.97,16.12,8.07,7.83,4.87,4.35,11.81,10.58,11.67,12.4,Chemical
24.44,13.51,19.43,8.3,10.36,4.72,3.52,15.41,7.81,8.03,7.46,6.95,11.27,12.95,2.82,10.22,Alcoholic
15.36,10.01,15.94,12.67,11.47,10.23,6.47,3.28,6.12,10.61,5.16,0.1,19.46,10.11,3.09,7.27,Gasoline-like
16.75,7.4,11.83,22.87,12.9,7.18,7.92,8.22,8.07,17.01,10.57,3.57,5.22,15.5,12.09,6.04,Gasoline-like
17.54,5.95,8.6,13.85,12.65,8.45,3.5,13.02,3.31,8.1,13.59,6.34,8.29,11.01,7.1,13.5,Gasoline-like
13.16,7.86,14.5,17.89,12.35,9.65,4.38,7.45,4.47,12.21,10.67,5.41,2.42,4.34,3.33,7.1,Gasoline-like
6.1,7.58,17.19,15.93,3.81,6.89,4.31,14.29,6.09,11.4,3.75,3.17,5.45,5.16,12.15,11.8,Chemical
22.16,10.07,12.76,6.66,6.72,8.8,9.72,16.06,4.22,12.75,8.94,0.1,18.02,19.22,5.47,0.1,Fruity
32.87,6.48,9.61,9.07,6.35,0.88,2.71,9.33,6.4,8.73,15.01,1.06,18.1,21.41,12.29,14.12,Chemical
11.02,1.37,12.12,4.58,13.97,4.23,0.1,4.51,0.1,17.81,0.1,4.78,10.99,18.64,8.74,7.12,Fruity
14.65,7.88,4.61,5.13,7.47,9.95,4.92,11.06,9.73,1.55,11.86,12.62,22.62,2.71,6.4,11.33,Sweet
15.72,3.11,14.11,7.25,7.58,1.8,4.11,12.95,5.19,17.4,4.91,3.39,17.53,16.85,10.41,0.35,Fruity
17.61,9.99,23.4,2.56,12.03,1.38,3.6,15.53,3.88,9.22,5.84,3.7,15.32,14.46,10.71,12.93,Chemical
14.9,10.27,8.85,17.96,11.46,13.3,2.02,6.89,6.54,5.03,6.52,8.57,11.15,8.95,0.33,11.18,Gasoline-like
5.43,9.2,10.13,10.38,9.17,8.8,3.91,17.97,0.1,8.7,6.6,10.67,9.05,7.17,9.79,19.84,Chemical
28.94,13.92,23.59,4.71,5.98,6.06,5.4,5.38,5.72,5.07,8.19,4.74,10.24,10.19,4.23,1.93,Alcoholic
7.53,12.33,13.49,14.44,0.1,4.42,7.82,8.53,2.9,16.58,6.57,6.4,16.08,17.6,10.02,7.49,Fruity
12.79,6.63,13.43,15.92,9.89,4.44,1.0,12.9,4.15,9.9,16.46,7.21,0.1,17.09,7.44,11.66,Gasoline-like
12.34,0.1,12.76,10.2,5.01,5.78,4.43,9.23,8.01,13.24,12.72,6.67,6.71,6.68,4.62,8.25,Sweet
15.34,11.07,11.06,18.21,14.29,8.39,3.86,12.6,6.08,10.15,10.39,3.32,3.66,4.35,9.77,10.94,Gasoline-like
11.95,11.63,3.77,10.87,2.01,6.24,2.35,11.31,1.5,4.07,4.78,5.77,11.75,8.78,9.26,12.9,Chemical
7.9,6.38,13.82,9.24,2.2,4.92,2.46,15.8,1.23,11.94,10.99,6.51,10.49,17.96,7.88,13.37,Chemical
15.65,2.99,18.16,17.17,8.55,10.3,7.57,7.71,6.41,6.04,3.35,1.72,13.18,5.73,5.16,11.6,Gasoline-like
27.65,16.15,25.28,10.44,8.7,7.72,3.4,14.7,1.83,13.06,8.28,6.47,13.93,18.12,7.38,10.76,Alcoholic
2.29,8.8,12.54,7.8,12.31,3.35,5.67,16.93,2.12,6.67,11.15,4.43,1.38,5.91,10.41,8.67,Chemical
22.03,4.32,16.31,7.73,10.84,10.57,6.26,6.81,4.55,11.65,6.49,4.05,14.75,15.69,5.48,5.72,Fruity
22.34,11.8,16.51,10.62,0.1,5.73,3.7,10.89,0.1,11.47,4.94,2.32,10.59,19.04,4.46,6.09,Alcoholic
17.0,6.95,18.27,8.71,4.8,5.36,6.04,20.49,3.39,12.13,5.12,4.84,7.23,6.17,10.39,15.02,Chemical
22.81,9.32,4.91,15.24,13.65,7.24,5.32,4.93,2.54,11.39,3.07,3.03,8.53,13.75,5.67,10.47,Gasoline-like
11.84,9.53,2.57,4.99,11.68,7.77,0.33,11.5,9.78,15.49,6.49,2.96,5.69,11.13,13.5,18.03,Chemical
14.96,10.36,20.24,15.86,15.47,8.02,0.11,0.78,5.23,6.81,8.89,5.36,21.52,16.4,1.24,8.68,Gasoline-like
17.55,6.04,15.37,8.41,7.94,5.97,3.51,14.42,3.42,5.03,14.49,0.98,10.73,17.06,9.16,14.27,Chemical
5.86,10.29,5.78,4.8,2.83,6.13,6.63,9.2,9.15,7.83,10.81,7.8,11.96,9.03,5.53,10.02,Sweet
14.67,7.38,21.19,6.31,2.69,3.21,9.72,14.07,1.76,9.31,8.31,9.25,4.7,6.35,7.56,13.9,Chemical
20.11,13.14,18.11,4.11,5.94,3.43,7.49,4.46,7.97,9.87,10.75,13.87,17.9,13.32,0.79,1.52,Alcoholic
8.6,5.76,0.12,9.0,9.41,10.73,3.11,18.59,6.9,7.75,2.01,1.86,10.13,5.68,9.02,13.16,Chemical
26.69,4.93,21.24,11.42,9.92,7.37,3.89,6.9,8.34,10.81,12.58,13.41,11.94,13.05,6.83,9.88,Sweet
8.06,8.89,21.29,11.17,6.68,5.93,0.24,13.78,2.9,5.51,3.27,8.58,6.01,16.58,10.34,15.86,Chemical
24.84,9.42,24.15,10.33,17.6,0.79,6.6,4.82,1.85,8.3,6.38,10.34,19.22,15.93,4.13,13.14,Alcoholic
27.9,9.41,23.98,13.17,1.87,6.47,7.13,10.93,6.04,7.34,4.76,11.62,9.09,15.43,4.98,0.1,Alcoholic
10.15,8.88,20.35,14.0,10.56,5.75,2.28,7.91,9.74,8.21,15.1,11.19,10.88,8.56,6.37,6.74,Sweet
18.98,3.98,18.81,11.54,4.5,5.73,5.47,7.41,5.71,8.79,9.44,11.98,9.82,1.75,4.54,0.95,Sweet
0.1,7.89,7.34,11.5,8.82,1.54,6.07,17.45,5.71,4.56,8.5,7.5,8.51,8.43,12.08,14.77,Chemical
11.69,10.7,15.74,16.42,6.9,3.66,1.72,11.17,4.14,13.13,4.17,5.17,21.49,18.34,5.91,8.68,Fruity
4.33,12.5,10.0,4.06,1.42,0.83,9.56,14.46,4.41,5.87,6.33,7.0,11.54,8.53,7.9,15.65,Chemical
18.55,1.98,11.71,0.66,10.97,4.29,1.73,4.83,6.9,15.58,4.83,4.56,11.53,19.18,7.59,9.8,Fruity
16.89,8.11,21.86,12.96,5.61,4.71,1.88,2.94,6.71,1.8,7.56,2.05,4.76,17.72,2.92,9.73,Alcoholic
25.26,13.02,19.69,11.82,7.75,6.56,5.62,6.59,6.68,6.91,6.88,2.01,13.4,11.25,2.47,9.34,Alcoholic
7.68,7.01,24.22,17.78,5.35,6.91,4.66,11.25,4.48,12.04,5.29,2.09,15.66,4.29,11.04,12.84,Chemical
23.11,2.79,11.87,13.56,14.49,11.37,3.08,14.64,4.06,9.72,5.1,7.78,15.84,16.22,6.48,9.26,Gasoline-like
18.94,12.78,24.83,7.23,6.47,8.27,1.19,9.37,5.88,7.17,2.46,6.91,10.97,16.53,4.4,11.41,Alcoholic
17.4,7.58,3.26,13.44,9.71,3.87,11.31,0.1,6.71,18.94,8.46,4.1,16.22,21.22,8.91,8.0,Fruity
11.12,5.91,23.48,0.1,11.4,6.54,3.51,8.06,10.25,7.9,11.38,11.19,9.65,18.39,9.52,11.88,Sweet
18.63,15.92,22.92,6.97,7.25,4.61,5.39,4.66,4.68,9.39,5.02,7.34,9.06,8.53,3.17,8.48,Alcoholic
3.53,8.45,8.84,11.92,5.07,2.94,3.34,8.97,5.18,15.15,8.59,0.46,16.2,19.55,11.36,1.79,Fruity
8.21,3.54,16.87,15.32,8.99,5.12,4.41,13.83,0.1,5.46,5.32,5.81,13.62,4.35,9.23,12.95,Chemical
20.36,10.61,12.99,5.81,9.51,1.45,3.86,2.49,3.08,18.95,5.42,3.4,12.61,21.59,4.62,6.24,Fruity
0.1,5.96,1.73,9.95,13.35,7.95,2.8,10.49,6.31,7.95,9.15,8.68,9.11,4.7,0.49,11.36,Gasoline-like
28.05,2.37,2.69,20.03,9.0,7.92,5.18,12.67,0.1,9.08,11.35,13.24,5.74,18.76,4.94,12.82,Gasoline-like
0.72,7.08,13.55,17.87,7.17,2.67,5.51,15.96,1.0,9.49,8.3,7.44,10.72,8.23,10.67,13.47,Chemical
15.52,6.48,8.67,7.69,6.26,2.63,2.29,14.57,7.04,10.13,7.09,7.4,9.98,13.02,11.41,13.45,Chemical
17.99,0.1,8.14,9.77,5.59,6.84,3.64,14.89,3.59,2.32,4.67,1.06,4.5,14.74,9.77,14.96,Chemical
11.49,13.4,13.25,9.56,8.87,1.44,8.39,14.22,5.95,9.86,0.1,10.11,3.08,8.06,9.3,9.03,Chemical
23.39,0.1,11.1,4.49,12.05,1.35,3.78,16.48,5.05,12.49,7.04,5.72,12.09,5.94,8.56,10.58,Chemical
9.82,3.77,24.05,11.51,4.44,9.06,1.12,18.82,6.96,15.22,4.85,4.86,5.75,18.39,10.76,12.28,Chemical
5.37,4.83,6.43,11.84,10.77,2.44,5.55,11.47,8.23,12.47,9.41,10.54,7.87,11.36,4.43,10.56,Sweet
4.87,10.46,12.73,11.58,6.03,10.06,7.8,0.76,9.07,12.58,10.91,12.74,25.07,10.99,3.69,5.45,Sweet
21.21,12.39,13.28,9.21,8.08,7.79,8.39,19.99,1.74,6.86,5.9,8.5,10.73,6.4,12.27,13.37,Chemical
3.66,0.91,19.81,14.27,13.12,12.62,7.31,8.27,1.81,5.47,4.98,1.35,3.65,11.25,2.92,8.24,Gasoline-like
10.52,4.79,23.0,13.99,7.92,3.36,5.71,7.9,0.83,21.31,8.99,8.47,16.9,17.23,6.22,0.1,Fruity
27.85,12.86,17.52,11.37,9.77,7.86,2.52,11.88,1.42,6.13,4.69,7.38,1.95,10.91,9.15,5.33,Alcoholic
7.33,13.19,13.4,8.25,10.53,2.4,5.48,0.1,1.86,13.28,4.22,6.68,18.2,22.09,4.97,6.64,Fruity
12.39,0.1,19.75,2.9,10.09,6.23,4.82,7.99,5.69,17.54,10.71,6.96,15.99,18.1,0.1,7.71,Fruity
11.67,4.97,9.56,15.27,12.18,10.95,5.22,13.22,2.45,9.24,12.52,6.97,12.98,5.37,8.3,0.1,Gasoline-like
19.05,3.51,23.38,18.12,5.19,0.94,5.73,15.56,4.53,7.77,8.01,6.3,8.7,1.9,9.91,10.65,Chemical
18.22,12.25,31.61,18.8,8.06,6.52,3.37,6.75,6.01,4.55,11.52,11.9,8.83,8.99,0.1,11.76,Alcoholic
9.06,9.75,0.1,12.16,8.98,5.98,4.21,8.43,8.09,1.96,10.76,13.96,2.0,13.57,2.38,11.2,Sweet
14.76,7.94,9.35,7.03,9.55,1.36,4.68,1.91,10.72,6.32,13.08,14.29,7.86,8.39,2.93,2.31,Sweet
17.39,1.3,21.42,0.1,6.5,2.22,2.45,14.71,2.74,0.1,9.16,13.41,9.78,13.5,12.68,9.15,Chemical
19.22,11.43,26.3,6.37,7.9,5.19,4.68,6.28,5.12,10.67,9.38,5.54,19.1,6.96,6.95,13.34,Alcoholic
13.98,7.44,15.68,6.11,6.78,3.79,3.67,10.18,5.61,10.84,10.0,6.96,16.85,27.75,4.88,7.74,Fruity
12.5,0.1,8.64,13.06,9.56,11.52,4.17,3.83,5.15,9.92,1.46,5.71,11.66,10.92,5.93,3.8,Gasoline-like
3.07,4.73,7.9,18.94,11.47,8.02,3.32,1.04,1.87,4.48,6.99,5.24,3.77,19.66,3.66,8.39,Gasoline-like
14.63,8.14,13.74,7.68,9.87,5.72,1.25,7.5,8.34,8.35,9.47,11.24,4.73,5.27,7.57,4.8,Sweet
19.19,6.04,13.28,3.18,3.34,6.78,2.45,5.42,2.17,18.85,7.17,7.02,20.85,16.93,3.36,0.1,Fruity
20.7,8.82,17.87,10.08,9.52,7.49,4.72,5.1,7.02,10.02,12.55,9.94,6.42,3.21,4.8,10.7,Sweet
16.57,2.03,12.19,10.63,7.95,4.38,4.92,9.79,4.48,14.68,6.39,9.61,15.18,22.58,6.77,3.93,Fruity
7.98,9.63,11.01,10.86,3.85,7.88,4.02,0.78,0.65,11.83,8.86,2.88,17.88,18.82,6.44,13.99,Fruity
12.32,1.24,9.9,5.61,9.82,3.84,7.31,11.75,7.47,17.05,5.48,4.44,19.24,25.4,7.64,12.76,Fruity
19.75,12.01,6.89,10.04,1.75,5.91,8.01,4.19,2.09,16.18,6.42,6.54,14.48,17.11,0.1,9.67,Fruity
9.66,5.47,7.75,12.4,7.96,4.16,8.85,8.86,5.21,13.76,0.26,9.89,19.23,18.77,6.9,10.92,Fruity
26.33,12.35,18.22,7.03,5.65,3.42,1.62,2.31,4.58,13.58,5.39,7.1,6.89,13.27,7.87,6.38,Alcoholic
13.26,3.86,24.01,11.87,8.27,8.71,11.55,4.79,8.29,10.14,14.2,12.66,11.49,6.29,7.53,5.41,Sweet
6.87,7.6,0.1,5.97,6.67,2.7,6.03,13.26,1.81,12.24,5.99,6.98,0.1,4.25,13.69,15.56,Chemical
4.99,5.44,25.2,13.17,11.44,8.23,7.1,4.96,1.95,14.02,9.27,3.84,11.07,6.41,6.8,6.83,Gasoline-like
19.53,13.64,26.99,14.08,12.02,6.33,7.39,8.59,5.55,8.75,7.72,7.51,10.57,15.37,3.89,6.02,Alcoholic
0.16,5.86,6.75,0.1,8.62,0.96,10.31,16.48,2.39,16.15,5.92,5.25,3.18,8.6,8.79,15.48,Chemical
11.37,6.9,16.21,4.0,7.66,1.58,4.41,14.27,4.69,8.92,5.92,5.04,17.33,6.91,10.28,15.4,Chemical
7.26,6.63,10.23,20.54,6.22,5.66,4.72,2.71,7.96,15.23,12.52,8.8,5.34,0.1,3.54,13.07,Sweet
15.28,8.39,10.82,16.54,11.05,8.45,2.72,14.77,0.1,4.67,7.36,6.64,8.67,1.36,7.08,12.26,Gasoline-like
15.08,2.77,12.74,6.82,7.89,6.48,0.1,2.69,2.11,14.02,5.16,3.07,14.37,16.33,4.88,6.07,Fruity
12.87,3.76,9.29,3.28,6.24,2.55,6.29,11.85,4.96,9.11,6.22,10.02,12.59,12.47,11.27,15.54,Chemical
14.87,12.83,19.36,4.8,6.92,9.86,5.13,9.81,7.22,10.02,7.34,9.44,2.86,21.5,4.94,5.09,Sweet
12.33,8.43,9.7,2.82,3.82,6.32,8.17,7.41,3.86,16.86,11.22,7.38,18.68,22.17,10.59,12.95,Fruity
8.06,8.99,14.97,8.81,6.11,3.68,6.2,14.45,3.36,15.31,8.15,1.62,22.83,5.61,11.43,18.2,Chemical
4.04,9.01,11.75,8.54,3.99,11.45,6.05,8.6,7.94,11.11,14.06,13.67,4.1,13.7,5.73,1.99,Sweet
21.64,8.38,13.92,12.18,9.87,4.16,9.51,10.98,3.95,3.3,3.43,3.99,11.16,10.29,11.91,17.01,Chemical
16.16,1.18,15.0,12.48,5.1,4.32,5.67,1.84,4.13,17.3,12.13,10.39,13.04,16.55,5.7,10.91,Fruity
5.35,9.58,2.11,4.7,6.93,2.28,6.41,10.91,10.14,8.88,11.74,12.31,8.57,6.83,7.59,7.17,Sweet
13.58,6.96,8.88,8.03,8.5,8.18,4.16,10.41,6.1,9.09,11.47,12.95,15.09,6.96,6.76,11.51,Sweet
2.18,8.42,18.13,7.38,3.39,6.09,0.1,17.0,3.03,16.9,6.77,5.37,9.14,3.32,9.3,13.89,Chemical
1.72,7.19,7.31,7.45,6.79,4.95,3.37,13.52,7.76,10.66,14.85,13.65,6.91,19.81,4.12,13.19,Sweet
12.03,8.64,10.96,7.89,9.43,6.3,3.67,18.12,5.14,2.05,5.2,8.87,16.16,10.98,10.92,11.69,Chemical
10.07,2.92,0.1,3.9,0.68,10.31,5.29,5.01,7.12,12.75,5.87,7.51,20.08,21.41,4.99,6.1,Fruity
29.59,14.7,23.06,10.25,10.94,8.0,4.25,7.94,6.57,6.33,7.5,10.52,3.08,1.88,3.85,7.1,Alcoholic
27.31,15.22,19.61,6.78,4.54,6.75,10.65,12.07,1.9,7.47,6.35,4.91,9.62,15.09,6.15,9.77,Alcoholic
2.02,6.84,18.06,13.4,10.97,3.71,2.38,4.78,6.98,12.48,11.72,9.67,12.47,5.43,4.57,6.99,Sweet
11.42,6.66,17.99,11.1,7.59,3.74,4.59,12.19,7.72,12.31,8.53,1.58,16.92,18.95,6.59,6.16,Fruity
5.68,13.17,23.76,7.6,8.79,3.22,5.79,14.98,8.91,1.55,9.19,10.51,7.68,18.48,3.67,12.9,Sweet
16.78,12.88,16.12,9.51,6.36,8.85,7.52,16.49,5.83,8.07,4.97,1.22,9.11,11.07,11.97,14.88,Chemical
11.61,6.96,16.93,17.48,12.81,7.81,3.37,13.43,4.94,2.34,0.8,0.84,16.24,12.89,4.42,4.54,Gasoline-like
10.86,8.28,7.93,6.12,10.04,3.31,7.02,8.22,0.1,13.95,9.48,1.83,15.71,21.28,8.83,4.91,Fruity
9.29,1.71,12.61,6.71,10.18,1.05,7.23,10.03,0.1,8.19,0.81,6.83,11.28,20.51,9.79,14.14,Chemical
8.36,7.2,10.34,8.32,7.17,3.22,1.47,16.11,4.97,8.64,7.22,8.43,6.61,13.19,8.04,13.06,Chemical
15.78,4.91,8.55,4.85,7.39,0.1,9.42,15.31,3.39,9.61,4.06,5.03,9.73,13.99,8.84,15.08,Chemical
19.65,0.1,4.28,5.14,7.97,7.88,7.46,17.65,6.26,0.1,0.1,8.05,16.31,11.8,8.66,12.83,Chemical
11.58,10.46,14.53,10.89,8.73,2.31,7.03,12.95,7.72,8.87,15.62,10.47,12.99,14.61,8.03,1.84,Sweet
22.76,10.3,16.03,8.73,8.73,3.0,3.09,1.86,3.39,9.96,11.14,8.9,8.57,5.03,8.86,11.99,Alcoholic
7.19,4.74,10.46,6.34,1.27,1.83,3.48,11.12,8.48,4.99,10.87,15.01,9.37,10.03,0.1,10.92,Sweet
20.76,10.77,5.42,20.34,13.75,10.57,6.19,5.16,5.94,8.75,13.26,2.5,1.5,8.85,4.17,8.83,Gasoline-like
0.1,14.03,15.97,19.6,13.09,9.37,4.4,8.48,7.82,9.94,6.85,6.53,8.09,17.4,2.92,8.6,Gasoline-like
18.29,2.66,11.53,7.77,5.3,1.21,4.25,0.1,8.32,9.59,12.2,8.89,9.87,3.83,14.38,6.14,Sweet
18.22,11.7,18.71,8.94,4.85,0.1,6.5,7.21,5.82,12.33,1.78,7.78,16.96,22.02,6.8,9.16,Fruity
12.08,10.07,1.61,10.61,10.6,9.32,3.74,7.08,3.5,2.69,6.64,10.06,9.53,4.79,5.98,15.41,Gasoline-like
16.93,7.5,15.36,3.88,6.66,6.27,4.32,9.47,9.64,10.08,13.63,11.76,14.02,2.64,3.94,6.34,Sweet
13.97,0.1,8.91,11.25,11.58,10.03,4.02,13.12,4.98,18.69,10.15,1.63,16.62,15.81,3.78,9.37,Fruity
10.89,8.98,9.66,8.15,12.97,4.65,5.06,0.46,9.61,21.48,12.64,9.03,14.88,13.62,12.48,6.88,Sweet
8.81,2.13,5.01,11.7,5.51,2.64,4.11,2.09,6.92,18.17,8.44,11.63,17.3,16.81,10.81,11.0,Fruity
8.06,7.58,8.25,5.32,10.96,4.96,5.61,8.53,8.16,5.46,11.3,9.27,12.73,17.43,9.15,15.61,Sweet
10.65,5.03,20.31,8.56,8.39,8.09,4.87,16.76,2.52,5.2,6.33,12.63,14.21,11.91,8.89,9.97,Chemical
19.57,9.25,11.52,12.62,11.53,7.38,9.78,8.39,2.34,14.4,5.31,7.83,6.27,13.61,5.68,0.1,Gasoline-like
16.5,13.15,20.78,16.19,11.6,5.34,6.21,11.95,5.38,6.51,13.35,9.27,10.74,9.7,6.94,0.1,Alcoholic
27.73,7.63,23.34,17.44,11.48,10.16,3.05,6.22,1.07,7.1,11.62,6.8,13.04,22.28,12.46,10.85,Gasoline-like
17.64,6.45,6.86,0.53,13.57,6.79,5.95,15.42,7.76,8.02,4.79,12.57,10.79,0.1,7.44,13.13,Chemical
23.27,13.76,20.61,0.1,7.49,6.5,2.91,12.9,1.68,6.85,10.31,6.4,22.64,5.86,5.17,9.79,Alcoholic
21.39,5.69,8.93,9.5,5.92,5.51,4.53,7.32,7.48,7.77,13.4,9.17,11.95,12.27,7.92,7.39,Sweet
12.35,6.73,16.08,2.48,10.51,1.34,6.05,19.96,0.33,6.55,4.86,2.26,10.9,16.49,11.38,13.93,Chemical
12.38,12.33,15.59,3.29,8.04,2.78,5.91,10.26,1.54,14.97,7.01,6.33,16.27,15.58,5.84,3.47,Fruity
18.67,8.16,17.74,7.63,5.9,2.2,4.24,6.1,6.9,10.52,8.67,4.04,9.11,13.15,8.72,16.46,Alcoholic
10.58,2.72,11.38,10.75,7.41,6.86,4.09,12.26,3.64,16.09,4.42,5.37,16.83,25.85,4.59,15.04,Fruity
9.33,10.86,9.48,5.52,10.28,3.55,9.69,6.37,6.72,13.74,10.17,5.5,16.91,18.02,5.0,6.84,Fruity
14.11,8.25,15.41,20.75,10.85,8.28,5.1,5.15,7.22,13.9,8.43,4.61,0.1,4.07,3.7,0.1,Gasoline-like
4.02,8.93,20.66,3.45,3.74,6.73,1.1,13.34,7.7,13.52,16.29,13.88,9.15,8.17,0.33,11.2,Sweet
11.39,3.5,10.8,15.74,13.64,11.09,3.09,14.3,6.18,11.08,14.78,5.66,6.7,12.85,3.41,5.02,Gasoline-like
12.01,2.65,1.96,2.05,8.08,3.25,5.36,12.43,5.53,7.07,4.03,9.93,13.68,1.87,11.92,13.78,Chemical
20.0,14.18,30.1,15.64,4.99,7.03,9.34,0.85,7.82,13.76,12.49,9.69,6.28,19.14,7.63,7.48,Alcoholic
10.7,4.09,3.71,12.6,5.02,6.49,5.96,14.25,1.83,11.77,10.01,7.26,19.9,10.74,10.42,10.62,Chemical
6.85,9.81,7.17,13.93,8.43,7.31,3.86,6.67,5.36,15.57,9.43,6.41,19.7,17.66,3.96,8.66,Fruity
6.77,10.82,16.69,2.41,6.14,4.09,1.29,5.01,7.86,0.17,9.96,9.08,10.45,13.82,2.84,6.94,Sweet
17.18,5.58,25.3,11.83,8.28,5.72,4.99,0.1,6.49,8.58,11.55,9.6,4.23,15.32,11.65,13.8,Sweet
8.42,11.16,4.43,10.26,6.38,8.59,5.73,14.67,3.15,8.87,8.41,9.9,12.84,15.97,10.68,15.55,Chemical
8.61,9.74,11.8,6.15,1.87,4.66,6.42,11.36,1.6,12.62,6.39,6.78,23.39,19.84,11.6,1.58,Fruity
11.23,13.67,13.85,1.2,9.38,9.32,8.18,15.14,5.08,8.75,7.44,8.37,0.1,3.19,10.44,13.96,Chemical
18.5,8.21,9.72,14.31,15.29,11.17,6.93,13.67,1.58,6.62,1.85,7.55,8.91,0.1,4.63,9.89,Gasoline-like
11.3,7.96,10.28,11.25,8.36,3.24,3.62,5.3,11.02,13.07,12.7,10.33,15.84,4.16,3.27,0.9,Sweet
8.33,11.02,12.68,9.49,8.47,6.39,4.8,18.27,6.88,5.74,8.18,3.05,14.64,11.55,9.49,16.66,Chemical
24.25,13.4,20.07,9.92,4.98,0.1,7.11,10.59,3.97,4.33,1.57,7.46,14.82,7.72,5.75,8.96,Alcoholic
13.28,8.22,13.1,10.54,3.94,2.82,1.12,16.13,7.87,4.66,14.78,5.8,8.49,11.9,11.76,12.52,Chemical
15.26,8.41,20.62,12.32,12.79,11.63,6.74,8.65,3.66,10.03,12.95,5.8,8.95,12.07,5.07,4.68,Gasoline-like
12.66,6.11,14.76,6.28,4.13,5.72,5.33,8.51,8.58,6.57,12.0,10.86,11.79,10.71,4.8,9.2,Sweet
16.57,0.1,19.1,14.61,8.9,9.47,7.51,10.99,5.74,3.15,9.16,2.11,11.74,14.92,3.31,0.1,Gasoline-like
22.41,12.83,24.5,5.27,7.64,2.55,7.97,7.71,4.81,4.28,8.23,8.38,8.96,2.49,6.19,0.57,Alcoholic
7.75,8.58,13.91,9.93,0.24,6.58,3.5,18.88,5.23,10.64,13.64,12.4,5.28,14.83,7.11,21.85,Sweet
21.2,8.67,10.95,23.82,7.89,1.93,5.02,0.1,8.5,12.37,15.7,9.08,10.05,12.78,6.65,10.62,Sweet
25.9,8.49,8.34,13.96,6.62,8.17,0.24,5.88,7.31,15.11,9.17,0.76,22.48,23.74,3.78,7.59,Fruity
10.8,6.51,11.77,3.91,5.49,3.04,1.07,10.84,8.92,4.99,14.02,8.87,17.55,11.43,3.18,12.14,Sweet
24.06,10.73,14.34,2.71,5.16,7.36,7.57,8.77,5.42,9.02,0.48,7.37,0.46,12.61,6.49,2.63,Alcoholic
11.13,0.1,12.06,1.22,12.22,1.28,6.35,13.69,1.48,12.72,6.63,2.23,17.37,18.09,0.1,0.1,Fruity
8.12,3.6,17.51,8.3,6.47,4.8,3.12,5.23,7.95,2.53,13.42,8.66,9.37,15.06,6.68,3.11,Sweet
15.48,3.61,5.33,11.11,4.54,5.1,1.53,16.09,3.61,14.91,11.22,1.1,17.74,24.14,0.1,9.72,Fruity
16.92,9.9,19.72,0.1,3.53,6.5,4.06,4.59,10.02,3.58,11.77,6.98,14.96,9.02,0.1,6.16,Alcoholic
2.37,6.99,19.24,19.96,6.48,6.1,2.68,14.85,7.98,4.63,7.63,6.74,13.55,20.06,9.38,13.32,Chemical
21.96,14.41,22.1,9.75,2.89,0.1,6.92,10.76,2.9,14.26,4.31,4.43,19.36,11.61,5.78,0.1,Alcoholic
16.47,11.44,9.28,6.34,4.79,6.77,4.63,12.13,6.55,8.18,2.83,6.63,6.49,13.18,11.2,12.63,Chemical
18.23,12.28,23.13,17.24,7.53,8.82,5.48,5.13,4.13,14.09,5.23,3.0,7.73,12.51,6.53,7.89,Alcoholic
33.38,14.46,22.91,5.78,10.89,2.71,3.13,0.1,0.77,12.37,11.87,9.31,14.35,12.81,3.23,10.1,Alcoholic
10.12,8.26,12.12,13.92,15.15,8.22,3.7,14.49,4.66,8.92,5.5,8.79,10.66,7.28,5.28,5.78,Gasoline-like
11.09,8.59,2.57,14.47,12.69,8.65,6.58,14.02,4.87,4.95,5.43,7.14,14.81,19.95,4.8,8.7,Gasoline-like
20.7,4.29,20.63,12.4,13.34,8.22,4.13,9.25,1.63,7.1,4.03,8.98,2.74,10.94,9.04,8.66,Gasoline-like
11.83,1.52,17.1,14.95,15.95,8.6,8.5,9.29,5.05,9.28,4.2,8.58,7.76,11.75,8.66,8.58,Gasoline-like
8.69,4.16,13.54,19.13,14.7,8.68,1.77,15.87,6.27,2.61,7.19,9.62,6.17,8.62,0.37,1.76,Gasoline-like
16.65,9.02,9.05,9.8,0.61,2.91,4.78,6.75,3.04,16.87,14.85,7.82,17.83,19.47,1.56,8.96,Fruity
7.26,10.46,17.38,17.14,9.48,8.12,5.45,12.56,2.27,16.41,2.53,8.36,23.83,6.25,7.17,7.03,Gasoline-like
11.79,0.1,8.55,3.34,1.43,9.76,8.03,8.52,11.09,14.7,12.35,7.41,6.87,9.83,3.08,7.32,Sweet
6.91,7.24,7.27,11.18,12.1,9.4,4.94,9.62,4.2,11.0,11.43,11.47,8.3,12.5,5.04,9.84,Gasoline-like
18.46,5.41,13.89,11.71,9.21,7.34,8.0,11.2,6.59,13.62,13.64,13.43,5.52,4.82,6.19,14.13,Sweet
1.53,3.91,19.62,14.89,16.58,10.34,2.12,6.84,4.31,1.83,9.4,6.73,2.91,4.99,4.27,9.43,Gasoline-like
6.69,6.52,15.83,18.95,11.31,10.55,5.59,11.3,6.15,1.16,9.74,5.0,10.15,9.05,13.57,2.1,Gasoline-like
7.34,11.65,14.22,2.17,0.64,7.17,7.78,16.46,4.99,21.42,10.25,3.92,6.74,21.74,7.89,16.46,Chemical
7.65,9.92,5.71,10.35,11.13,6.67,8.51,14.0,6.93,7.25,9.9,0.69,2.31,14.71,9.39,13.4,Chemical
8.22,6.88,10.02,12.27,6.98,4.05,11.06,10.99,7.93,15.37,10.27,7.15,20.64,23.29,6.66,4.68,Fruity
13.66,7.58,16.91,3.62,4.18,1.76,8.28,13.95,6.45,8.48,4.53,6.6,8.81,7.21,10.6,11.34,Chemical
2.53,7.98,16.28,15.83,13.84,11.6,3.86,6.08,6.24,7.0,10.31,7.75,1.37,6.34,4.07,10.91,Gasoline-like
23.5,15.59,20.89,3.22,7.12,9.19,7.12,3.26,1.1,2.75,12.22,6.35,4.3,12.31,5.87,14.73,Alcoholic
4.43,5.15,9.12,12.86,3.58,7.59,0.1,3.88,2.35,17.49,8.54,0.59,14.19,20.39,6.51,6.95,Fruity
8.24,12.21,8.14,4.58,8.4,5.17,6.04,12.14,4.49,12.19,7.06,8.07,14.25,16.48,5.24,5.64,Fruity
22.94,10.97,28.83,6.24,9.5,4.48,7.33,12.9,0.1,10.47,7.58,4.0,9.41,22.17,0.1,3.88,Alcoholic
8.33,3.67,15.6,16.73,13.37,6.61,3.56,8.18,8.45,21.97,0.88,7.89,11.78,16.07,3.16,10.72,Gasoline-like
21.64,3.62,9.44,18.16,11.71,7.18,5.51,16.78,6.03,16.51,4.99,7.62,5.83,18.41,9.8,9.81,Chemical
17.4,6.42,0.1,16.57,10.38,10.92,6.07,8.95,6.56,2.51,14.99,10.18,9.61,17.82,8.02,0.1,Gasoline-like
21.41,8.31,27.25,5.77,5.62,9.18,0.1,7.9,2.56,5.35,7.88,8.93,14.45,13.49,6.85,0.75,Alcoholic
10.54,10.65,12.86,14.95,7.34,7.77,5.76,11.53,3.74,17.8,7.8,4.51,17.34,20.57,6.41,6.6,Fruity
20.82,1.84,14.67,3.43,9.4,5.78,2.08,6.05,8.45,10.91,16.58,8.01,13.49,8.5,0.1,6.98,Sweet
2.53,10.94,21.79,15.5,7.19,7.17,6.08,7.86,7.06,6.66,13.02,12.17,0.1,9.56,7.17,6.87,Sweet
9.47,8.18,18.27,15.46,13.5,8.17,4.08,7.98,2.67,7.33,10.52,1.53,12.22,20.1,2.1,12.78,Gasoline-like
16.01,10.14,13.79,17.9,12.49,8.19,5.68,4.26,8.84,7.83,8.16,3.57,5.15,10.05,3.04,3.74,Gasoline-like
13.69,6.72,9.8,6.76,2.15,5.85,3.25,5.73,5.32,15.99,7.0,8.42,13.65,17.28,11.79,5.29,Fruity
26.49,9.25,6.57,13.31,10.67,9.14,7.92,10.49,2.76,13.35,13.46,8.22,8.19,4.42,3.06,3.66,Gasoline-like
9.25,13.13,12.61,4.15,2.58,6.23,6.1,14.71,9.04,6.21,0.74,6.12,9.39,10.49,9.77,12.78,Chemical
12.16,9.03,8.79,12.18,8.6,10.48,4.11,14.87,8.45,4.62,10.12,11.54,14.84,12.68,2.62,10.91,Sweet
2.58,0.85,28.34,16.24,5.66,10.8,5.46,4.49,8.75,10.76,14.33,7.79,2.11,13.38,3.62,12.74,Sweet
23.37,10.96,24.65,13.71,6.96,6.2,5.07,6.21,4.36,7.12,2.41,6.53,11.77,18.41,8.35,9.49,Alcoholic
14.5,8.47,10.94,8.61,5.98,8.45,4.22,2.93,4.66,15.69,11.27,4.66,11.86,17.92,4.66,5.53,Fruity
14.6,2.89,5.78,7.46,6.78,5.86,7.07,3.62,6.45,4.51,18.06,11.26,13.2,11.81,11.38,12.16,Sweet
0.95,4.93,8.52,9.94,11.93,3.66,6.09,7.29,8.76,5.9,12.67,9.18,0.1,27.31,6.48,11.98,Sweet
14.4,9.56,10.17,4.61,11.16,5.9,1.61,14.31,2.98,5.18,7.25,3.47,10.73,9.62,10.72,15.16,Chemical
28.14,11.88,15.67,8.19,5.9,11.38,9.24,12.84,2.65,11.82,1.6,10.46,11.54,7.66,9.78,7.43,Alcoholic
24.17,0.25,23.17,9.2,4.31,0.1,4.54,2.25,2.1,15.41,11.71,5.3,17.97,16.02,4.35,15.56,Fruity
20.9,11.91,18.22,7.0,7.53,3.48,2.86,10.42,2.63,10.25,3.44,1.63,4.12,20.05,3.66,8.52,Alcoholic
18.92,1.66,16.11,16.48,6.69,1.85,0.5,10.02,6.81,14.27,11.66,12.0,16.15,13.27,1.6,7.25,Sweet
17.52,0.1,9.71,19.31,13.74,7.74,6.14,6.56,6.64,7.56,9.45,1.29,4.83,6.89,7.1,17.76,Gasoline-like
23.85,12.54,20.43,13.52,11.4,5.33,7.33,16.15,5.69,6.19,0.1,8.26,14.43,9.1,6.78,5.52,Alcoholic
2.13,5.42,6.72,5.76,9.32,3.02,6.56,15.43,4.86,17.56,10.75,12.4,10.51,13.84,10.64,7.47,Chemical
19.78,14.46,7.87,12.1,9.72,7.64,3.09,11.34,5.97,11.99,3.49,4.42,7.37,3.86,9.25,10.48,Chemical
27.83,12.49,18.33,8.52,7.25,6.82,4.87,6.52,7.4,11.6,1.88,8.16,8.05,4.68,9.93,6.31,Alcoholic
23.95,6.96,0.1,14.96,12.84,9.81,5.42,7.57,4.66,0.1,10.54,3.48,12.29,8.56,4.09,9.29,Gasoline-like
18.45,14.73,21.48,12.17,10.07,4.15,2.87,6.65,5.05,0.1,13.72,8.03,2.02,0.1,0.46,8.61,Alcoholic
3.59,7.5,9.28,13.66,15.77,7.2,3.72,18.65,3.11,10.25,9.82,3.79,3.12,9.9,7.12,8.25,Gasoline-like
15.86,0.24,9.38,15.41,11.53,8.97,4.24,6.69,7.07,5.76,5.27,6.6,17.65,12.13,2.14,2.57,Gasoline-like
22.43,1.45,15.59,12.36,10.78,8.44,6.84,9.02,3.04,10.97,11.44,5.5,14.79,16.54,9.6,5.06,Gasoline-like
5.72,4.12,12.03,11.34,7.46,4.43,4.72,6.84,6.17,8.56,9.91,12.21,19.66,15.12,8.39,11.2,Sweet
21.05,15.61,18.34,19.96,8.78,4.93,6.79,2.74,4.69,16.59,3.36,7.8,5.11,2.15,11.83,9.01,Alcoholic
18.7,11.51,12.77,11.53,9.09,2.12,2.58,9.96,7.5,10.52,9.17,12.62,6.5,0.1,4.8,5.04,Sweet
11.52,5.96,5.7,0.1,8.52,8.87,5.41,11.12,5.48,7.34,0.1,4.46,13.74,14.64,13.12,15.09,Chemical
10.11,14.96,24.09,15.43,9.15,5.62,4.2,16.09,6.07,3.77,2.9,5.57,12.19,19.35,15.58,14.57,Chemical
8.31,6.07,17.85,5.81,7.69,0.1,4.11,8.74,1.31,16.64,12.43,5.92,14.31,20.28,0.73,6.66,Fruity
15.97,11.21,4.59,10.38,4.46,10.33,3.59,18.13,5.55,6.41,5.63,6.23,17.11,12.24,9.2,15.75,Chemical
16.64,4.26,17.05,4.61,10.22,4.05,3.05,11.28,3.69,14.7,1.89,8.28,8.44,4.3,8.7,11.72,Chemical
14.34,4.81,4.39,5.35,4.67,6.06,5.85,19.19,4.29,5.34,6.88,8.74,8.23,7.53,9.63,16.3,Chemical
10.58,3.55,13.4,6.9,5.57,6.97,7.96,12.35,1.08,14.93,12.57,7.72,23.86,21.05,7.24,7.93,Fruity
19.8,6.86,7.62,15.03,2.53,3.1,2.84,7.36,6.73,5.38,11.12,10.87,12.77,5.69,2.89,5.28,Sweet
27.47,11.69,27.43,17.01,6.07,1.22,3.45,10.97,2.35,10.59,9.53,5.05,8.3,12.2,4.73,6.57,Alcoholic
14.47,3.97,9.98,12.52,9.38,7.81,5.78,0.44,6.24,10.09,1.69,1.85,4.43,13.18,7.13,5.12,Gasoline-like
24.34,11.89,19.85,9.9,5.1,4.24,0.49,10.91,2.57,7.47,9.43,5.64,1.97,4.33,5.14,7.25,Alcoholic
6.5,4.93,16.88,13.37,10.3,0.31,8.35,13.25,4.05,7.89,7.32,8.37,9.81,9.13,9.76,13.22,Chemical
25.64,7.91,4.94,19.64,11.27,9.09,6.22,12.51,0.1,11.4,9.45,0.71,15.83,4.37,6.14,11.01,Gasoline-like
13.71,6.58,19.19,12.48,8.11,10.2,1.68,4.44,6.37,6.29,10.65,5.16,10.46,8.83,7.3,3.29,Gasoline-like
19.24,14.63,23.8,9.94,15.0,11.15,7.07,12.18,7.52,4.31,6.53,9.28,7.48,16.26,4.74,2.72,Alcoholic
15.96,4.36,9.34,15.56,10.63,2.72,6.82,3.94,3.76,17.01,14.24,5.05,13.33,16.69,0.73,13.89,Fruity
0.1,8.17,5.71,9.98,7.98,0.16,5.91,15.11,6.29,15.63,12.1,5.31,17.69,16.03,4.95,9.57,Fruity
10.81,11.39,17.39,5.65,8.74,10.25,0.1,7.19,8.33,18.74,10.23,6.0,14.49,17.72,10.88,3.54,Fruity
16.06,6.94,14.13,5.75,13.25,10.79,3.91,14.0,3.74,12.17,7.07,7.69,15.74,18.98,6.47,5.53,Fruity
12.92,8.68,9.69,17.71,9.98,7.88,4.72,7.16,0.1,12.94,2.06,9.99,12.13,5.25,6.11,5.94,Gasoline-like
20.23,7.84,9.87,15.93,11.48,9.42,5.9,11.41,6.17,15.47,10.54,2.6,17.19,11.89,5.63,9.4,Gasoline-like
13.22,4.97,2.18,15.63,11.29,7.49,0.99,9.43,4.57,14.25,5.4,9.51,10.59,15.6,9.9,9.41,Gasoline-like
3.13,5.3,8.71,0.95,2.06,3.46,2.57,14.55,3.77,6.61,9.74,5.44,5.18,15.28,8.49,17.22,Chemical
17.7,3.39,11.57,11.93,6.13,6.21,7.26,12.19,7.02,9.18,11.08,10.8,0.1,14.54,8.96,9.86,Sweet
14.87,13.34,3.53,20.63,11.69,8.55,5.89,5.19,3.33,9.5,2.26,2.81,12.5,7.52,1.68,10.67,Gasoline-like
10.29,8.63,19.55,6.73,4.3,4.01,8.01,8.61,11.05,6.07,14.62,10.37,3.67,3.45,5.27,13.74,Sweet
17.35,12.23,5.47,14.56,7.35,7.52,2.54,13.19,7.27,7.44,7.0,10.08,8.81,0.1,8.79,4.42,Sweet
8.89,5.78,1.94,14.25,12.76,9.5,3.49,6.29,0.1,11.15,6.31,3.62,4.14,11.99,5.8,4.83,Gasoline-like
19.98,8.65,4.87,5.04,6.68,7.2,6.08,11.36,6.91,18.4,6.55,3.25,16.5,23.3,6.58,7.64,Fruity
14.6,7.27,14.11,17.97,11.11,7.86,5.8,13.12,7.15,17.17,8.58,4.06,16.33,13.58,0.87,11.31,Gasoline-like
1.28,11.8,16.78,16.51,12.92,7.58,3.67,10.25,4.61,16.94,0.1,3.74,2.64,14.81,6.15,8.41,Gasoline-like
6.52,5.2,12.16,13.19,7.63,8.11,6.06,12.79,6.71,1.69,9.05,4.93,3.27,6.01,9.93,13.52,Chemical
13.81,9.01,1.59,1.0,8.63,4.13,1.21,5.14,7.12,6.8,13.12,6.92,17.46,8.84,5.0,9.02,Sweet
9.08,10.74,15.52,3.4,10.94,7.14,7.37,13.92,2.86,13.74,5.45,4.92,16.85,20.87,7.46,12.05,Fruity
12.04,5.2,3.86,14.84,4.99,5.19,4.72,0.1,8.26,12.68,14.78,10.26,16.18,0.1,6.56,3.17,Sweet
5.79,12.67,11.03,17.85,13.14,8.2,9.64,17.73,3.11,11.37,11.56,0.1,11.5,0.1,6.11,6.13,Gasoline-like
5.34,0.78,5.98,10.72,9.3,0.1,2.83,6.88,10.45,15.94,12.31,11.3,1.11,0.1,3.25,12.68,Sweet
19.77,4.41,11.7,14.67,7.73,7.89,4.88,9.22,7.77,10.41,15.2,7.98,8.95,18.07,5.98,17.88,Sweet
15.41,5.45,14.04,7.37,8.55,3.73,3.94,15.56,9.59,11.61,17.1,11.88,15.85,20.82,8.69,4.89,Sweet
9.47,10.65,10.57,1.12,3.16,6.05,0.95,1.81,9.68,13.45,7.37,3.62,15.84,21.82,9.27,7.94,Fruity
10.08,5.51,10.62,10.47,11.25,7.85,3.37,6.77,0.1,4.01,6.85,7.81,4.4,8.69,1.12,9.95,Gasoline-like
9.28,1.91,25.4,15.17,9.78,11.08,3.24,0.1,9.62,9.22,0.32,11.39,2.55,2.62,4.32,16.07,Gasoline-like
4.26,12.52,13.81,12.52,4.65,10.52,0.88,14.36,6.11,12.65,4.27,8.02,12.93,10.96,7.42,14.59,Chemical
31.3,4.25,13.12,4.14,0.1,5.71,4.95,8.34,5.01,16.5,4.93,1.0,18.5,13.13,0.1,8.49,Fruity
17.66,10.49,9.08,22.91,7.66,4.07,0.1,5.57,5.22,6.19,9.0,9.55,8.95,8.55,12.9,8.38,Sweet
15.71,8.47,15.06,13.29,13.52,10.55,4.81,10.58,7.44,6.56,10.25,9.4,5.64,12.44,7.59,3.3,Gasoline-like
20.52,9.64,17.41,5.68,5.67,9.66,5.75,15.08,3.06,8.0,4.44,12.3,13.56,6.47,9.86,16.53,Chemical
16.79,6.52,11.16,14.59,8.45,3.72,7.06,5.65,8.14,21.59,10.23,1.22,15.44,21.79,3.19,10.42,Fruity
8.56,6.69,12.93,14.95,5.36,7.57,3.01,5.62,1.87,10.73,5.16,4.34,21.5,21.85,1.57,12.53,Fruity
8.51,3.44,5.12,15.9,10.93,7.6,5.42,11.55,6.33,2.62,9.61,5.66,7.55,14.96,5.36,6.08,Gasoline-like
21.3,10.12,19.11,10.35,6.3,10.32,4.7,14.34,6.51,7.83,8.59,6.04,6.58,8.01,5.53,10.35,Alcoholic
12.24,4.34,0.53,13.98,8.28,10.43,5.6,3.07,6.17,3.61,16.48,13.16,8.94,12.13,0.66,3.99,Sweet
6.83,7.65,0.1,9.8,14.67,2.34,0.1,0.43,5.26,18.82,6.73,6.7,21.14,25.76,3.66,0.1,Fruity
1.57,9.1,11.85,4.86,6.92,3.95,2.57,12.3,7.15,3.79,11.15,11.62,1.83,17.12,10.01,9.06,Sweet
6.12,6.21,8.1,11.66,12.46,4.12,6.25,15.79,4.56,5.95,8.1,6.53,7.23,10.48,10.7,11.07,Chemical
15.51,9.7,8.87,11.66,7.25,6.75,4.28,15.64,8.0,9.68,11.94,11.6,10.28,0.1,3.64,5.13,Sweet
12.53,7.72,17.66,17.4,4.34,3.37,7.07,12.98,4.26,17.25,6.89,5.95,17.78,13.25,2.08,7.02,Fruity
5.63,8.24,12.64,10.47,3.59,6.26,5.28,2.92,10.31,8.44,14.91,12.26,8.25,13.23,7.99,3.87,Sweet
25.26,4.77,5.05,14.39,11.26,11.08,0.1,14.37,5.25,15.47,1.28,6.81,13.14,11.42,4.86,7.67,Gasoline-like
11.14,4.14,16.43,4.52,6.98,5.48,0.1,16.09,4.45,17.81,5.89,9.13,20.37,19.39,12.1,9.21,Fruity
15.79,6.23,9.64,13.87,11.66,3.66,2.81,7.31,5.03,14.27,0.1,8.67,19.3,13.83,2.69,14.73,Fruity
8.49,9.09,12.5,13.35,8.78,8.44,0.17,5.9,1.47,17.42,2.99,5.71,15.23,17.24,2.83,7.37,Fruity
24.0,12.53,22.82,7.88,10.12,8.29,0.1,6.54,2.89,6.67,6.19,7.36,16.33,9.43,6.95,12.13,Alcoholic
21.14,16.52,21.85,10.07,4.92,5.18,5.85,9.86,2.83,8.28,14.12,7.83,3.75,0.1,7.52,11.94,Alcoholic
26.57,0.1,9.3,18.75,12.72,9.35,4.2,10.83,5.6,2.73,9.19,5.8,15.21,10.26,11.98,9.05,Gasoline-like
2.98,12.53,10.96,5.4,3.71,5.55,4.16,10.93,1.64,17.64,3.28,4.24,19.08,17.55,5.19,11.19,Fruity
10.69,4.91,14.74,10.94,8.26,6.42,2.07,3.48,8.12,6.76,12.49,9.56,0.58,15.04,8.6,13.05,Sweet
25.5,9.24,15.83,4.86,12.44,6.3,6.19,7.49,5.7,7.95,10.79,4.88,20.41,8.94,1.95,11.04,Alcoholic
23.87,12.0,20.47,11.01,6.54,4.12,3.48,11.3,4.27,10.22,4.82,3.5,10.1,7.19,2.49,6.05,Alcoholic
13.98,10.95,2.24,14.11,9.12,9.87,5.83,0.1,3.88,8.06,8.85,8.24,6.14,8.4,4.03,9.45,Gasoline-like
17.21,14.85,7.23,3.86,5.08,2.49,11.48,16.51,6.88,13.8,6.12,6.92,7.82,23.37,8.08,11.88,Chemical
2.86,3.93,0.1,3.8,10.51,4.42,4.75,14.62,3.41,8.31,1.41,11.16,10.93,5.8,10.89,11.9,Chemical
15.2,8.73,0.1,3.84,10.86,6.18,5.91,7.38,6.61,18.07,11.25,9.56,15.11,8.35,3.24,3.04,Sweet
16.87,4.71,9.55,5.7,5.03,1.28,5.75,13.78,5.1,11.12,5.02,10.17,6.7,10.73,11.53,11.65,Chemical
21.11,13.34,19.74,8.74,12.31,0.1,5.33,3.82,7.83,7.84,4.34,6.73,13.04,3.2,3.35,8.37,Alcoholic
18.74,13.17,11.22,9.1,8.1,10.84,5.91,1.19,7.36,8.8,14.28,8.67,5.01,14.27,5.97,9.38,Sweet
25.94,12.84,17.86,11.07,9.21,3.58,3.25,3.62,3.63,5.04,8.22,4.03,18.46,1.42,12.99,15.3,Alcoholic
17.07,6.8,4.12,11.1,4.74,10.81,4.86,5.47,6.68,12.77,12.99,10.11,4.19,11.34,5.63,4.65,Sweet
10.45,8.16,6.04,11.65,7.6,5.12,2.97,17.4,0.1,4.9,7.54,3.8,7.93,0.1,8.6,15.16,Chemical
3.69,1.82,27.49,19.13,13.93,0.96,7.46,3.55,10.1,12.37,10.53,14.07,18.73,7.57,7.6,0.1,Sweet
11.33,3.01,15.17,9.67,0.66,3.3,0.1,17.2,7.67,0.1,0.61,5.19,7.23,6.29,7.08,14.33,Chemical
21.36,11.11,27.21,6.11,4.87,10.29,2.78,7.33,6.96,7.53,4.95,3.45,12.23,8.81,6.92,12.15,Alcoholic
18.57,4.89,14.63,7.03,9.27,7.13,1.66,15.12,7.8,13.6,9.95,10.18,16.29,21.75,5.46,8.73,Sweet
17.28,16.32,22.77,10.08,0.1,5.85,2.77,1.13,1.37,1.44,4.12,4.87,9.62,14.9,8.83,5.35,Alcoholic
11.1,7.48,16.52,17.68,10.77,9.18,5.26,5.6,4.47,8.08,1.63,4.96,10.21,13.44,3.38,13.4,Gasoline-like
14.95,9.75,14.01,12.15,10.72,10.17,5.91,8.18,3.01,3.54,8.89,4.9,11.99,5.98,4.45,8.53,Gasoline-like
6.03,3.87,1.65,8.0,6.1,6.83,7.3,5.25,2.78,16.95,12.22,6.91,20.25,19.0,5.47,3.15,Fruity
6.73,13.94,9.68,5.98,6.12,4.75,5.86,8.67,5.39,17.92,7.88,4.27,23.95,22.93,1.84,9.41,Fruity
27.88,11.67,21.32,8.97,7.3,6.51,1.34,2.54,0.1,3.26,11.15,8.57,10.44,16.06,3.98,11.86,Alcoholic
8.69,6.46,8.78,15.99,9.7,6.85,4.66,11.08,0.82,15.12,6.15,1.97,20.17,17.37,9.93,12.24,Fruity
15.18,0.11,17.14,13.5,3.49,6.64,5.74,4.46,9.26,2.61,13.32,13.91,3.69,11.6,9.78,10.51,Sweet
22.03,12.42,21.08,13.74,4.4,7.51,5.22,17.18,5.42,16.61,9.65,4.07,7.29,5.56,4.06,2.63,Alcoholic
9.34,10.29,15.95,15.01,11.73,11.11,3.4,9.91,6.58,11.27,3.27,7.83,10.61,2.93,7.83,6.48,Gasoline-like
17.65,4.6,11.28,10.64,5.62,2.25,5.5,19.39,5.95,15.74,6.72,8.08,15.0,16.33,12.2,10.97,Chemical
18.92,14.61,9.49,14.08,10.95,11.02,4.64,9.37,8.01,6.71,10.16,7.46,13.34,14.49,6.31,6.53,Gasoline-like
12.03,7.46,9.43,2.19,9.4,0.1,4.68,15.62,8.72,5.77,7.21,4.94,8.94,4.73,8.13,11.86,Chemical
3.04,3.34,4.87,15.97,8.08,6.73,0.17,9.15,5.88,16.26,0.1,4.71,16.89,21.53,0.82,5.23,Fruity
20.75,10.94,18.44,10.74,7.23,1.92,1.03,9.5,4.34,1.96,11.27,12.49,15.76,9.36,6.58,11.4,Alcoholic
25.36,11.62,20.8,7.21,10.68,7.52,4.4,2.24,2.48,14.67,8.87,7.94,7.64,0.76,9.31,9.2,Alcoholic
10.97,10.69,5.73,15.76,8.97,5.11,6.95,15.41,3.76,16.45,3.89,2.21,19.5,16.83,4.51,7.32,Fruity
22.08,9.59,17.3,14.01,8.26,2.04,3.83,3.97,3.6,15.42,8.09,4.64,12.04,8.41,5.63,2.92,Alcoholic
23.93,12.79,25.04,11.49,15.11,8.49,3.02,9.23,4.21,6.95,10.79,9.64,1.13,19.88,5.38,3.66,Alcoholic
27.59,4.65,19.64,13.53,5.42,4.24,1.91,14.23,7.52,1.71,0.1,5.76,14.03,18.8,7.69,13.26,Chemical
25.5,12.66,22.92,17.61,7.73,5.36,3.4,2.2,8.3,17.27,5.72,13.68,14.26,10.88,9.16,10.49,Alcoholic
8.59,6.85,5.62,17.74,4.59,6.49,4.95,14.37,4.22,0.79,5.75,1.07,5.59,8.37,12.36,12.22,Chemical
8.8,6.95,3.12,9.35,2.61,4.24,6.84,13.79,7.57,8.88,17.25,9.38,3.94,17.53,4.75,7.14,Sweet
13.58,2.53,11.73,14.77,4.13,7.14,1.87,12.08,5.33,17.54,9.21,6.41,9.58,0.1,10.48,11.14,Chemical
9.48,5.18,20.61,17.7,13.08,7.74,8.09,9.14,0.45,3.48,3.42,9.02,4.15,15.17,1.05,9.21,Gasoline-like
21.79,9.77,20.61,11.46,9.53,6.32,1.61,14.38,5.12,12.85,11.86,5.41,17.24,13.45,6.72,8.12,Alcoholic
15.85,12.19,17.59,10.97,4.19,6.89,6.6,4.03,1.85,7.52,6.5,7.92,11.26,13.66,7.54,7.02,Alcoholic
15.82,5.58,17.37,5.79,4.09,5.13,2.69,11.02,3.65,9.18,2.84,10.93,18.21,8.31,10.42,12.65,Chemical
7.76,7.12,16.77,8.99,3.87,3.14,1.95,12.99,1.44,18.08,6.14,7.18,15.15,15.14,4.98,7.86,Fruity
7.54,3.16,6.67,6.07,6.03,9.1,12.62,13.05,1.48,1.85,9.99,8.31,11.84,6.11,12.43,15.36,Chemical
19.92,6.69,15.36,11.87,12.08,10.95,1.97,1.15,6.51,0.46,5.09,3.09,17.9,10.04,8.85,9.25,Gasoline-like
19.67,11.78,23.79,19.69,0.1,8.79,4.97,13.77,7.69,17.11,6.0,6.65,11.14,6.57,7.86,5.54,Alcoholic
20.06,6.87,17.8,14.38,10.53,3.18,2.98,14.42,4.31,15.6,2.78,3.28,10.24,11.72,12.66,13.33,Chemical
18.98,7.36,12.34,0.91,9.22,3.25,4.55,16.38,3.68,14.55,4.51,0.4,18.42,8.29,10.96,14.57,Chemical
4.38,6.99,7.49,17.41,10.09,9.91,3.46,16.15,3.92,8.84,3.95,8.22,9.48,6.59,5.56,2.9,Gasoline-like
15.7,10.77,9.1,6.6,7.12,6.18,0.4,9.5,3.32,19.03,4.76,0.1,17.89,20.7,2.18,5.51,Fruity
12.62,1.96,7.87,5.15,5.61,5.45,4.56,15.34,7.92,8.27,14.49,7.82,14.09,14.48,9.59,12.32,Chemical
2.99,5.03,14.29,18.67,12.94,9.5,6.11,6.89,4.14,7.28,10.33,4.09,8.91,10.89,2.07,2.72,Gasoline-like
20.55,13.51,24.2,9.98,6.6,2.89,6.71,15.17,8.76,8.39,8.29,4.62,0.1,14.08,10.64,13.65,Alcoholic
10.07,12.17,11.29,15.18,5.17,5.07,4.68,10.95,6.54,5.64,4.07,0.1,9.47,0.1,9.19,15.53,Chemical
15.38,4.04,0.16,7.28,6.31,5.37,5.51,14.53,6.08,13.76,4.49,3.21,16.76,23.48,8.56,14.13,Fruity
26.16,11.81,19.09,7.07,4.24,2.47,3.32,9.2,4.45,10.63,6.24,8.22,12.54,7.37,5.85,8.55,Alcoholic
3.18,2.2,10.8,13.06,8.24,2.1,5.97,10.79,8.15,11.17,13.04,9.56,13.43,18.62,10.35,7.37,Sweet
10.85,2.23,11.56,11.63,7.04,6.91,4.9,6.44,5.11,17.95,8.8,11.06,15.79,16.68,7.84,3.37,Fruity
9.79,9.11,16.93,9.67,3.47,8.18,7.57,3.73,2.27,17.35,3.14,7.75,15.76,23.84,3.26,13.06,Fruity
7.68,10.13,22.62,16.09,7.22,9.79,5.87,8.59,2.09,14.96,7.15,7.81,17.54,19.73,5.49,13.36,Fruity
14.44,0.1,11.31,8.52,7.85,7.64,7.28,14.31,0.73,7.39,7.06,4.38,4.21,10.5,12.35,14.26,Chemical
23.14,3.21,12.53,19.2,9.12,8.35,7.12,8.39,6.9,6.42,14.16,11.95,8.37,9.99,2.24,1.55,Sweet
21.56,15.04,22.1,10.49,7.78,3.61,3.64,9.16,5.82,14.51,8.78,8.65,18.69,17.33,10.01,5.46,Alcoholic
18.21,4.5,9.95,7.49,13.01,11.02,5.23,13.05,4.03,21.05,6.35,7.19,16.76,18.81,11.19,7.77,Fruity
9.54,10.11,1.21,13.27,9.05,8.57,5.67,16.56,3.51,14.1,5.65,4.77,6.62,8.29,4.45,11.6,Gasoline-like
22.46,14.54,23.79,19.13,5.56,4.44,3.15,8.04,7.38,0.59,8.49,9.4,6.22,13.35,8.05,12.51,Alcoholic
15.79,5.9,23.67,13.71,12.67,8.07,5.47,16.87,6.2,8.09,8.08,7.6,5.79,17.04,8.85,7.79,Gasoline-like
21.84,4.11,15.55,0.1,5.94,11.44,0.1,12.31,4.9,14.08,5.28,11.62,7.67,17.25,10.89,16.54,Chemical
9.25,3.93,13.9,14.03,2.94,5.68,6.38,1.3,3.46,18.86,6.49,5.66,14.56,17.98,3.13,5.99,Fruity
13.84,11.15,3.62,8.83,5.73,0.29,1.5,3.4,4.47,18.9,3.48,8.34,13.63,21.85,5.05,5.24,Fruity
8.21,5.43,11.79,12.14,2.19,2.42,1.66,11.04,6.15,10.64,14.23,13.35,9.92,11.74,4.3,2.27,Sweet
4.69,6.72,15.81,4.65,2.87,5.16,3.28,16.23,3.73,4.15,8.72,1.01,10.83,13.82,9.29,11.0,Chemical
20.86,13.13,20.86,11.67,5.68,6.61,7.99,7.68,7.17,6.55,10.95,7.68,11.23,14.99,7.58,9.91,Alcoholic
0.1,9.37,11.87,7.83,7.84,1.55,5.44,1.49,6.3,12.11,7.8,4.26,18.74,18.6,2.93,12.14,Fruity
13.7,8.71,14.19,8.92,11.09,8.56,8.22,12.95,5.99,15.12,13.55,2.9,7.3,12.15,12.83,8.43,Chemical
9.74,4.67,12.4,12.13,4.18,9.25,4.14,10.63,7.1,1.63,10.62,12.28,5.31,0.1,7.21,7.89,Sweet
10.16,5.1,22.67,11.2,12.86,9.74,1.07,7.28,4.5,7.68,9.65,4.61,12.24,16.61,8.37,14.61,Gasoline-like
17.51,9.39,8.88,4.66,10.56,7.98,0.1,9.92,0.1,13.98,5.41,9.67,17.41,15.37,6.69,0.63,Fruity
23.93,8.68,15.45,9.39,8.51,7.8,6.25,11.93,7.68,0.1,14.17,11.17,7.9,24.72,5.28,6.14,Sweet
11.4,14.21,13.77,3.78,7.24,9.2,2.05,17.76,5.62,13.24,14.76,0.1,15.46,7.95,8.44,13.34,Chemical
15.74,8.1,2.0,0.32,12.88,4.63,6.08,9.32,3.03,16.97,2.45,5.09,15.96,15.26,7.63,8.1,Fruity
10.38,5.0,12.23,1.08,6.09,2.72,0.82,11.99,7.25,16.79,0.24,9.32,2.19,17.07,10.53,15.06,Chemical
15.77,2.56,13.92,14.44,8.59,5.21,5.04,14.49,3.57,10.35,10.32,8.58,7.95,15.16,11.4,15.05,Chemical
12.03,8.35,12.71,8.31,11.25,8.34,3.29,2.07,3.78,18.42,3.13,8.46,18.13,23.65,7.2,4.19,Fruity
15.96,10.63,9.8,10.62,10.69,9.4,10.24,5.13,4.94,2.27,8.42,6.24,0.1,11.08,4.02,10.46,Gasoline-like
1.05,11.48,8.46,12.8,8.76,1.21,4.35,15.34,8.67,3.38,12.61,12.53,14.97,7.74,2.24,16.97,Sweet
13.32,7.17,14.12,13.88,12.8,9.5,6.66,15.96,2.89,7.23,2.1,3.65,7.28,13.69,8.57,11.13,Gasoline-like
13.47,7.77,18.77,1.14,15.36,6.07,6.25,8.48,4.69,0.62,5.55,7.46,5.79,20.06,13.14,11.33,Chemical
13.55,7.9,6.52,16.6,8.85,5.78,2.19,6.62,5.43,4.85,12.04,12.12,10.54,5.53,4.49,14.65,Sweet
15.02,1.75,22.15,3.63,4.78,3.37,2.71,14.91,5.04,16.19,7.0,4.8,4.04,11.1,9.42,12.38,Chemical
21.4,11.57,17.5,4.73,11.42,6.2,6.97,9.96,5.35,10.26,1.65,0.27,13.14,14.13,9.24,8.48,Alcoholic
8.92,4.58,5.73,20.02,11.55,10.69,2.26,0.1,3.26,9.53,7.49,7.3,17.14,3.42,8.96,14.08,Gasoline-like
0.1,4.36,0.1,3.6,4.36,5.59,5.27,1.38,6.62,4.13,12.26,9.73,17.11,7.72,5.09,8.1,Sweet
11.49,4.57,11.6,14.08,10.21,8.47,5.02,13.93,4.45,9.12,4.45,4.56,15.05,6.46,8.23,10.32,Gasoline-like
24.22,10.47,19.66,14.06,6.33,8.52,8.44,14.48,9.41,10.14,9.06,8.25,7.04,16.0,0.1,9.79,Alcoholic
8.08,7.16,11.46,16.11,13.52,8.78,7.41,4.11,4.32,8.69,6.3,7.22,4.82,20.87,3.8,15.79,Gasoline-like
17.43,6.03,9.64,15.61,4.94,2.87,2.68,1.73,6.5,11.98,4.43,9.12,18.29,18.42,7.23,9.44,Fruity
13.08,9.69,10.97,13.22,10.57,6.43,2.5,14.3,0.72,11.37,10.57,11.89,17.34,8.01,10.45,13.27,Chemical
18.14,3.72,8.56,12.17,6.07,5.18,1.28,9.54,9.89,6.06,15.63,12.38,8.85,8.38,2.86,10.15,Sweet
0.74,4.2,16.92,14.46,11.88,9.45,5.49,12.67,7.21,15.84,7.4,6.23,15.21,7.83,4.79,9.57,Gasoline-like
5.59,8.65,5.62,14.85,7.22,2.75,8.35,7.53,4.93,16.59,9.85,11.87,17.17,17.17,7.96,3.36,Fruity
6.25,4.82,16.17,12.78,6.73,7.72,8.6,5.93,9.54,7.2,11.57,10.41,4.47,13.89,4.1,10.29,Sweet
27.22,11.32,24.71,11.31,13.06,1.39,1.16,6.33,5.53,13.25,10.83,0.56,12.52,0.1,6.46,13.1,Alcoholic
14.93,11.73,25.23,24.01,4.09,7.17,4.28,18.07,0.53,9.39,3.7,3.77,11.23,14.08,3.82,8.22,Alcoholic
9.6,10.48,4.72,13.09,13.49,8.99,5.69,9.04,4.26,13.41,8.05,2.93,12.74,11.36,9.02,2.58,Gasoline-like
17.76,11.29,23.93,10.68,6.02,3.25,3.19,5.44,3.1,2.19,9.52,3.47,8.01,16.96,6.51,7.71,Alcoholic
21.66,11.05,20.61,12.98,0.1,7.1,4.25,10.18,4.94,0.1,3.95,9.93,7.38,11.53,6.77,10.34,Alcoholic
14.53,0.1,14.07,9.61,4.62,5.47,3.28,8.31,8.86,2.42,15.04,10.89,9.97,1.2,6.96,9.14,Sweet
11.07,6.01,8.48,4.09,6.04,5.89,1.29,8.69,8.63,5.54,15.2,13.21,8.57,10.85,6.84,3.41,Sweet
13.72,3.64,22.08,19.58,9.81,11.31,1.79,17.29,8.55,19.75,9.45,6.49,5.94,15.12,1.59,0.33,Gasoline-like
14.09,2.44,12.91,21.94,9.47,1.25,2.76,6.87,3.56,13.8,9.29,1.07,14.31,21.9,1.59,11.0,Fruity
17.81,11.2,21.51,9.93,8.26,1.38,3.44,8.65,4.81,5.22,6.41,5.58,15.67,11.23,6.75,13.9,Alcoholic
16.66,3.05,7.99,1.44,8.43,6.33,8.19,12.84,2.77,10.59,3.58,9.76,12.95,2.64,9.29,16.66,Chemical
12.93,7.5,18.12,11.25,9.1,0.1,5.22,22.18,6.2,8.67,13.16,7.39,8.71,11.74,9.57,8.34,Chemical
12.89,4.47,13.48,8.68,2.37,6.49,5.64,11.93,9.75,8.81,14.72,11.23,16.05,14.93,2.28,16.22,Sweet
8.57,9.36,14.64,2.57,9.34,4.53,5.36,12.83,5.85,9.76,13.96,10.42,10.8,9.59,5.71,10.34,Sweet
24.43,9.53,12.07,15.81,13.34,8.72,5.18,15.52,5.68,6.72,15.31,4.46,5.01,9.12,7.53,1.5,Gasoline-like
21.32,11.11,20.47,4.57,7.48,6.17,3.55,12.44,4.47,6.98,7.27,8.02,11.76,10.67,9.13,13.78,Alcoholic
21.09,0.95,8.62,14.34,13.56,11.49,6.7,1.17,2.07,13.38,8.56,0.47,17.31,10.15,6.53,6.57,Gasoline-like
9.0,0.64,14.96,14.99,4.33,9.25,2.08,18.35,2.51,16.18,2.06,4.52,17.74,19.43,5.21,2.39,Fruity
7.04,10.16,11.14,14.54,12.14,3.38,4.61,5.13,9.57,18.89,9.04,7.89,21.3,21.68,10.91,1.11,Fruity
4.77,4.58,14.34,16.97,12.5,10.3,0.18,11.69,5.63,8.71,2.21,7.54,9.18,13.94,6.49,6.88,Gasoline-like
13.17,4.43,8.88,18.03,9.77,11.16,3.08,7.31,6.38,6.91,11.04,0.1,9.67,10.42,4.42,5.5,Gasoline-like
6.37,5.22,0.19,18.33,11.4,7.08,5.73,4.05,3.45,4.68,4.79,6.04,7.4,18.46,5.62,3.96,Gasoline-like
18.98,5.43,14.41,0.1,9.63,2.69,3.69,5.16,5.78,8.1,8.41,7.0,15.75,25.55,4.33,11.85,Fruity
4.87,1.64,4.11,16.76,12.63,7.71,1.91,10.24,3.42,11.11,12.3,2.74,7.01,3.19,10.76,6.78,Gasoline-like
8.87,9.34,14.15,7.14,5.72,8.51,5.1,1.96,7.26,9.87,12.61,10.83,11.41,13.91,4.54,6.31,Sweet
15.06,2.62,14.42,8.95,7.13,7.04,6.34,14.64,1.13,9.27,9.18,8.12,8.43,13.5,11.58,13.43,Chemical
18.4,8.99,13.73,17.06,0.1,4.25,7.81,3.47,8.68,8.13,8.06,13.02,7.32,16.75,8.26,6.9,Sweet
7.94,12.05,11.0,18.07,4.1,3.51,3.25,13.31,6.03,7.95,5.69,9.91,0.1,10.89,7.77,11.56,Chemical
3.67,4.89,10.45,13.55,10.31,10.11,0.23,17.28,1.87,13.18,6.2,2.87,6.65,6.55,7.12,5.73,Gasoline-like
8.57,4.01,5.02,15.77,9.99,6.05,4.86,13.46,0.1,3.0,4.4,5.11,10.92,6.97,9.09,14.38,Chemical
8.56,7.86,15.75,0.63,0.1,4.8,1.72,2.26,7.73,8.21,15.81,9.43,13.37,3.05,5.39,9.73,Sweet
22.0,1.85,0.1,13.89,6.66,1.44,4.79,9.87,3.45,0.47,6.32,9.3,4.71,8.98,13.16,15.04,Chemical
19.58,7.2,7.96,12.0,3.77,4.59,6.23,15.93,3.05,10.0,9.14,4.88,8.26,16.75,10.23,12.59,Chemical
17.17,8.22,2.78,8.68,8.69,5.49,4.34,8.95,6.28,9.4,12.27,11.55,4.64,18.96,7.36,7.68,Sweet
7.81,2.58,5.56,8.44,4.97,4.74,7.39,2.16,6.65,4.55,10.6,10.56,12.0,11.63,5.01,0.1,Sweet
16.62,3.12,16.95,6.9,6.86,2.76,3.73,10.49,6.84,18.11,6.74,3.39,12.15,24.17,4.15,4.64,Fruity
21.82,4.47,16.69,2.94,9.65,1.69,2.64,5.21,7.3,18.27,4.25,7.47,15.0,15.46,6.14,7.93,Fruity
11.46,15.39,11.94,5.05,7.91,6.83,6.56,14.99,6.92,7.65,13.88,12.92,12.46,12.77,7.59,11.71,Sweet
26.91,11.6,16.55,6.05,6.11,5.3,4.79,0.1,11.13,7.36,8.76,0.19,0.65,12.66,5.22,8.36,Alcoholic
9.36,6.11,14.55,12.94,9.74,8.3,4.01,12.52,4.55,14.74,2.7,9.84,2.05,16.38,2.98,9.05,Gasoline-like
16.47,16.01,21.7,3.54,6.49,4.3,4.87,5.13,2.23,15.97,3.88,12.27,3.47,12.61,7.97,8.23,Alcoholic
12.13,2.62,7.2,7.21,6.79,9.22,6.61,8.9,4.37,16.06,10.82,0.1,17.4,16.19,7.45,5.29,Fruity
20.64,2.45,12.46,14.92,13.99,11.62,7.56,8.44,4.09,2.94,6.15,2.17,8.39,8.16,7.9,5.77,Gasoline-like
3.07,8.16,14.99,13.21,4.18,3.94,4.89,2.62,6.22,12.08,11.33,3.71,18.69,21.83,2.45,7.93,Fruity
20.79,10.13,19.6,16.57,5.46,7.63,5.26,2.1,3.48,15.02,2.31,7.14,16.6,18.3,6.95,12.09,Alcoholic
14.12,6.03,8.73,8.5,5.24,5.23,5.56,1.52,8.56,3.92,15.21,12.71,11.53,5.38,2.98,13.65,Sweet
11.83,8.8,20.77,7.08,7.59,4.77,8.85,8.88,4.45,6.68,7.84,3.74,7.06,15.66,8.71,13.89,Chemical
13.39,5.46,11.85,12.45,12.01,8.2,7.46,8.48,5.25,5.87,3.85,6.15,19.57,15.3,7.19,6.51,Gasoline-like
23.9,10.07,19.86,10.61,8.75,6.19,6.17,9.57,3.93,8.58,4.3,3.01,20.11,16.15,8.21,13.85,Alcoholic
23.85,14.8,18.09,2.02,6.32,6.42,2.03,1.71,3.7,10.03,7.45,3.72,9.9,14.74,3.51,11.17,Alcoholic
19.49,1.76,9.46,4.06,10.01,0.1,6.42,9.44,10.23,6.9,14.54,11.92,6.85,19.01,7.74,9.07,Sweet
24.95,14.37,18.98,8.86,6.78,6.11,2.87,4.08,3.29,4.87,4.97,5.76,11.28,9.76,2.87,13.95,Alcoholic
11.49,1.63,1.17,10.49,2.14,3.16,3.8,5.28,6.25,8.52,12.11,11.02,0.1,13.42,1.33,0.87,Sweet
12.55,8.33,14.07,4.1,7.28,7.16,6.64,4.3,0.73,18.75,3.82,4.79,19.1,18.39,9.57,11.28,Fruity
13.0,3.08,18.13,10.4,7.81,4.79,7.12,11.17,6.07,16.73,9.63,13.46,13.45,16.51,5.39,7.72,Sweet
19.6,13.74,21.75,3.41,12.01,6.33,5.55,15.93,6.95,10.47,16.19,6.62,14.18,11.11,6.85,7.56,Alcoholic
10.89,5.54,7.44,11.35,6.48,5.01,1.89,1.92,10.51,14.47,7.81,2.61,16.25,19.29,5.59,0.1,Fruity
5.79,11.6,9.79,18.06,14.25,9.17,5.09,8.77,7.19,4.9,2.21,9.91,14.61,9.23,6.81,4.02,Gasoline-like
20.27,15.44,20.59,19.77,2.4,2.66,0.13,5.13,3.51,11.85,9.37,2.71,1.24,20.92,5.95,5.01,Alcoholic
27.38,11.87,21.21,9.6,7.03,7.04,6.77,7.38,3.64,4.2,0.7,2.66,12.73,13.39,6.66,0.1,Alcoholic
21.71,12.96,24.45,14.81,8.63,5.74,10.03,9.54,4.32,4.05,2.62,9.71,0.69,13.12,6.17,13.93,Alcoholic
21.37,7.48,13.48,20.84,12.09,8.99,7.03,9.7,3.77,14.91,13.59,0.58,1.65,4.19,6.26,11.91,Gasoline-like
19.74,12.76,24.21,7.33,5.38,3.99,8.08,10.54,2.51,10.0,13.25,3.99,14.13,10.21,11.5,6.05,Alcoholic
13.14,8.77,11.79,16.56,11.6,6.79,6.41,11.19,1.19,0.13,3.91,10.91,19.69,3.57,8.69,13.26,Gasoline-like
8.48,4.88,5.71,11.93,4.75,6.22,6.43,6.8,6.21,14.79,2.41,8.98,21.44,22.17,6.8,7.17,Fruity
18.76,7.05,20.08,6.5,1.12,10.86,4.08,4.72,0.1,18.69,4.29,6.57,16.61,23.14,3.84,17.54,Fruity
29.97,12.58,21.43,10.9,3.83,4.71,5.28,8.61,0.1,8.72,15.68,3.6,0.62,16.71,11.41,7.74,Alcoholic
9.66,2.58,19.39,4.85,4.61,7.07,2.69,18.41,2.8,10.83,8.05,2.05,14.94,11.09,10.96,12.0,Chemical
26.21,12.59,27.0,4.58,6.61,3.32,8.61,9.12,7.04,5.99,7.06,4.45,17.13,0.1,5.83,4.49,Alcoholic
3.53,8.03,17.76,9.91,5.65,1.43,1.14,11.78,9.23,7.36,10.37,11.3,7.05,4.58,3.33,2.93,Sweet
22.63,8.42,22.72,20.25,9.92,9.31,3.94,9.36,6.86,4.06,4.45,4.03,9.58,28.15,8.28,0.1,Gasoline-like
11.39,9.19,15.32,9.04,13.21,4.59,3.18,9.98,4.61,1.2,2.34,1.59,7.32,8.06,9.66,12.61,Chemical
2.61,5.17,12.77,6.36,0.19,2.95,5.77,8.24,5.12,4.75,8.23,10.01,9.42,16.45,6.94,2.12,Sweet
5.27,2.76,0.1,8.76,7.32,0.53,0.82,13.64,6.95,10.69,5.91,7.57,10.45,6.26,11.65,10.59,Chemical
14.98,9.91,14.94,10.71,3.5,5.71,0.16,7.19,7.16,9.96,14.5,11.53,12.01,5.34,5.35,6.74,Sweet
18.33,7.75,21.92,8.72,10.91,3.85,4.19,12.29,6.11,16.75,5.72,7.2,24.06,23.72,6.26,6.22,Fruity
19.07,14.58,23.23,5.6,8.34,2.92,3.87,12.56,3.49,14.44,9.25,11.15,0.1,7.46,8.74,12.51,Alcoholic
16.65,9.37,16.07,21.52,8.72,11.65,11.07,16.94,4.52,8.67,5.85,5.33,15.16,16.82,8.76,4.99,Gasoline-like
26.97,13.29,21.69,8.01,5.17,4.81,3.64,2.09,6.9,10.27,9.53,7.75,13.39,11.81,5.43,2.87,Alcoholic
22.35,5.78,12.63,7.31,2.36,1.83,7.04,10.6,5.86,16.87,2.17,4.98,17.37,11.9,8.82,10.65,Fruity
28.21,14.48,22.43,2.13,13.41,3.77,4.59,14.47,5.2,5.62,8.6,2.41,0.1,3.81,5.3,4.87,Alcoholic
7.35,1.11,7.06,13.82,10.42,10.65,3.98,0.1,3.41,6.61,2.04,4.93,3.5,7.75,5.19,6.22,Gasoline-like
10.29,6.05,19.67,7.44,8.65,8.66,8.95,14.59,0.57,1.28,3.1,4.58,0.1,22.86,10.99,12.36,Chemical
23.93,8.01,12.9,17.27,9.03,7.16,8.1,6.44,4.15,2.45,10.99,5.42,10.03,11.96,5.02,3.2,Gasoline-like
6.46,11.62,15.44,9.44,3.04,7.38,7.35,12.94,4.56,11.58,2.63,7.32,4.83,14.97,8.96,17.09,Chemical
9.55,6.67,12.43,10.69,7.96,0.88,0.33,3.56,8.49,8.45,13.77,9.72,16.71,12.16,7.44,2.35,Sweet
15.2,10.72,11.92,17.6,5.41,7.74,6.74,4.46,4.53,18.87,12.38,6.81,14.92,22.95,9.9,4.83,Fruity
10.47,4.41,12.76,8.93,3.12,2.31,2.99,7.41,9.1,8.03,10.37,11.91,18.57,23.61,10.79,5.64,Sweet
23.56,11.5,4.69,15.71,11.9,7.72,5.94,3.82,5.04,15.03,6.94,6.32,12.92,6.3,8.44,2.5,Gasoline-like
8.92,2.29,5.72,10.86,4.06,5.87,4.47,13.84,6.3,10.6,14.56,8.91,23.97,20.76,6.52,1.81,Sweet
21.63,12.83,12.98,5.83,8.03,8.14,2.8,9.03,10.34,9.47,10.17,12.44,1.19,14.71,12.07,4.01,Sweet
4.49,5.42,7.43,10.35,11.16,7.16,6.79,5.63,6.29,11.27,15.41,12.55,8.32,25.19,0.1,9.16,Sweet
16.13,3.14,10.87,5.97,4.66,7.31,7.6,11.4,10.25,8.61,11.53,13.38,5.83,11.26,6.32,2.71,Sweet
22.84,9.73,23.42,4.82,6.48,2.74,6.52,0.29,4.81,14.65,4.25,7.81,4.44,6.33,11.17,0.1,Alcoholic
19.8,6.06,4.03,8.24,7.98,4.32,7.69,1.32,8.51,5.13,18.5,13.48,13.13,0.1,0.62,15.91,Sweet
17.33,3.87,9.98,14.19,6.21,3.53,3.09,4.77,7.83,5.2,12.48,11.93,2.31,5.02,13.59,8.31,Sweet
16.37,7.38,12.7,14.0,9.16,8.91,4.43,10.16,4.58,7.93,9.77,11.6,15.76,13.1,10.36,3.02,Sweet
19.24,3.28,13.36,7.26,8.47,4.47,3.21,7.59,4.94,8.93,15.12,14.72,14.11,11.12,4.3,5.56,Sweet
0.1,4.23,16.93,12.83,10.04,5.22,0.1,17.96,3.78,11.71,8.04,11.0,7.21,14.64,11.03,12.05,Chemical
4.68,6.77,12.58,10.0,11.43,9.26,5.16,10.75,4.13,15.96,11.53,7.52,23.1,14.86,2.94,5.36,Fruity
28.91,13.6,31.31,8.79,5.61,3.59,6.62,4.93,3.64,10.93,5.57,5.4,6.69,7.5,4.3,9.23,Alcoholic
12.99,5.38,15.47,13.47,10.94,6.87,3.67,13.33,1.42,9.25,3.09,6.16,11.48,21.78,11.22,11.78,Chemical
18.18,10.33,21.91,6.73,8.4,5.53,5.86,2.6,5.58,6.81,9.01,11.22,12.57,14.84,6.52,0.74,Alcoholic
10.6,4.49,8.79,0.57,10.89,4.08,4.5,4.53,4.48,16.56,1.5,6.26,14.56,16.71,1.05,10.67,Fruity
19.89,14.97,21.09,1.46,6.68,6.45,5.55,7.53,2.25,6.86,8.4,3.31,13.68,10.71,3.45,16.3,Alcoholic
17.44,5.07,0.1,9.46,11.28,9.16,0.1,16.6,0.1,12.45,6.79,0.1,11.87,22.32,9.97,13.9,Chemical
24.99,12.32,22.05,10.44,5.79,8.58,2.74,0.45,4.27,12.83,14.19,1.12,5.48,0.67,5.24,13.12,Alcoholic
28.99,1.65,19.1,7.76,4.33,3.36,5.86,12.52,2.1,8.67,2.94,4.93,0.32,13.6,10.2,11.72,Chemical
29.96,2.0,7.74,7.55,5.18,0.1,5.59,16.66,3.69,14.99,6.37,7.32,14.66,25.96,11.92,6.75,Fruity
22.21,14.23,13.86,11.81,3.09,6.42,6.41,9.55,3.17,5.7,5.68,4.1,17.37,19.99,1.98,6.79,Alcoholic
13.48,11.53,11.83,10.94,6.41,3.64,4.95,12.89,4.89,12.73,8.24,0.81,18.06,21.25,11.22,8.35,Fruity
8.03,4.61,13.63,10.65,10.19,4.07,5.19,9.61,5.42,10.38,8.54,8.32,19.99,9.93,12.33,8.55,Fruity
28.27,4.76,14.85,1.6,8.22,10.69,5.41,2.37,3.08,9.76,8.33,9.71,16.97,18.76,5.74,11.24,Fruity
17.87,4.64,25.11,12.94,3.66,3.06,5.23,12.91,8.8,11.04,4.5,8.49,13.87,18.72,8.77,11.0,Chemical
27.09,13.44,22.59,12.4,7.01,5.19,2.66,13.72,7.69,11.58,3.58,2.75,11.77,6.05,2.72,5.74,Alcoholic
20.14,4.24,16.44,6.94,6.81,5.73,4.49,18.37,6.81,6.52,14.37,10.17,7.71,1.26,10.26,16.8,Chemical
11.26,11.32,10.95,10.14,7.49,6.18,3.62,7.47,3.87,7.94,8.09,4.59,11.59,8.51,11.99,11.34,Chemical
9.98,6.18,11.06,6.24,8.94,5.5,6.33,7.67,1.43,16.51,1.99,4.5,13.07,26.44,6.77,6.2,Fruity
17.83,5.01,11.65,8.32,3.0,3.55,2.77,3.99,8.22,0.1,12.17,11.74,11.46,19.94,5.47,4.85,Sweet
13.62,8.47,3.42,4.04,10.48,6.07,3.43,12.28,9.22,7.58,12.47,10.74,2.91,14.72,2.87,5.8,Sweet
16.67,12.91,21.57,8.38,5.51,1.2,2.51,9.54,7.74,18.17,13.19,9.82,2.74,6.3,7.28,3.53,Alcoholic
12.98,12.71,10.81,6.86,11.06,0.6,3.08,16.74,5.35,15.13,4.4,6.01,18.67,16.02,3.94,4.6,Fruity
9.36,7.25,14.9,11.54,1.59,4.76,7.66,12.4,4.19,22.22,2.66,11.07,6.28,8.77,9.85,14.57,Chemical
19.23,10.56,21.12,4.19,7.04,6.75,7.52,11.53,4.69,15.42,5.2,6.83,18.36,12.73,9.72,9.31,Alcoholic
16.44,8.76,9.47,9.38,5.01,9.11,4.78,16.58,2.27,14.79,10.42,10.15,19.95,0.1,11.38,14.67,Chemical
20.79,7.98,20.73,14.04,6.75,3.23,9.05,0.1,5.78,10.01,18.08,12.24,8.16,10.69,8.22,13.24,Sweet
15.54,14.97,19.43,13.68,8.52,8.91,6.89,4.24,3.96,9.81,5.51,6.21,1.09,13.18,4.96,2.18,Alcoholic
13.72,9.33,11.23,12.92,7.08,6.85,4.12,0.1,8.12,13.1,12.43,14.09,0.55,9.26,5.01,9.08,Sweet
21.34,3.1,20.54,11.88,1.48,1.67,5.16,1.2,9.18,0.1,13.02,10.36,14.95,14.33,5.97,4.26,Sweet
7.63,3.68,7.07,8.45,2.79,5.86,6.64,1.71,5.58,14.01,10.88,8.76,6.83,7.45,1.99,11.09,Sweet
16.58,8.05,8.1,10.94,6.8,6.25,7.15,10.42,6.96,6.73,15.01,11.89,17.7,19.17,3.56,12.7,Sweet
16.04,11.49,19.29,3.55,2.55,1.7,0.73,13.41,3.07,4.63,8.44,8.11,11.4,15.99,4.44,3.58,Alcoholic
19.22,9.17,17.31,17.75,12.34,6.07,9.78,6.54,0.1,11.47,5.72,2.22,12.6,10.06,9.48,5.4,Gasoline-like
16.56,6.13,7.85,8.68,3.21,6.03,6.34,3.63,7.14,16.61,8.19,9.15,14.65,17.83,6.33,11.26,Fruity
23.29,7.82,12.2,19.4,2.99,2.69,3.38,15.34,2.95,15.29,0.56,7.46,19.86,22.39,5.03,6.49,Fruity
13.98,0.27,10.16,5.92,3.27,1.84,5.92,14.63,7.93,7.7,11.98,6.7,8.37,14.53,12.32,13.37,Chemical
22.71,0.1,16.72,6.67,15.02,10.64,3.63,4.93,7.97,7.9,10.97,11.4,14.22,13.85,7.5,6.76,Sweet
14.28,7.08,14.11,14.94,12.61,7.71,3.2,8.47,4.59,8.91,4.42,7.89,6.27,6.89,8.73,8.93,Gasoline-like
2.51,3.2,8.06,4.51,6.84,1.71,3.58,11.89,5.1,8.44,5.03,5.85,9.48,4.36,8.95,15.96,Chemical
14.01,3.7,16.91,14.02,15.35,6.68,3.95,11.14,6.03,5.07,12.51,6.65,2.17,10.53,9.43,9.99,Sweet
24.45,13.08,20.78,9.59,1.56,0.1,6.14,12.61,3.11,11.29,5.99,2.64,3.47,11.44,2.47,3.04,Alcoholic
9.83,10.41,2.44,19.99,4.18,1.16,5.89,10.07,3.2,18.46,7.97,8.18,18.39,19.37,11.49,3.7,Fruity
19.41,9.29,18.98,7.63,4.22,2.42,3.94,3.57,6.37,18.78,13.75,11.59,8.62,21.66,6.27,11.29,Sweet
6.44,5.37,10.13,8.36,5.55,3.2,5.63,10.19,6.73,10.98,0.1,5.53,12.9,19.0,3.51,11.57,Fruity
13.48,6.88,11.55,14.52,11.65,8.28,1.72,5.86,0.28,8.29,7.65,1.38,5.79,1.91,5.07,9.89,Gasoline-like
14.54,2.76,18.27,17.54,14.06,11.02,3.43,11.99,0.93,15.4,2.55,6.2,12.37,12.33,5.32,11.82,Gasoline-like
20.46,13.47,11.63,17.36,3.72,2.86,2.4,8.36,7.61,6.18,11.87,9.1,14.23,12.82,8.89,5.63,Sweet
28.47,12.99,21.14,16.49,7.28,5.77,6.02,6.88,2.2,5.9,7.33,1.05,7.66,11.1,1.9,7.66,Alcoholic
4.38,10.05,10.69,1.27,3.79,11.27,3.35,16.55,5.6,4.61,13.37,6.58,5.42,10.45,9.72,15.32,Chemical
11.31,2.06,6.83,10.76,6.72,4.5,0.39,7.81,8.81,22.92,12.95,12.22,13.6,14.69,8.55,2.35,Sweet
15.15,2.19,12.51,11.65,9.36,6.91,7.42,12.83,6.32,4.95,9.11,1.75,7.28,10.92,7.2,6.85,Gasoline-like
23.83,10.88,20.28,7.74,5.19,2.15,1.28,8.29,4.7,5.97,10.07,6.55,10.0,16.62,3.96,9.36,Alcoholic
22.69,9.08,1.97,12.53,6.89,7.61,1.55,6.95,4.03,11.77,7.5,8.63,16.56,24.32,3.81,12.13,Fruity
22.28,11.47,23.01,7.38,12.93,6.15,2.67,12.26,7.22,13.48,7.75,10.48,7.78,9.93,4.63,1.85,Alcoholic
20.58,9.52,22.12,6.03,8.86,3.94,6.62,1.15,3.51,5.74,11.34,6.99,16.29,20.6,16.4,5.97,Alcoholic
14.1,6.8,15.62,13.8,10.92,5.57,7.58,7.23,6.89,13.89,11.86,12.27,1.6,6.58,2.46,7.24,Sweet
27.38,11.89,21.87,12.67,13.59,0.1,5.21,11.43,2.6,11.89,7.95,9.01,21.21,13.82,4.39,8.39,Alcoholic
27.12,7.22,14.09,0.1,10.5,13.48,5.13,12.83,5.59,0.74,7.0,9.08,8.33,5.09,9.94,12.41,Chemical
3.91,6.12,18.81,6.09,6.7,7.44,1.06,14.9,7.12,7.47,11.18,13.27,14.03,15.63,5.43,19.58,Sweet
12.7,1.48,16.08,15.83,3.82,5.77,7.12,11.84,6.56,11.02,14.14,10.53,5.22,16.62,1.87,6.55,Sweet
4.83,10.87,5.61,13.25,8.21,7.94,3.26,10.34,5.03,5.44,10.43,5.11,0.46,10.85,2.77,5.28,Gasoline-like
11.37,1.93,20.27,14.78,14.59,7.89,4.22,4.59,3.36,8.05,7.3,10.82,8.68,2.19,2.71,3.72,Gasoline-like
8.38,10.9,14.15,4.13,12.92,7.54,8.65,1.05,0.51,15.38,7.14,9.95,19.14,18.9,1.56,13.5,Fruity
7.19,8.44,7.97,1.86,3.74,2.74,2.37,8.24,3.54,15.0,9.08,4.41,17.38,20.23,0.28,12.66,Fruity
10.05,4.75,16.55,0.1,3.12,4.35,5.37,13.74,4.61,7.54,1.3,8.16,16.13,5.3,9.96,15.55,Chemical
15.05,6.67,21.17,5.28,7.25,7.07,1.41,19.82,9.34,3.15,3.44,13.58,13.67,11.2,10.83,10.35,Chemical
9.57,3.28,17.02,2.65,6.95,4.53,6.13,15.89,2.93,12.23,0.44,13.72,9.05,18.66,10.43,14.14,Chemical
7.23,5.55,18.9,0.12,9.95,9.22,5.43,16.98,2.21,10.68,4.52,8.65,6.84,0.1,8.84,18.1,Chemical
12.17,8.95,13.08,12.11,6.44,0.47,5.12,11.11,6.72,9.28,13.27,4.79,6.89,18.97,8.22,10.85,Chemical
22.47,4.39,6.35,15.93,9.5,6.57,4.58,2.57,8.97,8.6,6.98,2.86,19.5,7.43,3.38,11.48,Gasoline-like
22.1,14.44,9.82,7.98,8.11,6.07,8.26,8.51,8.06,5.28,11.8,9.96,5.17,17.68,4.59,11.34,Sweet
30.08,12.82,19.55,5.66,3.47,5.01,0.12,9.54,3.08,12.58,6.69,2.44,7.28,0.1,4.71,2.31,Alcoholic
12.89,9.29,22.75,14.51,9.21,5.08,5.64,12.15,0.1,14.98,9.28,1.33,18.2,19.03,11.44,14.75,Fruity
12.81,11.12,10.24,14.74,4.08,7.19,3.19,2.53,9.82,10.84,2.94,5.48,24.41,25.83,8.34,4.62,Fruity
10.49,5.88,6.48,16.49,8.35,8.21,3.56,7.21,0.84,5.57,11.15,1.83,0.1,15.93,1.79,3.5,Gasoline-like
20.71,8.64,17.08,14.83,13.57,7.24,2.54,8.71,5.45,13.94,3.9,7.03,1.94,12.71,9.68,2.55,Gasoline-like
7.08,3.55,15.26,8.83,5.12,8.34,4.43,7.97,7.73,6.42,11.86,11.92,0.1,13.31,7.55,11.22,Sweet
19.44,9.23,17.08,10.23,6.93,10.31,4.57,12.76,6.32,4.84,5.49,0.1,13.9,19.45,0.1,4.48,Alcoholic
23.4,7.72,21.35,11.5,4.16,4.61,5.56,5.2,7.18,14.05,7.48,4.12,14.69,7.4,0.1,7.58,Alcoholic
7.65,7.33,8.45,19.76,13.25,8.94,7.76,14.63,2.18,4.25,12.76,4.0,4.39,7.64,9.61,11.65,Gasoline-like
14.79,9.15,15.55,2.48,7.25,5.12,0.1,8.2,10.41,15.3,7.45,11.71,12.37,9.88,4.61,7.87,Sweet
16.0,13.86,25.04,13.91,18.83,9.46,4.97,0.1,5.49,1.46,4.95,5.69,13.5,9.39,8.3,10.33,Gasoline-like
28.02,2.3,9.8,9.26,7.95,5.35,1.59,5.49,10.64,5.51,13.44,7.97,1.74,4.89,9.07,9.15,Sweet
6.79,6.72,14.66,15.19,5.56,12.12,2.94,11.66,3.14,9.36,10.58,6.76,18.51,10.74,11.95,14.48,Chemical
8.73,7.14,2.19,10.17,11.67,7.07,5.12,1.32,7.26,11.5,11.44,10.11,6.27,4.54,0.38,6.82,Sweet
12.53,10.53,2.78,12.44,5.13,8.52,1.8,11.13,6.25,8.62,9.26,8.93,11.41,20.34,6.81,1.17,Sweet
16.91,4.7,16.47,17.5,16.96,11.08,4.78,1.44,4.2,13.42,4.0,11.1,13.86,14.69,1.66,14.49,Gasoline-like
11.09,13.67,7.27,15.7,12.42,7.33,5.09,10.22,5.44,12.81,6.71,8.51,5.54,21.4,2.79,6.57,Gasoline-like
16.62,6.51,6.13,1.77,13.53,3.97,3.07,6.24,9.54,12.88,3.99,8.52,18.83,22.96,9.18,10.88,Fruity
14.15,5.78,9.43,16.13,10.88,8.15,6.24,10.14,1.92,11.97,3.87,9.24,18.65,15.76,10.3,12.0,Gasoline-like
13.97,8.97,16.36,4.6,8.07,5.13,6.92,18.82,4.86,13.39,7.96,6.05,16.61,7.96,13.34,16.61,Chemical
5.12,0.71,16.53,11.23,6.27,8.39,7.81,13.53,2.9,9.55,0.48,7.42,10.02,11.99,9.25,16.37,Chemical
22.45,10.8,25.82,1.68,6.75,4.89,6.91,6.58,5.02,0.1,11.39,6.67,11.91,4.51,1.89,11.25,Alcoholic
20.46,11.66,19.56,10.15,10.8,7.5,3.32,6.94,7.14,14.43,0.1,3.9,6.3,11.97,6.54,8.42,Alcoholic
11.13,2.32,0.1,2.09,9.0,5.16,7.27,15.12,6.14,12.97,10.16,10.57,2.4,9.7,6.28,8.7,Sweet
19.26,16.1,28.88,9.28,5.37,5.67,8.0,11.57,1.52,8.77,4.04,9.84,9.32,4.12,3.67,4.77,Alcoholic
20.43,5.08,23.99,7.09,2.1,5.69,7.67,4.94,2.15,15.34,2.54,8.75,19.34,16.15,4.82,8.56,Fruity
6.19,9.84,10.65,7.14,10.83,2.32,4.27,6.34,3.91,17.16,6.05,5.36,16.78,20.45,5.48,7.82,Fruity
19.93,8.26,16.1,7.46,5.84,4.41,6.34,0.1,7.34,4.89,13.8,9.1,20.3,18.64,6.48,7.32,Sweet
19.41,12.98,20.47,8.19,2.51,1.85,1.75,1.52,2.68,5.69,4.89,5.4,7.62,15.38,0.66,5.02,Alcoholic
17.14,6.23,10.42,14.45,13.32,11.19,1.08,12.92,2.13,4.16,10.12,2.22,13.99,16.35,3.54,8.19,Gasoline-like
21.46,10.07,11.53,14.8,12.22,7.89,2.62,11.35,1.44,14.04,0.92,12.83,7.56,8.68,3.25,4.23,Gasoline-like
13.83,10.58,24.52,10.09,13.72,7.5,6.67,0.1,4.22,7.0,6.91,6.04,3.97,9.43,3.25,8.49,Gasoline-like
12.54,7.02,14.24,8.74,2.24,5.98,4.76,15.18,3.34,5.04,6.5,3.41,3.18,13.07,10.6,11.98,Chemical
25.4,14.38,9.53,10.36,0.1,9.82,5.29,8.01,5.97,15.09,6.91,6.09,13.96,23.17,3.88,5.25,Fruity
25.2,7.39,16.39,8.13,12.71,10.77,5.82,2.15,2.73,4.43,1.35,9.3,9.45,20.74,3.54,6.28,Gasoline-like
27.85,8.87,25.97,3.16,7.71,3.22,4.39,12.67,3.36,7.71,8.98,5.27,8.93,5.27,5.51,7.61,Alcoholic
18.2,10.38,4.52,10.56,5.83,5.24,5.75,17.61,4.2,0.1,8.46,7.08,9.66,13.76,10.27,8.97,Chemical
26.67,10.41,14.8,1.08,8.22,3.75,4.45,5.21,5.11,9.55,14.8,12.86,5.88,10.77,12.74,5.15,Alcoholic
15.76,6.16,14.82,13.82,10.09,3.33,5.3,6.73,4.44,14.66,3.82,1.03,16.7,17.82,0.1,16.48,Fruity
5.96,7.0,5.66,2.62,9.34,9.03,0.91,15.36,8.0,6.33,0.61,4.83,14.1,10.48,10.48,11.12,Chemical
15.78,12.09,16.58,13.62,4.49,4.86,5.12,15.18,6.25,13.1,6.0,9.32,4.9,8.84,7.03,15.32,Chemical
3.14,1.3,12.8,13.83,5.41,8.43,5.61,8.8,5.74,10.18,11.31,12.52,17.22,10.05,5.48,9.48,Sweet
15.4,6.29,8.77,12.87,7.21,5.84,4.67,18.42,6.29,9.88,11.31,8.75,15.15,8.9,9.66,13.89,Chemical
25.26,11.25,19.14,6.01,7.46,5.66,4.84,10.37,3.02,0.1,6.8,9.93,0.46,7.41,5.57,3.19,Alcoholic
26.89,12.39,11.8,2.18,6.17,6.34,4.35,7.15,6.31,19.7,10.39,4.24,21.06,25.26,12.79,1.75,Fruity
8.32,8.22,6.77,17.5,13.21,7.27,11.34,3.28,0.1,6.42,1.55,4.54,7.64,15.49,9.42,5.4,Gasoline-like
6.76,5.08,12.48,8.83,5.76,3.08,4.57,1.95,7.32,17.02,11.57,6.4,15.15,16.07,5.28,2.05,Fruity
19.5,9.44,9.72,14.63,11.81,6.56,8.96,2.58,0.1,6.32,6.64,11.18,8.43,18.01,9.22,8.83,Gasoline-like
15.79,9.11,16.32,15.94,12.56,0.1,2.54,15.76,2.53,10.34,0.1,9.98,0.1,4.88,8.33,13.35,Chemical
16.33,5.61,7.27,9.2,4.05,5.2,2.67,12.69,9.17,8.84,11.18,13.53,8.48,13.98,0.85,10.05,Sweet
13.65,7.81,15.17,10.71,1.34,7.68,3.72,9.98,8.21,13.42,12.73,11.49,7.19,10.31,6.22,10.82,Sweet
14.98,5.46,9.0,6.29,5.32,0.1,8.07,6.39,9.22,4.87,15.19,7.92,11.74,8.04,0.6,0.1,Sweet
14.97,3.42,10.3,10.29,12.21,6.02,4.56,7.59,6.27,20.32,8.81,7.07,19.05,21.67,5.68,13.08,Fruity
12.29,5.42,11.35,6.76,12.14,1.39,5.6,12.42,5.66,19.33,8.21,4.16,18.81,20.05,3.27,10.92,Fruity
18.53,8.87,12.55,10.12,12.1,10.91,6.33,14.48,4.01,12.26,3.16,7.17,4.28,12.03,6.83,9.11,Gasoline-like
4.58,5.94,17.85,11.46,6.82,8.59,7.19,11.69,1.61,12.24,4.13,6.9,22.42,21.13,7.46,8.16,Fruity
7.77,5.08,22.19,12.14,9.13,6.31,2.13,8.35,3.21,6.62,3.34,1.62,9.22,8.42,6.42,3.68,Gasoline-like
19.22,10.25,24.08,11.72,13.73,6.33,3.92,13.27,4.61,15.64,3.79,4.23,7.76,9.23,4.46,3.75,Alcoholic
9.61,13.32,17.82,15.06,6.15,2.06,5.91,15.94,2.99,6.23,0.1,6.33,5.33,20.52,9.04,12.96,Chemical
9.54,4.48,15.12,19.07,11.19,10.81,1.89,11.26,4.19,17.02,13.08,8.14,8.95,5.17,7.74,9.8,Gasoline-like
13.4,10.52,9.45,10.8,15.94,10.33,2.41,4.17,4.4,13.22,6.97,1.25,16.86,22.55,6.45,5.62,Fruity
6.28,6.05,15.17,17.41,10.07,7.58,4.91,13.54,1.24,7.4,6.73,2.85,1.48,13.24,5.1,10.32,Gasoline-like
12.94,12.81,24.3,14.57,8.93,2.3,8.43,1.85,8.69,5.1,10.39,10.85,14.59,13.73,6.73,4.31,Sweet
31.1,7.9,18.06,15.7,12.57,9.15,2.63,5.58,5.99,11.74,4.41,3.46,7.32,13.33,2.28,12.17,Gasoline-like
15.04,7.75,19.75,14.44,13.88,9.43,4.9,13.97,4.49,2.1,3.16,6.82,6.89,17.51,2.03,5.55,Gasoline-like
5.45,5.33,22.33,14.45,11.84,11.76,3.52,8.99,3.97,5.38,8.6,8.62,18.86,13.97,2.37,11.51,Gasoline-like
10.69,3.55,11.05,9.2,9.75,5.95,5.43,21.13,5.93,0.1,11.07,6.33,12.6,11.6,8.52,15.65,Chemical
17.86,6.2,6.02,5.01,6.88,5.01,3.88,14.91,6.79,8.03,12.76,13.92,10.04,3.72,1.29,3.06,Sweet
7.77,12.57,7.93,13.32,7.83,7.87,6.84,5.62,3.83,19.27,4.99,3.45,23.35,18.13,7.15,13.24,Fruity
16.39,6.29,13.56,5.1,0.1,5.81,4.19,12.65,3.15,7.54,2.1,2.08,1.13,0.1,6.26,19.3,Chemical
19.45,6.83,5.28,12.58,9.65,8.65,7.93,7.91,5.8,15.25,9.76,10.47,7.63,12.32,3.29,16.26,Gasoline-like
23.37,9.87,8.85,7.56,8.58,0.26,4.83,15.24,7.3,16.78,3.37,7.16,15.35,20.84,2.14,5.34,Fruity
22.13,13.15,20.84,13.47,12.3,4.28,7.28,12.17,8.1,5.14,11.97,8.04,12.4,16.14,7.46,7.39,Alcoholic
24.44,14.79,17.23,14.04,8.08,6.54,6.93,6.93,10.68,16.13,3.64,4.12,10.98,9.41,7.18,4.82,Alcoholic
14.56,6.96,10.95,9.92,9.79,8.29,3.37,2.86,8.08,11.91,12.23,11.23,5.17,1.6,12.94,10.05,Sweet
21.86,5.59,13.44,16.85,6.21,1.87,1.52,18.99,6.88,7.57,12.75,12.34,1.67,11.68,0.71,8.5,Sweet
15.68,6.37,16.77,15.95,8.81,2.73,3.41,10.26,3.06,14.13,1.46,4.58,15.89,22.05,6.11,13.04,Fruity
8.09,2.7,16.3,10.05,5.79,5.34,6.86,9.09,5.9,13.55,9.4,10.8,15.33,26.81,2.91,5.94,Fruity
15.72,5.94,4.92,17.08,11.27,12.32,9.5,5.74,2.01,9.3,12.01,2.11,14.62,16.2,3.57,6.66,Gasoline-like
23.21,15.09,18.03,10.54,9.54,6.04,3.34,7.05,5.86,0.77,5.88,8.89,15.87,1.1,10.26,15.19,Alcoholic
6.68,8.46,3.08,20.6,1.45,5.81,2.99,10.65,7.97,3.89,11.29,6.9,11.71,22.51,3.78,7.05,Sweet
10.91,0.1,15.18,3.6,5.37,4.91,9.41,15.94,5.71,14.52,1.46,8.68,22.29,18.88,0.1,11.48,Fruity
9.13,5.0,20.09,4.82,9.49,9.78,10.58,8.33,4.41,17.32,6.1,7.02,18.35,11.16,6.15,6.28,Fruity
27.66,14.0,27.18,11.97,3.8,4.11,3.62,9.02,3.5,10.16,13.01,3.73,3.07,3.88,6.08,3.97,Alcoholic
18.5,0.1,13.86,16.74,10.5,9.02,4.07,12.14,6.01,11.43,7.68,8.34,6.87,20.14,7.78,7.24,Gasoline-like
13.44,5.63,16.3,9.75,7.29,5.72,5.2,11.2,1.1,19.21,0.1,7.05,20.41,15.11,5.39,3.35,Fruity
16.6,5.42,6.82,19.01,13.72,8.31,0.84,10.65,5.87,5.21,10.06,2.3,6.75,18.04,8.47,5.27,Gasoline-like
17.76,13.56,19.7,4.47,5.54,4.09,0.1,3.28,1.22,7.8,3.97,3.54,8.13,10.43,8.32,6.76,Alcoholic
20.62,11.61,32.43,9.58,8.65,5.83,7.4,11.81,4.14,0.66,9.67,6.99,13.87,12.77,6.37,12.45,Alcoholic
12.45,6.44,11.82,18.21,10.57,8.6,4.99,8.15,3.81,10.83,11.54,9.76,12.76,12.23,1.43,0.81,Gasoline-like
17.44,13.04,0.1,9.5,6.79,8.2,4.84,12.14,7.22,3.93,14.44,10.96,12.78,6.62,6.14,1.92,Sweet
6.73,4.72,4.89,4.05,5.62,0.1,0.1,6.56,7.63,11.61,14.14,7.25,8.58,6.1,7.56,6.64,Sweet
0.1,6.51,2.09,7.09,8.75,10.03,5.81,14.08,6.48,14.6,3.69,5.5,12.71,24.1,3.88,13.38,Fruity
9.88,0.1,23.18,5.7,13.64,5.84,7.62,17.44,5.58,4.25,5.16,7.97,12.59,11.69,11.49,14.4,Chemical
20.47,13.15,21.45,17.3,8.51,3.85,2.89,20.69,7.48,9.24,8.72,8.11,4.63,9.28,6.91,2.55,Alcoholic
18.14,4.06,8.14,16.68,13.89,0.33,6.35,10.59,8.35,8.17,12.7,8.91,12.04,13.75,11.13,3.02,Sweet
15.0,8.71,15.49,19.86,12.16,11.39,1.66,1.25,3.64,11.9,6.66,7.28,12.21,16.67,5.83,9.77,Gasoline-like
8.76,8.91,4.38,11.48,8.04,4.85,1.71,9.0,4.82,17.26,6.07,4.83,19.0,17.28,4.48,6.27,Fruity
10.31,9.59,12.26,20.21,8.25,9.69,4.92,0.1,8.44,7.84,7.28,10.02,11.84,20.43,12.08,1.8,Gasoline-like
17.85,9.99,14.09,1.28,4.53,5.38,2.21,9.19,3.49,17.21,5.2,6.12,17.26,13.04,1.8,5.3,Fruity
13.62,5.51,13.75,10.12,6.12,9.69,7.49,5.65,8.14,16.63,10.79,8.98,13.82,19.6,2.89,3.37,Fruity
0.1,13.21,9.1,13.61,13.59,5.75,8.53,12.19,4.28,8.53,7.8,9.89,10.65,16.01,11.71,14.01,Chemical
18.76,2.3,18.66,12.06,4.19,6.98,7.2,11.37,8.6,0.1,17.6,16.26,17.89,13.75,5.63,4.43,Sweet
15.97,4.42,7.64,17.19,9.23,8.82,2.36,8.45,5.75,9.29,13.07,13.78,10.13,11.39,5.1,8.9,Sweet
23.58,0.1,11.81,16.31,10.36,9.39,8.43,10.37,0.62,13.37,5.39,0.1,4.51,4.02,3.55,7.23,Gasoline-like
9.06,3.08,11.09,19.81,8.71,9.57,9.1,12.11,2.15,2.08,0.1,11.87,9.47,3.67,3.98,1.92,Gasoline-like
22.74,13.93,20.22,5.6,5.14,9.04,1.67,6.32,10.03,11.68,7.09,7.02,3.74,0.1,7.67,3.17,Alcoholic
7.41,10.45,8.39,6.92,8.16,2.17,5.3,12.59,5.69,6.93,8.36,5.14,11.04,12.15,8.28,12.01,Chemical
3.44,5.73,12.34,9.68,7.71,5.54,4.57,10.99,4.71,11.56,3.86,3.96,15.12,19.83,7.68,15.5,Fruity
6.29,3.67,13.56,11.87,10.9,5.23,5.12,9.15,4.45,19.22,5.87,3.33,14.17,14.83,6.11,7.91,Fruity
16.75,3.39,9.72,16.84,11.78,6.68,0.38,2.14,1.53,8.59,9.48,2.75,16.31,8.61,3.83,3.02,Gasoline-like
0.1,0.85,0.54,17.17,9.18,10.86,0.62,0.94,8.69,3.53,14.21,10.13,8.89,0.1,5.17,7.16,Sweet
20.67,5.12,7.5,13.26,11.03,12.97,1.87,5.78,6.3,8.61,7.99,5.28,14.45,11.44,10.17,8.03,Gasoline-like
12.36,4.53,19.75,10.45,5.84,4.65,10.22,13.67,4.9,5.91,3.51,9.68,12.55,12.09,13.02,11.43,Chemical
18.84,10.33,22.52,1.82,6.34,8.84,7.18,17.8,5.61,7.95,8.64,4.26,6.7,8.33,4.22,6.84,Alcoholic
2.97,12.41,5.08,12.6,11.93,7.91,1.75,9.69,3.9,0.1,7.33,9.84,10.24,11.71,5.73,2.14,Gasoline-like
5.99,3.81,10.37,18.29,11.03,9.52,4.75,7.04,0.44,5.53,14.44,5.65,0.1,8.82,11.57,6.81,Gasoline-like
10.56,6.19,5.71,2.3,2.69,6.9,6.92,14.32,10.06,8.61,12.56,11.33,8.45,4.23,5.59,8.15,Sweet
10.61,11.24,10.95,8.13,6.04,2.68,6.61,4.89,3.85,14.26,8.41,6.52,12.71,18.37,4.05,6.78,Fruity
21.19,8.8,13.98,11.24,8.26,6.1,3.0,5.19,0.1,3.02,9.89,11.52,11.63,2.07,1.95,5.98,Alcoholic
4.36,12.08,4.47,14.13,12.24,9.15,8.69,1.73,2.61,2.23,8.91,4.09,5.74,15.34,7.22,6.08,Gasoline-like
15.84,6.4,15.89,9.36,9.62,8.37,6.81,17.87,2.07,7.49,4.9,4.54,12.19,4.61,9.93,16.08,Chemical
5.83,8.71,17.07,20.64,8.8,11.19,0.96,9.99,7.69,15.63,10.39,1.58,14.78,7.53,1.8,7.4,Gasoline-like
25.6,14.15,20.29,14.13,0.1,7.2,3.22,10.5,2.7,12.64,1.85,9.01,13.19,16.42,5.84,1.08,Alcoholic
8.08,3.3,17.22,12.1,15.8,9.91,5.19,13.23,6.57,11.51,2.06,8.51,18.01,10.23,9.3,8.89,Gasoline-like
10.43,14.84,21.24,12.44,14.3,11.74,7.9,6.12,1.2,10.88,6.83,8.0,13.55,8.88,3.02,0.38,Gasoline-like
22.2,11.87,17.65,4.23,15.9,6.01,9.59,14.56,2.7,11.28,8.98,12.7,11.1,8.9,5.27,8.73,Alcoholic
26.17,10.76,23.19,7.1,11.46,3.41,7.09,9.99,0.46,8.33,11.44,3.43,0.1,8.29,3.78,6.3,Alcoholic
18.35,13.88,19.32,16.37,11.63,6.95,8.94,9.64,3.97,6.59,2.26,9.84,15.47,0.63,2.83,6.26,Gasoline-like
22.23,9.96,19.64,6.74,9.95,7.0,4.96,17.43,2.99,10.25,11.98,7.72,5.13,8.93,5.08,4.82,Alcoholic
0.1,3.82,19.35,0.91,6.84,6.92,3.8,14.92,4.18,11.79,7.11,4.88,13.19,10.23,10.58,13.84,Chemical
16.72,2.58,1.45,14.03,8.44,3.49,5.58,11.31,2.24,13.68,9.13,1.84,18.27,13.96,7.09,10.76,Fruity
23.13,4.14,3.23,5.05,9.14,3.98,0.82,14.92,6.79,17.24,7.86,11.7,23.47,17.4,11.09,10.44,Fruity
4.42,7.88,16.54,10.29,9.9,1.77,7.76,14.14,5.33,9.99,9.52,8.31,11.02,4.55,7.36,15.14,Chemical
11.08,5.1,16.27,12.69,7.76,6.32,6.87,15.8,4.78,4.48,6.01,10.26,7.4,12.12,13.05,15.1,Chemical
15.28,5.14,20.71,6.07,10.72,9.27,5.68,8.16,8.81,8.71,14.63,9.0,8.46,6.52,8.85,2.98,Sweet
9.99,9.57,9.35,16.97,12.08,8.85,2.99,10.83,6.4,11.5,10.22,0.26,15.5,9.24,2.29,15.74,Gasoline-like
16.94,10.29,6.95,15.32,11.46,8.75,2.07,1.09,4.61,5.59,3.84,6.6,5.15,9.93,1.9,5.58,Gasoline-like
10.15,7.2,9.44,19.87,1.9,0.96,6.13,9.53,4.69,17.48,8.42,2.08,17.29,17.43,9.34,5.29,Fruity
19.95,8.48,6.11,9.32,7.87,6.59,7.67,17.9,2.56,0.84,7.83,4.06,12.68,12.83,6.77,12.02,Chemical
21.98,9.21,10.85,10.27,5.49,4.62,1.98,14.7,3.63,9.9,4.69,6.92,6.27,7.58,9.77,17.17,Chemical
23.11,11.42,18.93,12.74,0.1,8.28,2.19,3.41,3.92,4.25,2.68,2.22,10.37,8.92,11.02,15.56,Alcoholic
8.55,5.04,0.1,12.51,7.61,7.89,1.48,2.75,6.55,16.72,5.05,0.23,21.57,24.5,0.1,7.39,Fruity
18.75,13.62,19.94,13.69,6.93,5.54,7.36,3.74,6.21,11.71,11.44,7.82,7.79,24.07,5.82,2.87,Alcoholic
8.46,6.6,16.21,9.65,4.46,13.0,4.46,1.12,3.48,12.35,11.26,5.64,18.24,18.47,5.97,7.71,Fruity
6.51,6.25,7.95,4.84,9.91,7.05,1.75,4.73,7.65,8.12,14.56,10.44,15.67,13.61,5.1,9.89,Sweet
0.1,2.46,14.28,9.0,8.03,1.75,4.68,1.31,4.72,11.11,15.78,10.65,4.06,7.26,9.71,6.11,Sweet
11.06,7.89,12.54,7.47,5.99,3.95,3.2,4.4,4.17,21.53,0.1,6.78,22.12,20.13,8.75,9.41,Fruity
16.6,4.07,22.21,12.08,13.43,10.75,2.86,4.17,4.18,11.8,11.44,9.23,4.52,16.79,8.07,10.22,Gasoline-like
5.96,12.53,1.4,6.55,8.13,4.36,4.25,8.54,3.44,15.59,7.93,5.7,23.81,17.14,9.42,7.63,Fruity
7.72,8.91,12.55,9.52,10.04,2.2,0.1,8.25,3.51,15.04,4.54,2.0,15.57,22.75,10.1,13.35,Fruity
20.63,5.91,17.07,15.73,7.45,4.19,4.03,16.01,6.79,6.82,7.9,3.3,9.72,9.38,10.13,10.06,Chemical
21.65,7.91,10.72,17.59,10.59,8.71,4.82,7.41,5.56,12.12,4.29,6.8,9.38,18.1,4.67,9.68,Gasoline-like
21.93,14.09,28.64,8.61,14.66,4.36,6.55,11.24,7.81,4.99,8.21,3.71,10.09,9.8,6.96,7.91,Alcoholic
19.49,14.8,20.5,5.1,8.62,5.16,0.1,7.48,5.93,2.83,12.31,7.64,7.95,2.55,9.21,6.71,Alcoholic
10.2,10.08,20.11,0.19,10.18,6.39,1.57,4.65,2.98,18.27,5.01,11.73,12.83,19.68,3.35,7.13,Fruity
23.49,11.14,19.1,5.26,9.55,6.13,3.4,2.58,2.85,11.52,10.1,7.67,7.55,6.22,8.69,1.67,Alcoholic
23.64,7.68,7.8,11.11,0.84,2.95,4.85,14.17,3.94,0.53,4.58,10.62,2.24,16.39,9.43,13.95,Chemical
19.97,11.21,18.42,16.08,3.8,4.17,4.27,9.55,5.87,18.47,11.55,7.39,4.97,5.82,6.23,1.58,Alcoholic
16.64,7.39,4.83,14.16,5.51,3.27,5.86,3.65,8.06,6.96,12.76,10.2,8.63,19.41,4.66,9.44,Sweet
4.22,6.82,14.92,13.76,12.08,7.23,0.98,7.62,6.75,4.17,12.38,5.86,8.26,5.64,3.56,11.32,Gasoline-like
16.14,10.92,15.35,5.96,10.02,4.53,4.65,8.84,3.67,8.94,8.17,11.29,11.94,17.02,2.45,7.68,Alcoholic
7.7,7.9,4.25,8.73,6.75,2.31,5.63,5.14,5.52,9.34,2.27,9.11,20.11,16.64,6.06,10.12,Fruity
24.41,14.48,23.01,12.71,6.24,1.99,0.48,19.4,5.93,9.49,12.74,2.51,14.04,13.55,7.96,7.83,Alcoholic
19.99,13.5,29.88,5.48,9.34,2.58,1.4,3.7,0.1,16.22,0.91,6.54,6.02,3.8,10.42,6.55,Alcoholic
16.83,14.12,23.58,6.83,7.44,10.05,6.8,12.76,6.42,9.77,4.08,4.65,3.33,11.26,10.15,0.1,Alcoholic
20.41,12.99,22.17,15.16,6.69,5.68,6.07,13.76,2.96,7.2,0.1,6.51,12.2,4.63,7.2,7.14,Alcoholic
0.1,9.82,14.38,10.0,10.82,1.38,5.02,15.63,1.58,2.09,4.56,7.12,6.18,13.05,8.94,10.52,Chemical
6.73,6.47,12.86,1.49,0.84,1.49,5.2,15.09,1.67,5.9,8.22,4.82,4.88,9.33,10.88,13.59,Chemical
26.63,12.09,19.39,11.49,8.07,4.54,0.1,5.69,3.48,11.16,9.09,6.56,12.55,1.61,10.61,10.42,Alcoholic
10.76,7.41,21.99,0.85,19.27,5.7,7.18,18.44,4.84,10.04,6.76,4.72,12.62,12.43,9.2,12.53,Chemical
17.62,4.76,16.82,16.1,10.59,7.24,5.35,7.67,7.16,5.99,12.19,15.01,13.85,19.96,5.5,7.05,Gasoline-like
23.02,14.58,20.0,1.06,8.49,4.39,6.23,10.78,0.1,5.76,2.32,3.78,6.99,16.84,7.53,3.33,Alcoholic
0.71,8.32,13.14,6.52,0.81,8.34,6.09,8.08,6.62,10.05,13.45,10.97,2.82,10.04,4.97,10.58,Sweet
0.92,8.61,0.1,10.5,11.45,2.58,5.53,0.1,7.04,1.61,16.85,10.2,8.42,11.79,4.34,7.71,Sweet
25.83,12.65,15.81,4.45,3.65,6.98,7.49,0.14,4.75,10.02,8.47,9.03,15.27,14.74,3.07,5.14,Alcoholic
7.31,1.72,7.69,5.55,7.82,5.56,1.28,16.55,7.97,0.1,14.57,11.39,4.44,7.27,11.9,10.39,Chemical
6.34,3.52,10.68,16.56,0.1,4.9,5.21,7.14,8.56,12.38,12.1,13.0,8.91,18.87,7.07,4.69,Sweet
10.37,7.67,12.99,14.95,2.59,2.87,1.47,11.95,1.06,9.96,9.78,11.99,17.06,22.55,4.54,8.69,Fruity
17.08,12.86,17.58,7.44,9.16,9.27,3.52,12.79,2.72,8.52,9.07,2.23,2.06,15.57,11.01,11.77,Alcoholic
19.64,12.53,2.8,3.62,10.87,6.08,3.52,10.89,3.68,4.81,2.87,3.63,7.16,4.45,8.62,15.95,Chemical
4.25,9.51,11.04,15.5,9.2,6.5,0.44,16.39,1.98,0.73,6.9,1.02,0.1,19.97,9.11,9.52,Chemical
22.85,6.02,13.18,18.39,10.43,12.24,5.55,12.16,5.29,11.05,4.87,11.9,8.37,16.61,4.74,10.27,Gasoline-like
4.26,8.27,5.93,5.83,5.32,3.82,7.54,11.92,5.45,1.09,12.76,7.4,10.71,14.17,9.64,13.74,Chemical
12.28,7.69,24.26,2.45,5.72,7.88,4.91,15.96,0.22,16.1,12.29,7.02,7.38,12.62,8.1,11.24,Chemical
18.8,9.88,10.08,10.02,6.44,5.38,7.61,10.29,8.11,6.59,9.22,7.66,15.69,5.52,6.93,5.6,Sweet
18.28,9.25,9.01,14.46,8.79,9.3,4.73,12.05,6.71,5.36,6.4,6.68,6.31,4.24,0.62,4.39,Gasoline-like
5.37,9.8,10.18,14.8,7.82,4.45,4.7,15.35,4.48,12.62,7.64,12.97,8.23,15.82,8.73,11.73,Chemical
16.41,10.6,23.59,21.2,9.95,7.03,2.84,19.78,5.7,9.3,9.77,5.45,0.74,16.15,12.4,14.87,Chemical
22.83,12.38,17.06,10.16,5.91,4.18,5.68,8.85,3.42,9.82,7.41,4.69,11.37,11.67,4.8,10.27,Alcoholic
19.01,9.07,14.34,14.83,10.09,2.5,3.18,10.29,0.1,4.62,8.03,3.46,3.3,12.53,8.86,14.72,Chemical
0.1,9.18,15.25,14.17,3.07,9.95,3.73,11.88,8.77,17.3,6.8,5.41,15.66,19.62,4.8,8.89,Fruity
13.35,5.89,18.44,2.55,9.22,5.58,5.47,6.7,7.64,14.73,1.72,11.46,16.74,20.47,10.04,5.31,Fruity
24.38,13.78,21.13,15.85,8.26,7.0,4.84,0.34,4.91,11.42,2.94,1.4,14.39,4.73,7.53,12.1,Alcoholic
24.53,9.88,18.88,8.57,2.21,2.16,8.53,7.5,7.25,15.8,2.96,4.71,6.06,7.42,7.05,8.31,Alcoholic
4.36,5.01,14.44,7.32,0.55,3.19,6.17,14.54,5.37,6.45,3.47,2.9,10.12,4.43,11.96,13.54,Chemical
22.46,10.2,11.94,18.3,12.5,8.67,5.7,4.49,3.04,3.55,3.82,4.93,11.5,13.31,5.54,4.38,Gasoline-like
22.16,5.72,19.08,14.57,8.59,11.45,7.72,11.56,3.93,1.97,10.36,1.09,15.35,10.95,5.54,1.93,Gasoline-like
26.51,12.78,24.37,8.43,2.31,7.57,3.46,0.87,0.61,13.05,8.94,6.99,10.36,10.93,4.13,3.97,Alcoholic
7.96,8.08,24.99,13.79,9.93,5.41,1.99,10.4,5.75,13.24,4.14,4.1,21.77,12.69,9.96,2.43,Fruity
14.16,0.1,10.46,4.89,14.18,5.19,2.45,3.62,5.76,15.01,13.56,12.13,5.53,17.02,3.68,6.42,Sweet
10.14,11.5,1.78,5.65,6.11,4.72,7.28,7.67,8.21,15.44,7.71,9.49,15.24,12.78,7.69,6.08,Fruity
15.01,15.03,16.36,2.11,8.26,6.63,5.38,1.97,5.76,0.1,3.44,4.39,5.63,14.88,1.15,11.46,Alcoholic
8.94,8.38,7.26,11.43,7.97,5.81,1.98,17.85,2.66,11.32,3.43,1.7,10.71,4.88,6.84,11.89,Chemical
9.94,10.34,19.24,15.75,2.33,6.84,0.65,13.05,3.01,11.58,10.25,7.43,13.42,15.89,10.72,12.24,Chemical
18.39,10.85,19.95,6.79,5.44,6.31,4.04,0.73,4.21,8.91,10.9,6.98,8.9,11.68,2.07,13.84,Alcoholic
17.71,10.0,22.41,11.51,8.35,1.48,7.74,0.1,2.95,8.81,1.43,10.82,17.42,16.55,4.13,8.8,Alcoholic
20.03,0.1,11.9,17.0,12.39,7.36,0.1,18.85,3.65,18.67,11.52,5.03,12.44,18.83,7.53,7.54,Gasoline-like
15.32,10.36,20.55,6.1,3.34,5.93,2.75,7.8,0.1,6.66,6.43,10.28,19.37,11.41,10.46,7.91,Alcoholic
8.03,9.73,2.18,12.09,11.53,6.87,4.18,0.68,10.95,5.06,9.57,9.84,9.13,6.59,2.73,3.83,Sweet
12.77,5.06,2.36,7.87,8.61,10.86,3.31,15.86,5.01,8.92,11.32,4.92,2.87,11.67,6.32,13.48,Chemical
29.84,15.05,23.29,19.5,4.16,4.09,2.4,2.4,5.51,8.03,6.12,4.66,7.92,17.58,5.99,12.39,Alcoholic
17.53,12.16,13.35,0.95,8.41,7.46,5.56,5.74,5.57,25.06,5.83,0.86,15.36,21.83,2.41,6.43,Fruity
15.65,11.11,18.64,7.13,5.01,6.46,3.95,11.26,1.36,3.71,5.32,4.64,2.39,14.14,8.67,5.94,Alcoholic
24.57,10.47,28.46,18.66,9.81,7.19,4.3,0.23,3.61,10.94,6.51,6.4,0.1,7.38,9.2,12.09,Alcoholic
28.91,10.04,24.22,14.05,2.23,8.61,6.65,17.44,5.66,6.31,3.7,0.1,5.87,11.7,5.02,0.67,Alcoholic
11.39,11.92,15.95,5.2,0.1,6.5,5.07,6.05,0.1,13.79,4.78,6.64,17.63,25.15,1.54,9.01,Fruity
14.87,2.71,11.51,16.66,8.2,5.05,4.4,12.13,6.31,19.14,12.91,11.99,7.72,13.41,5.37,4.32,Sweet
4.79,14.52,6.49,11.48,9.32,1.15,8.28,12.46,8.52,13.94,5.78,7.42,17.85,14.8,4.62,3.89,Fruity
15.32,2.12,6.41,13.29,8.8,8.15,3.39,18.1,0.1,12.8,11.96,5.3,16.19,12.2,9.94,12.97,Chemical
13.18,8.03,5.18,14.21,7.21,2.61,3.23,9.45,8.56,3.97,14.21,12.16,12.92,17.6,5.81,6.29,Sweet
11.76,10.66,0.57,9.01,2.3,4.41,4.99,11.94,3.48,16.24,2.08,6.22,15.08,17.49,5.93,2.7,Fruity
13.14,6.89,13.52,15.79,8.16,3.58,4.76,5.73,6.95,13.5,9.57,9.92,11.37,12.05,2.16,5.79,Sweet
10.88,6.9,17.66,8.84,5.87,7.29,2.92,2.03,7.22,18.74,14.68,5.93,16.35,22.54,9.0,11.75,Fruity
5.06,6.43,6.93,8.22,3.95,2.18,0.23,15.02,1.7,16.08,5.95,6.34,10.25,9.51,8.54,10.83,Chemical
12.51,5.39,12.14,17.33,12.13,11.04,3.61,7.26,9.68,0.1,9.23,8.95,11.38,17.86,8.65,3.77,Gasoline-like
14.11,3.36,12.93,9.31,4.24,9.27,8.24,10.55,0.72,12.46,5.8,5.85,16.07,23.17,8.69,10.81,Fruity
23.26,10.51,19.36,13.43,0.1,0.64,3.59,10.16,6.12,9.61,12.05,7.52,0.34,13.1,5.06,9.14,Alcoholic
25.28,7.42,15.18,8.72,9.54,3.99,5.3,8.13,2.8,14.89,9.19,6.35,18.96,20.21,5.73,2.92,Fruity
14.53,3.41,18.97,2.62,2.61,2.6,0.74,10.7,7.28,10.45,15.53,11.08,12.87,19.6,7.01,0.1,Sweet
16.65,6.12,27.9,14.65,13.29,6.36,2.72,8.39,9.57,12.22,9.02,11.36,4.11,5.37,5.89,13.87,Sweet
13.39,7.7,0.1,13.25,10.42,8.79,6.07,5.92,0.83,0.1,3.09,3.2,8.94,5.51,0.6,7.46,Gasoline-like
0.1,2.59,11.78,14.53,7.84,4.01,5.78,4.78,5.92,12.99,8.05,3.27,20.16,17.95,4.21,7.65,Fruity
26.25,12.96,19.59,11.19,6.57,4.28,3.9,3.33,2.47,16.27,12.62,3.0,0.61,8.85,6.72,3.94,Alcoholic
29.06,13.28,17.61,10.33,6.15,4.68,4.02,13.32,9.06,8.01,9.02,5.74,0.89,9.48,10.6,10.35,Alcoholic
0.1,0.1,20.03,8.46,8.75,6.14,8.51,6.68,7.07,16.75,11.61,11.75,9.58,1.92,6.79,13.95,Sweet
8.99,7.23,19.97,7.29,11.63,7.38,8.01,0.1,4.61,19.32,3.51,9.85,21.42,18.13,2.97,2.15,Fruity
17.74,4.18,7.84,14.65,10.32,9.1,6.93,18.03,8.01,4.81,9.84,0.1,6.61,11.1,11.76,9.99,Gasoline-like
12.51,0.14,13.95,8.99,2.73,0.1,5.42,6.72,7.86,11.13,12.83,9.87,9.92,14.14,1.31,9.63,Sweet
2.38,5.08,0.1,11.13,6.47,6.42,6.17,9.4,6.08,7.03,13.23,10.08,0.1,3.07,2.95,9.59,Sweet
14.66,2.3,13.13,4.34,5.88,4.59,4.6,12.32,0.12,9.82,0.27,5.05,17.72,9.34,10.72,15.03,Chemical
21.67,5.92,12.35,12.86,0.1,10.18,3.82,6.19,9.35,7.15,11.12,12.74,0.79,15.35,10.24,6.04,Sweet
18.23,13.31,13.66,9.42,4.42,9.02,5.21,14.68,7.49,4.86,9.67,7.13,6.18,3.44,8.93,12.63,Chemical
14.33,10.61,8.34,0.1,3.65,3.94,5.69,16.63,5.62,5.35,5.37,6.12,10.07,17.66,8.92,15.92,Chemical
16.18,10.96,10.91,12.03,0.36,4.24,9.25,11.95,3.4,0.89,9.61,6.34,14.68,10.91,12.55,12.29,Chemical
19.09,6.39,9.51,18.89,11.7,5.48,4.97,3.95,2.56,4.47,6.64,4.23,5.92,9.74,5.72,7.97,Gasoline-like
14.68,7.65,13.92,6.48,7.84,3.23,4.28,6.65,4.47,19.93,5.07,8.48,19.09,18.36,7.32,9.1,Fruity
24.33,8.38,24.93,7.19,8.81,5.48,4.91,5.79,5.43,13.65,9.96,5.19,17.91,25.38,6.62,8.56,Fruity
7.57,4.67,7.82,16.6,1.11,1.34,0.34,16.65,5.04,0.1,8.8,3.75,9.86,17.32,14.43,10.83,Chemical
27.1,12.91,19.08,11.49,11.78,2.85,8.94,11.38,3.97,11.0,3.52,10.1,9.67,5.39,4.04,11.1,Alcoholic
18.52,12.66,22.42,9.08,9.36,6.96,4.61,6.17,3.53,3.0,11.1,4.62,11.6,7.96,3.82,9.79,Alcoholic
1.09,7.29,7.31,9.87,6.9,6.7,3.87,12.25,0.27,16.99,10.64,5.09,14.08,23.16,4.06,6.85,Fruity
22.17,2.44,23.69,18.7,0.1,9.95,5.01,11.61,5.97,5.41,10.12,9.48,16.95,18.4,8.93,3.87,Sweet
12.88,8.09,16.68,17.45,10.54,7.64,6.22,6.07,7.88,11.56,5.88,4.52,10.14,14.38,3.95,9.18,Gasoline-like
18.37,9.09,23.82,9.93,3.78,8.05,1.35,8.35,6.63,10.09,12.4,9.16,16.24,7.74,7.6,4.82,Sweet
17.04,9.82,9.15,12.71,14.96,12.34,0.93,11.88,2.44,11.06,13.83,9.14,1.84,5.23,10.01,10.11,Chemical
9.59,15.86,23.42,4.81,7.31,1.89,3.23,9.31,6.1,13.36,14.68,12.6,9.06,3.7,7.04,4.66,Sweet
20.95,14.16,15.7,0.1,8.73,4.08,5.48,10.12,2.81,9.32,4.05,1.55,2.53,0.1,7.8,5.66,Alcoholic
9.59,3.96,17.26,5.4,1.2,8.57,6.13,7.68,6.94,8.16,14.3,8.23,10.07,2.88,0.86,2.63,Sweet
27.16,10.65,16.54,5.94,5.91,4.88,7.23,9.1,0.1,9.09,2.45,6.25,18.45,17.77,2.77,7.91,Alcoholic
12.79,3.54,13.91,4.74,6.19,7.14,3.37,6.72,7.16,7.7,12.15,12.38,12.19,14.69,6.36,11.31,Sweet
17.38,6.14,13.34,0.1,6.85,0.73,4.89,4.66,7.47,8.76,14.65,9.29,2.97,10.25,9.64,7.02,Sweet
11.75,8.07,21.11,4.56,10.79,8.9,2.25,9.01,6.83,11.83,13.55,11.33,3.83,20.36,2.76,11.05,Sweet
13.25,9.22,17.29,18.01,2.16,2.53,2.41,13.66,2.54,11.98,5.58,5.23,7.78,11.04,9.97,13.01,Chemical
7.02,0.39,12.92,4.2,7.56,5.6,2.76,13.95,8.55,1.46,4.11,1.51,19.53,5.06,10.5,12.47,Chemical
16.39,2.1,11.25,18.74,13.43,5.65,5.99,10.14,4.51,13.27,12.42,7.18,12.77,8.21,2.61,4.62,Gasoline-like
8.77,2.9,6.79,6.22,9.83,3.52,1.19,16.55,8.3,12.49,10.32,10.49,8.19,16.61,1.65,2.33,Sweet
12.19,5.54,7.37,16.85,9.49,4.19,7.01,8.26,8.61,8.09,7.11,11.17,6.56,9.25,3.32,8.26,Sweet
18.16,12.24,20.09,11.27,6.18,7.11,5.87,6.44,7.18,1.44,9.79,10.21,17.71,12.31,5.39,6.12,Alcoholic
19.19,6.55,13.09,4.35,1.73,4.12,1.9,9.75,6.28,11.25,13.82,9.34,10.48,3.79,6.32,6.03,Sweet
26.69,11.56,24.42,10.64,14.61,4.26,2.14,8.05,4.06,11.55,6.96,14.54,10.87,12.62,2.7,6.13,Alcoholic
16.35,13.58,5.66,14.13,9.11,9.42,3.92,14.58,9.11,13.56,4.64,8.55,4.75,9.02,12.15,13.2,Chemical
2.05,3.67,12.18,17.54,8.0,8.95,7.36,13.69,1.93,15.24,2.09,4.08,19.08,20.17,10.25,4.92,Fruity
13.82,8.14,6.88,3.75,11.78,4.92,2.4,14.57,6.37,15.28,4.1,10.89,7.81,4.02,9.26,16.77,Chemical
15.67,5.8,4.56,8.5,4.7,2.13,6.34,19.52,2.63,8.43,7.39,11.39,7.93,13.11,8.79,10.01,Chemical
12.37,6.13,6.76,9.02,1.75,5.18,5.45,8.03,6.47,16.6,6.13,9.54,9.19,13.29,3.47,6.48,Sweet
18.79,7.9,8.45,8.77,2.37,4.18,2.74,0.1,2.57,15.45,7.12,3.85,15.9,20.63,6.6,9.71,Fruity
10.66,6.5,0.1,11.25,6.79,3.2,3.29,7.06,9.03,7.54,11.53,11.8,8.94,8.12,6.26,5.19,Sweet
23.04,9.58,0.24,3.36,3.2,1.77,2.74,15.8,3.3,0.1,9.4,6.07,9.02,18.49,10.79,13.48,Chemical
23.46,8.62,22.34,9.08,5.35,3.12,0.1,4.04,3.77,9.11,4.9,6.57,0.1,4.04,8.21,4.7,Alcoholic
23.13,6.97,20.38,13.83,10.92,9.85,6.89,5.33,5.72,9.83,8.12,6.88,10.37,13.66,4.89,11.47,Gasoline-like
23.57,12.36,23.05,6.67,0.95,7.34,1.34,12.5,2.8,3.87,7.24,9.28,12.18,8.56,9.39,2.4,Alcoholic
21.24,4.04,14.98,12.59,11.49,9.47,8.35,7.17,6.39,8.54,9.36,8.39,0.1,14.42,6.16,0.73,Gasoline-like
18.71,9.04,9.07,15.85,10.06,11.09,3.94,7.36,4.6,3.14,12.19,9.29,11.22,11.56,8.44,9.87,Gasoline-like
26.83,9.24,15.77,5.07,6.9,4.83,3.5,8.66,7.04,5.8,10.34,12.08,15.05,15.77,9.02,11.9,Sweet
24.13,11.43,15.98,5.26,8.58,6.45,2.1,5.46,6.01,12.57,1.26,2.15,8.54,3.41,3.9,17.93,Alcoholic
11.72,8.99,6.66,13.05,11.71,11.86,0.1,0.74,5.02,5.17,7.76,3.98,15.96,12.92,6.52,0.1,Gasoline-like
20.0,12.14,23.56,3.66,8.58,3.34,2.88,14.88,5.94,8.19,1.44,1.65,15.67,10.05,2.99,9.31,Alcoholic
18.2,12.8,24.29,0.57,13.02,9.05,3.57,6.64,4.88,7.12,9.95,11.69,9.21,16.1,0.85,4.32,Alcoholic
2.22,8.16,9.95,12.14,6.07,6.36,4.96,11.31,7.54,9.69,11.21,6.44,7.92,4.56,10.86,17.17,Chemical
10.18,8.66,1.1,14.29,8.65,5.74,0.1,11.17,0.88,14.71,10.27,7.57,14.58,19.74,2.6,13.22,Fruity
5.55,1.61,12.55,3.64,4.7,2.74,6.47,15.02,4.31,8.63,7.85,6.96,13.67,26.01,8.37,13.67,Chemical
6.49,6.37,18.35,16.8,8.61,13.57,9.05,9.03,5.09,10.26,10.64,0.66,12.86,16.13,5.68,7.26,Gasoline-like
17.78,9.77,5.04,12.66,5.08,0.19,0.1,14.53,7.71,7.22,10.46,9.84,21.25,25.86,1.73,6.03,Sweet
8.25,6.11,8.74,4.58,7.22,8.19,2.85,3.63,7.64,13.52,8.26,6.0,17.66,23.42,8.01,2.7,Fruity
21.56,13.12,14.01,3.37,9.76,3.81,8.58,4.58,3.36,9.33,13.91,5.92,13.06,17.27,4.24,9.22,Alcoholic
24.8,11.43,20.37,5.88,8.96,5.52,5.48,3.24,6.85,10.66,3.59,0.1,12.74,4.09,5.48,6.24,Alcoholic
25.79,12.95,23.0,15.57,3.51,5.89,6.14,16.93,1.05,8.48,5.21,4.37,8.95,13.55,7.4,4.57,Alcoholic
12.83,4.95,8.59,0.1,5.64,6.23,7.69,13.02,5.6,5.97,7.77,13.76,14.61,9.62,9.94,16.84,Chemical
13.33,6.89,14.41,10.22,11.35,2.73,8.56,7.67,7.49,13.5,17.84,7.32,15.32,15.63,3.1,7.12,Sweet
23.77,10.25,15.2,10.34,9.62,4.64,7.38,7.08,8.62,8.52,16.68,10.06,7.06,13.99,9.35,6.58,Sweet
15.95,1.6,4.59,14.76,12.79,4.73,7.76,17.54,4.36,6.43,7.56,9.64,14.31,5.0,13.59,19.17,Chemical
18.5,6.11,15.22,10.29,3.71,4.66,6.01,5.71,8.12,0.21,12.67,7.04,5.45,3.34,1.77,2.92,Sweet
24.57,5.24,8.9,13.29,9.39,9.78,0.1,5.68,6.45,4.3,2.02,7.15,2.16,6.99,4.63,6.86,Gasoline-like
22.27,15.96,23.22,15.54,2.17,8.82,4.98,0.43,4.51,4.6,0.21,5.08,13.84,13.94,6.43,4.62,Alcoholic
25.29,11.92,17.66,7.23,1.78,2.57,6.29,2.89,0.1,0.1,9.93,7.08,8.96,18.12,5.63,10.02,Alcoholic
5.86,7.79,9.93,12.42,9.91,2.93,5.89,7.18,9.85,10.67,11.67,12.94,8.44,16.44,5.74,3.95,Sweet
22.45,12.92,25.52,10.36,5.75,3.32,7.35,0.1,2.42,9.48,10.99,4.14,7.44,3.85,4.66,1.65,Alcoholic
14.79,8.49,11.52,0.1,6.82,9.59,4.39,11.39,4.13,16.91,0.4,6.61,16.96,24.05,6.85,3.09,Fruity
8.91,5.08,11.07,17.55,14.11,9.61,6.05,6.61,5.15,6.22,2.69,6.53,9.09,11.67,4.13,19.24,Gasoline-like
25.99,4.59,23.69,4.94,3.99,1.45,7.3,11.58,6.09,1.54,14.41,6.21,13.1,0.1,7.5,11.78,Chemical
18.42,6.24,8.57,3.64,9.88,7.98,7.21,13.42,8.11,5.16,17.1,12.21,13.76,17.74,2.11,7.24,Sweet
12.89,4.81,7.13,9.03,10.8,5.36,0.1,14.77,5.66,14.81,7.87,2.19,15.7,24.78,3.59,0.1,Fruity
7.31,3.6,23.51,6.86,8.58,1.27,3.06,18.86,8.99,8.51,1.59,6.06,12.81,7.25,6.42,17.88,Chemical
23.85,11.85,20.73,3.22,7.4,8.0,3.66,4.38,3.42,10.4,12.43,3.71,8.93,1.85,8.02,6.73,Alcoholic
21.1,5.31,17.62,17.4,12.18,7.83,3.92,1.73,5.63,8.24,7.92,6.08,14.36,22.81,7.73,12.71,Gasoline-like
4.45,0.1,6.88,19.02,3.05,10.15,4.3,0.1,7.19,2.65,11.13,11.68,5.2,18.94,2.88,3.65,Sweet
18.02,3.38,10.1,12.04,9.8,6.86,5.65,13.79,8.53,10.02,12.44,6.08,0.78,13.81,10.7,14.0,Chemical
3.67,8.1,14.52,21.57,11.19,7.6,5.26,7.16,2.05,8.76,9.14,8.52,7.83,17.46,6.11,14.3,Gasoline-like
4.9,3.98,16.3,12.27,3.25,0.1,3.45,14.7,2.02,15.91,7.39,7.7,5.67,22.26,8.09,12.42,Chemical
27.9,10.03,5.76,8.17,4.78,3.35,8.02,10.67,3.71,20.9,8.63,9.56,15.29,20.95,5.16,0.1,Fruity
10.65,2.13,10.71,16.2,7.73,4.86,5.29,5.23,5.34,17.14,13.25,4.34,19.48,15.29,7.14,12.59,Fruity
16.06,4.73,18.2,5.95,15.45,1.79,5.44,13.45,4.46,22.82,3.87,9.8,6.25,13.38,9.14,14.17,Chemical
19.14,6.26,14.78,8.17,3.51,4.12,10.95,7.58,3.97,13.53,3.78,13.67,15.9,22.78,5.71,6.76,Fruity
23.88,15.32,21.07,0.1,7.14,2.73,0.89,12.24,5.66,12.99,4.23,7.01,5.43,19.02,5.25,5.07,Alcoholic
8.29,4.35,14.06,11.19,11.84,3.79,0.61,16.44,2.31,20.72,8.63,3.16,16.9,12.29,11.18,13.29,Chemical
4.49,9.98,15.07,17.41,10.69,9.49,3.92,5.55,4.15,3.56,7.58,10.18,16.18,9.72,8.27,3.37,Gasoline-like
22.44,6.06,5.79,15.5,11.06,7.17,1.09,11.22,8.38,4.23,4.45,9.67,11.07,17.81,8.39,5.34,Gasoline-like
27.55,12.65,26.75,16.06,5.33,6.93,8.9,6.17,8.76,5.82,13.62,4.68,8.85,8.27,5.29,4.84,Alcoholic
10.98,5.79,12.62,16.55,7.48,10.67,4.78,15.88,3.55,9.17,0.1,0.1,10.3,10.1,9.54,13.32,Gasoline-like
1.61,9.16,12.29,7.49,8.11,6.27,2.96,8.55,7.49,7.43,9.18,9.8,22.74,13.33,3.99,13.64,Sweet
18.9,5.04,10.91,18.95,3.32,0.74,4.54,4.39,1.23,17.7,9.29,5.66,13.33,22.67,6.07,8.69,Fruity
16.81,4.07,8.3,5.93,0.1,4.27,3.51,18.13,4.85,6.29,2.68,10.51,15.49,12.6,10.27,9.86,Chemical
11.58,1.12,9.46,8.35,11.66,4.42,6.31,11.08,3.17,17.82,7.76,0.94,21.38,14.92,6.79,3.56,Fruity
25.34,11.06,23.36,12.5,9.41,4.02,6.39,5.91,3.92,2.71,0.1,6.78,18.3,12.29,7.33,6.39,Alcoholic
17.09,5.66,14.27,14.18,7.99,3.93,4.1,7.75,4.59,16.51,10.88,7.16,17.12,20.2,5.33,2.47,Fruity
3.96,5.04,4.25,12.33,2.77,6.85,3.16,12.93,5.89,3.09,11.49,8.67,5.65,6.12,12.23,14.74,Chemical
0.1,4.31,19.19,6.23,10.16,6.78,0.1,5.78,0.1,15.46,8.44,0.1,22.71,20.69,4.44,14.36,Fruity
16.47,5.4,20.68,9.9,5.07,6.91,5.15,11.36,5.7,11.47,4.2,6.92,0.1,14.81,11.64,10.46,Chemical
27.47,14.71,16.68,13.54,4.94,4.64,1.36,2.37,6.74,10.19,7.75,7.09,15.69,9.26,4.78,10.65,Alcoholic
26.73,3.25,7.89,2.55,6.16,6.12,1.46,17.8,2.42,4.51,9.27,2.87,4.99,17.06,9.85,16.36,Chemical
21.19,7.15,14.65,17.89,1.78,6.63,4.54,12.0,2.43,21.43,1.06,8.96,20.63,26.14,2.45,2.67,Fruity
18.2,4.51,6.6,15.64,3.25,7.93,4.27,8.6,4.58,13.61,7.37,11.37,18.45,20.07,4.07,10.92,Fruity
18.01,11.12,21.99,10.72,4.68,6.71,5.08,12.24,4.0,0.17,5.91,4.4,11.01,9.46,9.47,9.76,Chemical
11.6,9.29,10.16,15.15,1.91,4.45,0.69,12.29,7.32,5.89,1.57,6.39,6.32,13.81,11.19,11.77,Chemical
22.12,14.39,13.66,10.21,1.31,4.34,3.04,15.34,4.87,4.55,4.07,5.81,4.71,8.28,7.86,2.82,Alcoholic
27.81,11.73,21.49,6.76,9.96,4.77,5.43,15.69,0.1,11.99,11.58,0.1,11.55,18.71,5.83,3.41,Alcoholic
8.57,2.18,22.52,5.1,7.42,5.26,7.88,10.29,6.87,7.25,13.5,12.8,4.55,20.42,8.91,5.61,Sweet
10.05,10.65,17.94,12.02,7.24,3.18,7.45,12.13,4.71,18.71,5.0,4.82,14.85,16.41,5.99,13.52,Fruity
23.59,12.68,27.59,7.33,8.65,7.82,6.2,13.66,6.38,3.96,6.81,7.09,12.52,17.49,9.39,1.56,Alcoholic
11.81,8.75,14.91,10.28,5.3,10.1,1.64,5.09,7.3,3.44,7.9,13.24,11.09,11.07,4.77,7.22,Sweet
16.62,3.63,3.79,12.16,9.24,7.04,4.75,6.18,0.13,10.56,8.94,11.79,9.54,20.19,8.73,1.96,Gasoline-like
15.29,2.56,3.47,17.76,11.04,9.16,3.83,4.13,4.23,4.29,4.05,7.89,13.65,17.15,5.82,6.76,Gasoline-like
13.76,15.5,13.09,2.28,7.18,7.78,0.1,6.27,5.04,10.95,6.1,6.43,4.51,11.08,3.95,2.6,Alcoholic
8.14,8.27,21.55,3.78,7.06,0.88,2.86,5.55,6.28,6.69,12.54,13.55,13.57,4.53,7.97,5.97,Sweet
9.93,13.3,12.95,12.12,7.79,1.08,8.08,9.37,5.04,13.32,13.21,0.6,18.79,27.12,1.66,7.0,Fruity
20.57,4.67,0.46,3.96,7.75,6.73,3.03,7.78,2.62,19.69,5.16,7.96,18.08,21.26,8.25,10.67,Fruity
15.88,3.33,4.17,0.79,6.34,8.34,7.49,15.77,3.08,20.5,5.56,4.44,9.07,20.08,11.33,11.17,Chemical
0.1,4.2,17.32,8.92,7.19,0.1,5.36,6.23,5.89,15.27,9.63,12.99,11.23,8.45,9.29,10.52,Sweet
18.44,6.24,13.29,7.27,3.16,2.03,6.56,13.45,3.24,16.44,7.47,11.27,16.49,20.5,9.8,3.0,Fruity
18.39,2.94,9.2,6.95,4.5,4.77,8.15,18.34,0.37,10.58,7.63,2.87,17.21,22.25,8.34,9.78,Fruity
10.74,0.1,18.29,4.98,5.64,6.62,5.36,17.13,3.97,2.7,4.39,7.55,10.18,8.91,12.37,16.24,Chemical
21.61,10.19,22.94,4.33,6.99,8.51,6.93,9.99,3.73,6.82,7.0,7.3,9.55,12.48,7.85,2.79,Alcoholic
15.89,5.76,4.94,6.28,10.13,5.56,2.41,7.52,8.17,11.01,12.81,9.15,6.71,5.03,7.5,11.04,Sweet
15.66,7.59,23.54,8.32,9.65,6.18,0.63,1.96,10.48,7.67,12.72,10.64,11.21,11.19,7.05,2.88,Sweet
13.66,11.17,13.59,7.95,1.07,5.1,5.79,4.7,3.7,21.94,14.62,6.06,20.41,12.19,4.6,7.35,Fruity
12.4,3.16,24.8,14.5,8.51,8.18,2.07,2.57,6.59,4.34,15.31,10.91,11.6,12.78,8.63,8.72,Sweet
20.09,5.84,29.93,4.48,6.07,10.23,0.88,14.45,4.02,1.19,11.21,7.4,15.57,10.38,5.93,4.59,Alcoholic
15.58,3.99,8.37,9.08,5.65,7.56,5.82,16.56,2.06,10.41,4.64,10.18,13.67,3.31,11.35,15.89,Chemical
15.81,12.64,21.34,0.58,8.46,2.49,2.67,7.87,8.23,6.3,12.92,8.93,12.17,6.22,3.25,5.83,Sweet
11.45,1.82,8.85,10.71,9.0,0.1,5.9,4.42,0.58,18.33,8.38,10.86,18.35,19.71,3.91,10.8,Fruity
5.09,8.84,3.69,15.2,12.76,8.4,5.04,8.85,4.34,5.91,11.89,8.7,15.71,13.41,5.6,6.45,Gasoline-like
10.81,0.1,14.78,18.11,12.74,12.72,3.78,12.47,5.3,8.67,3.57,1.8,0.1,8.01,6.08,4.78,Gasoline-like
6.27,2.79,17.93,16.05,7.73,7.78,5.79,14.26,3.51,1.91,3.36,1.84,12.67,14.85,10.43,11.43,Chemical
13.21,6.25,12.18,14.14,6.86,0.23,8.9,3.72,4.89,5.13,13.96,12.34,2.14,3.42,7.54,10.92,Sweet
3.39,4.63,9.11,4.83,10.82,8.63,2.44,8.62,2.01,14.46,3.44,4.78,17.22,16.91,7.45,8.87,Fruity
24.15,14.15,25.64,6.12,6.54,6.73,5.58,3.14,3.27,9.57,5.64,2.11,11.24,20.8,0.1,8.01,Alcoholic
8.69,0.1,14.69,7.82,12.44,8.11,4.86,9.16,6.33,13.26,16.21,9.6,8.64,18.83,6.95,0.3,Sweet
14.29,9.03,11.58,16.55,5.09,9.11,4.4,6.51,5.62,2.25,8.7,6.09,5.91,6.26,1.08,8.93,Gasoline-like
17.68,9.14,3.56,15.66,11.89,11.61,2.93,6.77,5.09,12.33,4.42,5.01,7.5,13.22,2.7,14.36,Gasoline-like
18.63,9.37,20.87,10.99,11.2,6.35,6.24,10.24,2.96,15.91,4.22,0.1,14.48,12.11,3.03,11.91,Gasoline-like
10.74,6.55,6.0,0.97,11.44,5.84,8.71,13.75,4.62,5.75,4.39,1.07,9.15,9.02,12.63,10.18,Chemical
12.57,12.6,13.83,3.03,9.66,2.95,0.85,2.84,8.89,16.82,5.81,6.58,17.93,20.67,7.51,9.47,Fruity
25.09,12.79,25.96,8.26,6.3,4.14,7.85,2.02,4.65,12.58,3.71,9.22,17.82,8.11,5.19,4.78,Alcoholic
28.52,9.78,14.22,15.93,8.31,5.67,6.93,16.89,3.47,7.47,4.12,10.7,14.03,19.77,8.86,13.9,Chemical
8.02,0.1,8.48,4.33,4.21,6.56,7.52,18.71,2.16,6.3,3.31,12.1,11.67,22.73,11.16,13.31,Chemical
20.45,15.79,16.94,13.35,6.32,3.88,4.72,1.78,8.73,18.62,5.6,14.39,5.5,10.56,10.57,4.16,Alcoholic
19.81,2.78,15.47,15.66,9.89,0.97,4.28,12.21,8.55,11.73,14.83,8.82,19.49,19.74,5.96,10.51,Sweet
4.66,7.12,16.35,8.38,2.48,6.73,4.11,4.37,4.26,16.41,0.54,3.19,14.97,19.0,7.56,11.16,Fruity
15.06,1.83,11.89,11.04,9.44,2.89,5.92,14.69,5.99,13.37,7.5,7.56,15.18,18.74,13.76,17.34,Chemical
26.15,11.19,18.51,17.32,0.41,6.6,3.27,5.02,4.12,7.56,10.01,7.71,13.28,8.94,4.95,5.83,Alcoholic
16.58,12.12,23.21,10.72,3.39,6.7,5.86,11.3,5.8,10.0,12.41,3.39,16.41,3.33,8.11,6.72,Alcoholic
19.47,8.85,22.28,14.69,10.41,5.49,1.77,9.34,6.59,7.68,14.37,7.23,10.21,6.35,0.12,11.45,Alcoholic
21.7,11.47,21.69,6.65,9.37,4.98,4.58,14.56,2.56,1.45,9.53,5.1,12.02,9.82,5.06,12.12,Alcoholic
24.11,11.51,23.12,7.91,12.37,6.4,6.2,5.54,5.17,8.42,9.27,10.36,13.81,1.87,3.9,2.99,Alcoholic
0.1,9.09,18.71,6.48,8.47,2.09,4.3,19.26,4.12,9.25,9.32,10.81,4.8,20.08,9.23,15.23,Chemical
15.85,10.63,2.33,16.44,14.69,8.87,5.99,7.25,7.82,13.67,12.45,9.79,10.35,10.03,9.84,1.68,Gasoline-like
12.76,5.61,10.35,9.71,1.83,6.23,5.18,12.66,7.67,2.86,12.02,8.84,8.67,8.18,9.94,4.59,Sweet
9.19,7.91,15.74,7.01,3.74,6.51,5.81,3.41,5.8,16.31,5.45,5.22,13.94,17.94,4.33,8.35,Fruity
15.58,11.97,19.68,10.72,11.17,8.98,5.07,5.03,2.65,9.27,7.08,10.19,6.87,11.23,11.43,9.26,Alcoholic
15.96,0.19,14.02,12.36,9.23,2.88,7.78,12.03,1.97,7.73,6.72,1.64,19.86,3.27,10.17,14.03,Chemical
3.32,4.28,18.54,0.1,7.4,9.14,8.53,6.65,6.29,2.92,15.45,7.46,11.07,4.69,4.06,6.8,Sweet
11.32,8.73,17.17,17.38,15.68,10.72,5.13,14.13,4.86,0.1,8.07,2.89,8.81,5.52,5.91,4.29,Gasoline-like
12.78,10.91,13.15,10.56,9.43,11.3,5.53,9.58,3.38,14.36,5.25,5.69,14.81,21.93,1.44,13.88,Fruity
20.55,3.5,2.68,9.32,6.92,4.65,2.48,5.97,7.48,2.83,8.63,10.95,9.98,8.37,12.23,3.66,Sweet
18.19,6.05,10.09,20.04,8.67,4.39,4.92,1.87,6.01,17.34,9.25,8.24,15.86,16.53,6.58,2.66,Fruity
22.54,0.1,18.39,9.24,7.29,6.79,0.1,5.13,7.55,12.24,13.39,10.5,2.15,15.68,9.06,10.25,Sweet
3.68,8.33,8.52,9.84,9.63,1.57,3.8,1.09,3.99,16.65,3.07,5.99,17.02,21.59,4.92,13.99,Fruity
10.8,1.62,3.36,18.89,14.28,8.74,7.17,5.66,6.36,5.15,0.95,4.66,9.18,0.67,5.96,12.92,Gasoline-like
10.09,7.22,2.55,6.38,5.54,2.37,5.16,5.9,6.0,1.06,11.81,7.99,17.29,18.05,6.25,2.61,Sweet
3.18,7.38,10.65,8.35,1.08,6.66,3.26,5.58,7.93,11.32,14.54,9.74,6.35,17.08,7.29,12.22,Sweet
24.62,6.82,19.14,4.34,5.45,1.28,0.8,4.33,8.37,16.97,12.25,11.12,8.86,9.32,4.26,16.61,Sweet
22.43,11.26,22.1,14.16,7.31,2.81,4.78,0.1,5.84,5.43,10.59,4.43,11.86,16.83,4.23,7.16,Alcoholic
21.75,3.46,18.59,9.86,13.7,11.35,8.88,6.69,6.44,7.5,8.55,4.22,6.31,14.42,4.9,11.95,Gasoline-like
24.47,7.58,21.07,5.18,8.94,7.92,1.94,14.95,6.19,0.25,5.63,7.72,1.79,20.39,0.25,6.19,Alcoholic
18.75,13.22,22.06,10.04,10.62,2.54,4.16,5.86,3.96,12.64,4.74,3.0,3.18,12.6,3.44,10.06,Alcoholic
9.95,6.29,11.15,16.65,8.72,5.81,6.32,9.71,6.02,11.8,4.8,13.51,12.26,22.17,9.86,10.72,Gasoline-like
23.53,9.0,4.26,4.43,8.22,4.6,1.11,11.16,4.11,16.16,9.47,5.59,21.32,15.94,7.42,9.94,Fruity
5.01,3.19,11.19,15.21,9.95,7.68,8.53,0.1,3.73,13.13,6.58,5.87,9.55,15.45,3.93,2.32,Gasoline-like
9.72,1.24,23.07,5.68,8.55,4.34,1.83,11.55,10.65,7.37,14.24,9.11,13.33,19.8,9.43,0.1,Sweet
17.74,16.19,6.87,8.76,6.03,4.37,8.0,8.77,7.74,6.26,10.08,12.88,14.79,1.85,7.19,5.7,Sweet
14.35,2.55,16.1,14.97,13.43,9.25,0.1,8.83,2.44,1.58,7.39,6.47,3.4,12.37,4.08,8.59,Gasoline-like
18.42,11.3,21.31,4.26,7.37,4.85,6.44,6.23,7.85,15.3,8.14,8.05,9.56,13.78,3.85,1.16,Alcoholic
16.63,13.43,21.3,7.35,8.96,5.27,3.72,7.34,4.94,4.09,9.81,1.32,14.85,13.56,0.88,10.96,Alcoholic
14.74,1.01,12.73,0.1,9.6,4.71,4.67,9.97,5.86,8.24,10.86,5.76,1.96,0.1,9.02,15.47,Chemical
0.1,9.13,15.15,15.78,9.79,6.79,3.98,8.87,1.72,14.8,13.51,7.31,9.28,5.46,11.02,3.44,Gasoline-like
13.52,1.04,6.11,13.71,7.98,1.22,4.14,4.82,7.22,10.68,15.43,6.76,6.77,9.05,2.74,13.59,Sweet
19.27,8.83,8.97,11.06,2.88,2.07,4.18,4.65,7.86,14.89,12.87,11.83,2.75,10.3,5.79,8.8,Sweet
14.68,3.92,15.17,21.23,8.38,7.72,6.33,8.77,6.17,13.45,5.77,8.71,9.9,7.25,6.46,7.58,Gasoline-like
6.78,11.4,13.55,24.51,8.76,4.97,5.71,10.2,6.45,15.92,11.76,10.5,12.38,3.64,4.89,4.0,Sweet
4.02,14.57,8.5,16.7,12.75,9.46,5.16,6.96,4.71,10.34,12.59,4.1,8.9,12.94,0.1,6.4,Gasoline-like
12.68,12.29,14.45,1.67,0.86,3.57,4.33,8.0,4.77,11.46,2.03,4.94,12.83,11.42,4.16,6.51,Alcoholic
20.29,14.09,18.1,12.04,9.58,0.1,2.81,7.43,1.49,4.53,12.0,5.25,4.62,19.09,7.91,5.57,Alcoholic
13.94,10.36,10.21,7.56,6.89,1.99,5.95,10.02,9.24,15.62,6.06,0.27,11.8,14.36,5.04,7.66,Fruity
22.83,9.17,11.19,11.22,9.5,0.1,7.13,15.94,8.73,9.6,13.12,7.18,12.02,9.93,13.7,10.69,Chemical
13.48,6.57,0.1,8.62,9.61,7.87,3.8,6.48,0.1,14.99,8.49,5.52,23.35,18.85,7.12,4.12,Fruity
24.56,2.81,21.71,7.03,6.22,1.76,4.98,9.06,5.52,4.78,16.54,12.03,11.9,15.93,9.43,14.57,Sweet
18.34,9.5,7.24,20.17,12.72,7.93,5.21,7.25,3.08,11.88,7.87,4.99,12.06,19.86,4.61,14.41,Gasoline-like
11.62,6.11,14.63,15.34,4.75,5.91,4.85,19.92,4.33,3.88,5.1,2.57,1.63,16.97,4.79,11.91,Chemical
25.94,13.5,24.49,7.15,6.29,7.74,7.03,3.69,4.66,2.79,7.07,7.23,5.08,10.86,10.19,9.79,Alcoholic
14.89,6.15,17.54,2.73,5.44,5.08,4.31,15.86,4.37,14.56,1.78,9.15,6.93,12.88,10.6,15.9,Chemical
16.69,6.44,10.94,6.61,12.49,6.49,5.3,7.86,7.92,6.76,14.01,9.96,3.62,6.12,6.49,8.97,Sweet
9.12,15.68,19.89,13.19,3.31,6.98,5.52,5.96,9.34,14.92,13.29,8.81,2.67,0.12,10.28,0.53,Sweet
21.05,12.57,21.79,9.58,7.21,4.46,8.5,12.42,1.41,13.91,9.03,2.58,16.41,11.05,0.1,7.15,Alcoholic
18.36,4.09,0.1,21.61,15.1,7.99,5.97,5.51,5.39,5.08,10.8,3.99,9.59,17.74,1.42,10.17,Gasoline-like
9.43,3.02,20.79,18.69,7.73,5.75,6.48,11.38,7.17,15.63,15.16,12.36,19.48,12.52,4.96,6.1,Sweet
18.08,12.12,0.1,15.42,15.81,5.02,7.77,5.34,2.37,14.95,12.01,4.86,15.32,21.73,6.73,7.94,Fruity
15.45,14.27,6.01,16.15,17.15,8.82,0.15,6.16,8.76,11.21,5.15,8.52,6.52,17.42,2.67,10.84,Gasoline-like
20.58,5.5,3.72,15.06,11.58,7.02,5.05,13.77,5.5,14.48,17.43,0.1,7.55,6.08,8.52,6.71,Gasoline-like
11.89,9.38,3.57,14.27,10.92,5.11,2.59,12.4,6.63,2.09,9.61,0.81,7.43,1.03,10.51,16.17,Chemical
4.87,6.81,16.06,1.99,10.71,5.83,0.1,15.87,0.1,14.9,8.66,6.88,11.0,15.78,9.1,13.36,Chemical
0.1,5.97,7.86,16.37,15.23,8.57,2.32,5.61,4.32,15.83,2.08,1.8,10.78,4.89,5.86,6.64,Gasoline-like
23.44,9.72,18.66,0.1,6.99,2.25,1.13,4.79,4.37,0.11,12.02,0.34,5.27,13.71,4.64,9.82,Alcoholic
9.24,4.27,18.35,0.65,6.31,4.15,0.12,11.08,3.46,5.32,10.45,6.98,9.81,19.81,11.93,13.56,Chemical
23.48,7.9,0.87,3.06,3.04,4.0,1.54,8.48,7.01,0.72,10.7,9.51,1.77,5.56,5.12,12.18,Sweet
24.06,7.82,5.31,19.6,11.69,9.97,5.81,7.12,4.02,14.59,10.96,8.71,10.47,4.42,4.19,7.83,Gasoline-like
21.05,12.78,23.12,7.08,3.5,3.83,2.53,11.89,2.76,11.33,11.64,11.48,3.02,1.73,2.23,4.82,Alcoholic
24.89,14.55,27.61,6.86,3.43,7.64,1.03,3.69,5.47,10.0,4.37,0.34,11.6,14.46,7.35,6.22,Alcoholic
10.47,9.82,19.67,7.0,6.27,1.75,3.18,13.73,3.79,11.19,1.33,7.41,6.46,1.79,9.64,12.71,Chemical
17.55,6.42,12.05,16.76,10.48,2.26,5.36,12.56,8.29,6.28,13.08,9.69,11.67,6.31,4.33,16.65,Sweet
13.34,6.9,0.1,10.17,0.1,7.0,3.37,10.58,6.13,13.21,9.03,3.43,22.2,18.48,4.46,8.31,Fruity
19.36,14.43,21.04,12.29,6.17,6.18,0.1,9.75,9.05,6.04,5.28,5.99,18.09,8.44,3.42,8.3,Alcoholic
14.33,12.71,5.05,10.85,13.81,11.2,3.92,13.01,5.95,10.06,7.41,5.84,6.37,15.28,7.44,0.1,Gasoline-like
17.1,13.49,20.85,9.18,3.83,3.21,2.64,7.65,5.6,10.1,3.8,1.87,15.89,8.22,1.34,5.66,Alcoholic
11.13,7.38,11.83,11.84,0.1,10.24,1.24,11.38,3.9,4.53,7.35,5.76,7.82,14.81,10.0,15.64,Chemical
14.09,10.16,2.26,10.39,9.47,2.73,1.79,9.33,7.09,5.73,11.67,13.9,6.19,17.54,5.14,10.23,Sweet
19.58,8.97,7.49,12.67,9.99,8.83,2.51,2.52,3.81,12.46,11.43,3.9,7.38,9.58,3.88,4.49,Gasoline-like
21.89,8.96,16.44,9.15,9.23,1.19,5.81,5.5,3.73,12.69,4.45,9.39,20.2,19.7,4.82,4.92,Fruity
20.97,7.29,10.39,1.15,8.61,3.57,2.78,10.9,3.4,6.08,4.52,9.89,0.1,12.88,9.91,12.51,Chemical
11.73,15.04,19.61,9.73,0.1,2.82,2.6,12.7,1.35,5.79,5.68,5.17,1.5,12.21,9.22,9.16,Chemical
5.56,8.07,21.69,5.84,5.59,5.58,3.74,9.97,5.79,14.92,16.36,11.15,3.89,14.52,0.89,4.24,Sweet
20.88,0.1,11.32,14.68,11.84,9.74,4.53,8.04,4.7,6.51,9.81,2.6,0.1,17.04,3.43,12.04,Gasoline-like
11.46,9.72,10.59,10.45,11.35,9.16,9.69,7.95,1.87,17.9,10.86,6.97,22.6,19.76,7.87,5.5,Fruity
8.18,0.8,10.7,17.0,7.07,9.12,3.59,10.3,1.43,8.25,10.2,4.57,0.95,8.0,4.67,4.57,Gasoline-like
24.28,10.66,26.75,9.33,4.7,2.9,3.13,8.5,6.85,13.34,7.2,5.51,5.29,4.97,9.33,12.49,Alcoholic
22.38,2.74,10.02,9.96,7.4,7.14,2.62,17.42,7.34,9.87,2.79,5.18,17.6,13.45,10.05,13.11,Chemical
8.65,12.85,6.38,5.18,9.85,2.62,5.83,10.91,0.35,11.36,2.57,5.49,15.52,12.33,12.89,14.33,Chemical
9.91,10.81,5.58,12.47,10.6,8.91,0.64,11.75,2.04,4.48,2.32,8.66,4.52,17.49,4.85,1.3,Gasoline-like
2.68,6.89,19.25,7.41,1.3,1.78,6.39,2.0,7.88,2.28,11.39,9.89,6.13,4.56,7.49,9.43,Sweet
15.62,0.49,23.17,8.55,3.21,0.87,6.42,9.47,6.68,14.85,2.61,7.32,19.78,20.29,6.14,5.68,Fruity
25.81,11.44,20.19,10.04,10.21,5.9,4.89,12.37,7.58,6.32,6.72,11.23,4.34,16.46,4.16,0.1,Alcoholic
3.12,3.2,18.26,8.19,6.26,4.1,4.9,5.48,8.68,15.87,11.53,9.72,12.5,13.49,1.18,10.28,Sweet
21.81,8.56,7.92,14.23,3.18,6.03,2.76,11.02,4.68,0.1,5.73,0.1,12.67,14.12,9.96,14.59,Chemical
14.51,3.79,12.71,5.24,12.93,7.54,3.57,10.21,2.01,14.9,15.24,3.8,18.13,21.55,4.03,2.72,Fruity
29.94,6.43,11.28,15.33,10.05,10.66,4.86,4.96,4.62,18.78,8.22,6.18,20.19,23.67,8.04,11.4,Fruity
11.05,11.58,8.7,12.64,8.18,12.19,7.75,9.86,7.52,7.59,10.58,8.71,15.85,8.44,6.05,7.23,Sweet
16.1,9.67,22.75,14.0,8.78,1.51,3.19,8.04,8.47,15.65,13.8,5.69,8.83,3.02,9.28,5.55,Alcoholic
16.13,6.48,7.4,9.37,6.31,3.86,5.53,16.06,9.42,7.23,13.34,9.5,14.13,23.29,5.76,11.91,Sweet
7.28,4.68,17.93,4.49,10.38,5.6,3.43,12.41,3.27,1.84,5.36,6.96,19.2,2.73,9.65,12.36,Chemical
14.74,10.09,12.91,9.41,1.25,4.13,7.96,0.1,5.52,7.28,8.18,5.08,1.22,4.19,8.47,4.72,Alcoholic
18.32,4.77,15.7,15.12,11.42,9.36,4.25,18.95,3.03,12.62,9.49,6.92,0.1,4.28,2.85,12.38,Gasoline-like
9.72,4.86,10.37,9.2,7.86,4.29,3.29,4.07,7.88,12.77,13.02,11.34,13.8,9.88,7.89,9.57,Sweet
28.18,0.1,9.7,4.94,6.11,3.18,0.67,12.86,9.68,12.34,11.7,11.35,1.78,18.73,5.66,7.12,Sweet
4.88,18.22,18.22,4.85,9.81,7.91,2.88,14.51,6.56,12.99,12.47,11.51,12.42,8.55,12.03,3.7,Sweet
14.61,5.62,9.37,6.8,7.3,2.46,8.57,8.73,4.22,20.08,4.26,4.02,13.86,19.49,5.48,11.73,Fruity
11.6,3.1,10.08,2.4,8.74,8.33,3.94,10.19,3.09,8.63,1.27,2.95,8.87,8.37,7.57,14.93,Chemical
18.35,13.75,4.13,8.95,12.48,5.42,5.26,18.19,2.61,8.8,9.52,4.33,2.19,5.77,11.45,16.55,Chemical
20.65,11.98,24.31,14.88,4.8,3.81,6.14,11.82,7.49,9.68,1.79,6.5,10.37,20.6,6.08,13.59,Alcoholic
9.83,7.76,9.17,1.16,8.23,6.93,8.75,5.93,6.27,10.9,9.4,13.7,16.77,16.2,2.64,5.24,Sweet
0.1,11.31,9.43,11.2,2.78,2.42,3.16,15.1,5.19,6.76,2.96,14.13,8.37,10.75,9.49,11.54,Chemical
2.16,4.82,16.63,9.39,1.23,1.75,6.4,8.06,8.77,10.15,13.42,12.1,5.15,2.57,7.97,9.01,Sweet
13.81,5.83,12.01,15.74,2.19,5.45,2.7,8.95,2.68,16.54,0.1,7.73,18.92,15.52,0.1,2.28,Fruity
22.16,11.81,22.91,12.73,0.11,5.81,0.22,8.91,6.86,4.19,8.07,1.14,15.81,16.88,7.41,11.2,Alcoholic
24.91,13.66,23.43,8.8,10.88,9.58,0.1,0.63,8.86,1.12,1.76,3.86,3.85,11.14,4.17,8.21,Alcoholic
16.8,6.39,0.1,4.23,0.24,3.93,2.61,3.9,12.15,2.34,12.66,11.86,8.95,11.49,7.68,7.85,Sweet
11.87,7.35,7.84,13.97,15.99,8.79,7.1,10.99,0.1,8.96,4.56,10.16,1.55,15.75,9.4,10.07,Gasoline-like
14.18,5.74,8.81,17.72,11.39,10.29,4.97,9.35,9.2,4.74,5.51,5.96,9.57,9.99,3.36,9.64,Gasoline-like
0.1,5.79,10.32,13.58,11.28,6.92,6.72,8.34,6.87,5.41,2.1,5.74,14.18,24.17,2.67,12.33,Gasoline-like
9.09,10.9,15.91,9.12,9.47,8.3,6.18,11.36,5.87,13.98,2.54,3.84,17.61,13.45,5.56,8.66,Fruity
11.04,2.61,0.75,16.71,4.15,4.93,4.1,3.3,7.46,8.1,13.49,7.0,3.67,10.72,5.42,12.86,Sweet
19.12,12.43,6.5,10.1,8.39,5.19,7.05,15.29,6.76,5.41,15.89,10.88,3.7,9.34,4.34,9.64,Sweet
15.47,5.88,13.05,14.0,8.56,8.71,1.53,7.42,4.65,13.35,4.36,8.11,6.09,10.9,4.27,13.34,Gasoline-like
4.52,2.37,8.82,12.24,8.99,9.8,3.49,11.31,3.59,10.47,1.99,10.41,7.26,0.1,7.23,5.88,Gasoline-like
25.46,8.85,13.57,5.39,3.32,0.48,4.84,9.87,6.91,11.43,12.66,1.09,9.37,10.36,2.31,11.08,Alcoholic
17.43,4.52,2.46,17.33,0.24,0.1,7.48,11.17,6.01,12.11,6.4,5.64,7.62,11.17,8.56,16.39,Chemical
24.95,12.19,26.87,7.87,2.32,2.47,4.72,3.36,3.05,3.78,7.07,0.26,3.07,14.85,9.89,10.41,Alcoholic
12.79,9.23,16.53,16.07,12.16,5.79,3.33,3.84,3.57,3.88,3.76,3.83,12.14,4.59,8.11,11.72,Gasoline-like
14.78,9.61,0.1,6.83,5.99,5.81,0.1,7.11,7.37,13.26,14.45,14.15,6.04,4.13,4.45,14.16,Sweet
12.37,6.94,5.06,12.65,9.82,9.55,11.0,13.81,4.68,18.9,7.02,7.84,8.29,10.83,2.93,4.7,Gasoline-like
0.1,13.23,8.55,10.93,10.38,6.15,13.39,22.38,6.3,6.71,13.31,2.2,17.74,0.1,9.53,16.39,Chemical
16.42,7.51,28.88,19.25,11.71,10.0,6.68,8.86,5.02,12.18,17.03,4.58,14.58,10.87,3.28,6.71,Gasoline-like
20.55,13.82,22.3,5.93,1.21,8.75,4.91,7.4,0.1,10.36,7.65,5.5,10.75,12.21,7.89,9.58,Alcoholic
19.99,15.66,24.8,17.18,8.07,0.86,4.58,3.19,4.54,7.57,16.51,8.24,7.95,8.12,3.11,6.13,Alcoholic
6.74,5.53,17.24,16.1,12.81,9.01,5.37,9.57,7.29,0.1,8.8,5.46,12.77,2.75,4.78,2.04,Gasoline-like
20.99,1.64,21.05,15.04,12.67,7.15,0.1,12.27,2.45,14.67,6.24,10.19,5.37,6.78,8.46,9.24,Gasoline-like
14.24,11.66,5.37,10.72,11.87,3.69,5.79,15.4,9.52,13.91,10.37,8.98,8.03,5.71,7.3,5.48,Sweet
17.43,12.11,18.99,11.87,4.29,4.38,2.59,1.42,2.46,5.57,4.74,5.05,12.61,14.76,4.68,12.88,Alcoholic
23.3,9.42,22.02,14.88,10.37,10.55,4.76,14.72,5.61,15.65,10.6,2.07,2.32,12.56,5.84,5.37,Gasoline-like
26.19,13.97,26.65,12.48,7.76,8.94,7.09,15.3,7.26,7.41,1.47,5.61,0.78,7.32,6.81,5.81,Alcoholic
6.63,5.93,5.75,6.18,3.3,8.68,5.33,15.04,1.63,9.35,8.88,2.91,6.33,20.44,7.06,14.01,Chemical
20.06,9.85,14.46,12.39,9.96,2.97,5.51,1.74,5.53,8.79,6.65,12.25,7.57,9.94,9.0,5.54,Alcoholic
11.63,13.45,15.87,14.03,14.79,9.23,5.84,9.91,2.1,16.61,10.42,5.43,9.41,6.54,7.55,8.41,Gasoline-like
21.35,5.59,7.45,9.07,8.85,6.8,5.5,14.57,5.64,11.03,0.7,7.45,13.73,21.52,9.96,16.22,Chemical
19.77,6.64,3.6,8.49,3.6,2.49,1.75,5.43,2.51,13.78,0.1,13.22,20.74,17.09,7.45,7.33,Fruity
23.4,16.9,19.65,17.6,2.7,6.66,5.27,9.9,4.62,13.58,14.87,5.58,4.97,7.45,13.49,6.31,Alcoholic
17.08,14.18,7.76,5.44,7.83,5.39,7.32,3.51,3.04,12.89,8.66,12.31,16.77,19.15,6.91,10.02,Fruity
11.38,9.25,5.04,12.36,0.1,1.67,6.87,14.97,3.55,6.03,7.26,6.41,14.99,9.11,9.41,12.28,Chemical
18.25,9.88,13.99,13.06,16.15,5.49,1.61,13.24,6.83,3.71,5.8,6.68,10.99,5.98,8.78,6.58,Gasoline-like
6.77,7.87,10.74,19.76,6.9,4.95,2.32,13.7,4.65,10.34,11.8,8.67,7.46,10.41,12.15,15.1,Chemical
32.75,6.11,20.81,19.59,12.91,11.23,4.35,8.96,5.42,11.11,7.59,8.54,6.62,15.82,6.06,3.81,Gasoline-like
17.26,12.72,16.14,17.09,3.7,8.09,2.51,9.78,7.25,8.08,12.68,8.79,8.25,8.03,8.44,14.92,Sweet
10.84,6.54,16.46,5.44,8.43,6.81,2.38,16.12,1.41,2.09,2.98,7.08,4.1,16.57,10.67,13.75,Chemical
12.48,7.97,20.72,15.19,12.94,8.58,4.19,9.15,1.48,7.55,7.36,7.78,16.72,14.57,9.32,11.57,Gasoline-like
16.52,1.34,9.41,10.02,9.61,4.86,7.6,15.66,6.44,11.79,11.12,12.97,10.61,8.04,6.7,0.38,Sweet
26.62,11.25,22.09,4.14,10.86,4.52,7.3,2.43,2.42,14.53,6.46,4.68,9.91,6.24,4.11,10.4,Alcoholic
25.19,8.72,20.87,5.87,8.35,6.7,6.73,7.85,2.66,5.39,8.07,6.96,9.42,8.62,3.88,8.56,Alcoholic
29.76,12.39,18.1,0.1,5.27,3.3,7.28,5.82,0.87,17.55,6.92,3.96,12.13,10.94,0.48,6.39,Alcoholic
18.7,8.29,19.53,2.98,4.52,9.82,2.02,15.87,6.8,4.9,7.24,10.02,12.35,11.05,9.94,12.35,Chemical
20.35,4.54,4.26,4.13,4.45,4.21,2.74,4.35,5.28,18.22,5.39,11.75,18.57,23.2,4.95,8.91,Fruity
2.43,0.6,18.84,7.23,1.52,4.3,5.32,9.45,4.29,15.35,7.21,3.37,14.98,21.48,5.18,6.43,Fruity
21.96,16.63,17.28,8.36,8.51,3.08,6.29,5.21,3.73,19.35,5.06,10.64,20.93,19.32,1.02,6.85,Fruity
25.81,12.86,19.7,8.71,2.95,4.51,5.34,8.19,3.15,6.73,10.56,9.89,9.89,6.18,4.43,9.21,Alcoholic
16.41,8.46,23.37,11.34,2.08,0.8,2.18,6.49,6.34,13.82,6.07,5.1,15.28,14.96,4.24,0.92,Fruity
25.22,13.01,17.87,13.1,8.68,5.44,3.33,13.16,5.12,13.57,6.92,6.18,14.12,11.4,12.65,11.1,Alcoholic
25.16,15.56,4.85,12.12,10.3,8.11,1.84,9.16,2.44,4.82,4.99,11.83,9.75,11.0,2.63,7.37,Gasoline-like
23.04,16.62,18.58,13.65,5.39,6.92,4.01,13.07,5.91,4.32,10.24,11.66,6.18,13.11,5.39,7.95,Alcoholic
4.9,5.91,8.89,7.22,4.86,2.19,7.06,12.29,2.16,16.43,10.15,8.69,17.3,22.23,8.02,1.34,Fruity
24.17,8.01,2.02,5.87,9.0,2.98,5.33,12.79,1.91,15.94,13.27,8.1,12.37,21.43,1.19,10.91,Fruity
16.99,8.89,10.49,10.57,3.2,5.47,1.68,7.7,9.21,12.9,14.39,11.14,6.68,6.98,0.1,3.59,Sweet
21.07,11.41,19.06,12.79,1.51,3.72,3.45,3.9,4.08,8.04,13.86,6.73,14.48,5.27,10.79,7.46,Alcoholic
8.24,0.71,6.99,5.96,8.73,8.34,6.56,3.55,7.52,7.93,13.41,14.04,14.22,9.23,7.0,4.56,Sweet
15.18,13.31,15.61,6.5,7.67,4.33,5.17,6.24,6.47,13.42,8.45,4.15,12.65,11.48,5.08,8.08,Alcoholic
18.96,8.23,21.45,8.43,2.0,4.27,9.38,4.01,3.37,15.87,3.7,6.01,17.28,17.82,2.9,6.6,Fruity
22.07,9.05,3.97,9.03,8.8,3.48,5.65,3.85,2.11,16.27,6.8,5.48,11.9,19.79,6.58,8.18,Fruity
21.86,8.55,5.05,17.28,10.65,9.29,4.1,11.22,2.88,12.93,12.96,12.07,12.1,15.05,7.46,11.44,Gasoline-like
22.54,12.45,19.94,16.95,10.3,6.18,4.55,9.46,4.25,16.83,0.79,6.63,16.51,5.33,6.23,5.2,Alcoholic
6.88,5.36,16.75,11.37,3.93,6.04,6.3,12.35,5.41,18.56,14.38,9.06,17.22,22.16,5.74,14.46,Fruity
26.15,12.0,26.72,6.57,5.53,1.86,0.28,2.66,5.47,3.77,0.1,10.45,3.71,16.24,4.4,13.48,Alcoholic
12.35,1.3,21.92,16.41,12.41,9.38,6.01,12.93,7.85,17.27,7.8,0.1,14.78,2.58,5.75,8.83,Gasoline-like
3.47,0.44,10.9,7.63,8.41,6.31,5.16,17.16,3.2,17.54,6.48,14.48,22.88,19.76,5.36,13.97,Fruity
18.71,15.64,25.33,16.58,5.47,6.76,0.92,13.89,6.05,12.91,14.18,5.54,6.74,10.17,1.81,8.37,Alcoholic
16.09,8.24,13.72,4.46,6.99,5.4,4.26,17.61,6.93,9.82,10.06,4.78,7.58,12.76,9.77,14.7,Chemical
10.63,6.31,15.11,17.63,11.82,9.47,3.3,3.5,1.03,3.42,9.22,10.05,3.0,13.75,7.93,3.81,Gasoline-like
13.38,9.1,1.08,18.49,11.95,7.85,6.52,6.11,8.36,12.98,6.84,5.34,7.98,10.12,4.15,10.33,Gasoline-like
12.62,5.71,9.98,9.35,7.7,3.42,5.53,13.65,1.01,9.94,3.13,8.84,14.06,10.37,11.86,12.3,Chemical
12.8,12.73,4.94,16.42,8.34,6.25,0.12,12.02,3.62,7.27,9.85,5.13,12.8,22.95,0.75,10.93,Gasoline-like
21.42,13.46,23.48,2.77,10.13,3.34,5.13,0.1,6.51,11.27,3.28,8.4,8.89,19.57,5.89,5.86,Alcoholic
26.47,9.75,19.56,7.56,7.77,2.26,0.1,5.74,6.81,11.56,9.18,6.48,7.08,6.19,8.14,9.42,Alcoholic
17.73,9.45,22.66,9.06,7.37,3.06,8.92,14.95,0.78,8.28,11.34,9.07,11.19,2.47,4.89,7.18,Alcoholic
17.64,9.31,2.42,10.96,9.55,7.61,5.08,11.43,7.67,9.16,13.05,12.22,19.78,13.72,5.8,11.54,Sweet
12.62,7.5,6.69,1.98,4.13,2.78,0.1,11.08,4.74,13.17,10.67,9.34,11.84,9.69,9.65,13.11,Chemical
16.56,6.63,2.55,21.94,6.74,5.48,5.48,9.03,4.69,10.84,5.68,2.27,5.77,12.51,12.25,13.97,Chemical
16.57,9.25,8.69,22.71,13.16,7.87,7.89,6.62,3.83,10.56,13.46,5.33,2.87,9.05,1.75,6.64,Gasoline-like
10.94,5.53,4.0,17.47,7.39,7.74,7.27,8.05,4.92,6.75,7.0,8.99,10.78,6.65,1.95,7.48,Gasoline-like
21.02,14.65,19.38,16.35,4.98,1.93,0.93,8.14,3.74,15.37,8.18,8.3,12.61,17.7,8.92,7.36,Fruity
16.83,5.85,13.95,2.68,7.56,3.96,0.1,12.59,2.83,12.77,1.76,2.93,0.76,19.22,9.28,12.79,Chemical
17.35,14.56,23.81,5.65,5.05,6.57,4.44,5.5,2.6,7.68,6.24,10.51,6.63,11.39,2.54,13.04,Alcoholic
14.92,5.38,8.24,11.73,11.81,7.51,4.37,15.82,5.1,15.18,6.44,9.01,4.81,14.51,5.16,4.86,Gasoline-like
23.99,6.76,16.62,4.02,5.69,2.41,6.26,14.86,7.67,4.3,14.42,12.19,6.07,11.61,10.21,9.02,Sweet
22.45,13.03,22.34,9.48,4.22,3.69,8.05,7.05,2.51,5.75,1.32,2.45,19.07,16.61,5.3,12.97,Alcoholic
17.02,1.21,3.64,14.36,3.35,1.52,8.36,7.69,7.08,15.33,14.51,5.54,22.18,19.51,2.27,10.8,Fruity
23.62,7.65,28.05,8.3,10.02,3.27,7.08,10.71,3.91,10.48,2.42,4.07,4.99,16.15,2.04,11.1,Alcoholic
3.22,7.95,15.59,5.83,9.12,8.14,7.77,16.63,4.56,12.09,6.65,10.2,15.68,22.04,6.19,6.51,Fruity
18.58,14.25,22.71,12.45,10.36,5.09,4.7,9.6,0.55,0.1,7.0,10.03,8.48,12.96,0.1,6.96,Alcoholic
11.54,9.23,12.22,16.67,18.75,9.7,6.34,9.65,3.75,2.14,0.1,7.22,10.16,2.82,11.1,9.44,Gasoline-like
5.53,4.25,5.67,11.29,11.68,4.24,7.76,3.28,1.59,18.0,8.56,9.8,13.22,18.14,8.93,5.97,Fruity
16.85,2.4,20.81,12.34,13.08,4.63,4.65,14.14,4.47,11.56,9.94,10.91,11.47,5.77,9.38,17.2,Chemical
0.1,7.1,17.9,8.84,7.18,3.33,3.33,12.26,7.69,8.34,15.55,9.14,6.47,8.63,5.66,5.45,Sweet
12.48,0.96,4.52,7.15,5.69,3.93,4.43,10.74,7.43,16.85,5.03,10.02,14.26,18.96,6.18,4.57,Fruity
7.12,8.07,30.49,6.99,9.33,1.51,5.16,15.42,7.67,13.11,13.95,11.09,17.26,4.25,4.38,5.83,Sweet
16.62,11.96,19.49,14.91,10.03,3.37,1.24,10.51,5.11,3.71,3.28,5.98,1.51,22.92,1.8,9.05,Alcoholic
9.07,0.1,22.83,10.15,10.68,10.24,4.87,4.09,7.78,14.99,7.85,7.39,3.16,14.47,7.33,7.29,Gasoline-like
20.14,10.28,29.9,5.65,7.31,7.79,9.08,4.22,1.28,5.29,13.86,4.27,11.26,8.01,0.43,7.99,Alcoholic
21.14,10.07,20.62,8.47,6.64,1.77,5.74,3.17,3.99,11.77,9.26,3.48,10.16,5.5,10.49,8.31,Alcoholic
13.21,8.68,5.73,7.92,10.15,1.1,8.11,8.6,6.14,19.02,3.82,5.23,16.23,17.07,11.38,5.95,Fruity
21.81,2.69,14.36,17.76,14.83,9.9,1.46,4.82,8.13,12.37,1.63,6.14,8.72,0.1,0.1,6.94,Gasoline-like
17.24,8.06,6.37,18.68,11.56,10.07,7.01,4.12,1.64,12.9,1.58,6.14,4.72,15.04,4.93,10.83,Gasoline-like
15.78,8.61,7.17,16.42,5.8,4.02,3.47,5.37,7.25,6.09,13.9,9.75,9.99,11.46,5.39,11.33,Sweet
22.7,12.72,14.77,14.44,5.22,5.79,8.4,17.0,1.68,6.89,9.39,0.29,10.97,13.76,4.84,5.73,Alcoholic
20.84,16.45,18.11,11.73,5.44,6.42,7.99,9.81,3.99,11.9,0.77,0.1,8.63,5.5,3.5,11.76,Alcoholic
0.1,0.1,9.02,20.78,10.97,10.22,5.73,8.69,5.62,14.49,8.52,5.51,6.63,11.18,8.02,7.97,Gasoline-like
2.66,11.5,11.38,9.14,4.18,4.29,5.0,16.87,5.75,8.41,4.73,4.88,5.66,14.26,9.52,12.89,Chemical
9.48,8.2,16.88,19.44,13.68,10.0,6.35,6.01,1.98,0.1,3.16,7.35,1.51,10.63,9.02,0.1,Gasoline-like
7.24,7.09,11.57,6.67,5.89,1.33,6.86,3.95,4.57,16.42,8.81,7.38,14.88,18.71,6.73,0.84,Fruity
22.16,11.49,15.84,10.2,0.1,5.23,10.12,12.57,2.93,13.46,3.67,2.36,19.14,7.14,5.77,6.93,Alcoholic
11.27,1.96,10.44,0.1,6.99,6.73,4.95,0.25,8.6,16.06,13.31,6.55,14.5,20.63,3.74,4.79,Fruity
19.34,10.84,16.49,9.06,6.79,3.83,1.23,11.2,1.68,7.97,1.06,10.36,11.6,10.54,4.3,5.86,Alcoholic
12.84,14.32,9.52,8.05,5.17,8.07,2.56,4.14,7.79,12.52,11.7,5.97,2.98,15.89,10.88,7.25,Sweet
13.16,4.4,15.45,7.86,5.97,3.05,4.14,13.98,9.05,14.32,18.98,10.46,7.27,15.54,1.95,4.95,Sweet
7.56,13.87,6.77,5.65,4.51,6.51,0.1,14.27,6.04,4.64,2.98,7.96,13.02,1.32,13.07,14.58,Chemical
19.84,12.76,14.23,9.99,11.25,0.89,5.34,13.43,5.32,11.22,7.14,3.45,6.92,13.37,3.54,8.81,Alcoholic
21.57,6.49,0.1,5.59,0.1,6.94,9.58,10.93,5.71,11.82,13.71,13.28,14.07,1.17,8.5,0.19,Sweet
23.09,8.47,13.13,20.16,10.86,9.19,8.02,10.99,5.74,13.09,6.59,9.96,9.87,23.87,10.6,11.74,Gasoline-like
14.22,7.45,12.46,10.23,6.22,4.72,4.93,0.79,2.07,19.48,14.03,6.58,18.76,20.77,12.6,9.87,Fruity
4.22,3.28,13.73,11.98,3.05,5.62,4.29,10.03,7.55,6.53,7.44,11.0,2.5,15.06,7.08,8.53,Sweet
6.83,15.03,14.0,15.36,10.48,8.53,9.54,13.18,10.26,12.17,5.23,8.1,9.81,11.68,3.13,12.35,Gasoline-like
2.74,10.53,7.06,14.99,7.98,8.25,4.69,15.09,9.17,1.27,8.62,10.82,14.12,9.33,7.92,10.51,Sweet
31.14,9.22,23.75,0.1,7.9,7.68,5.42,6.76,7.43,4.52,4.88,6.04,2.14,16.71,4.45,9.76,Alcoholic
19.95,5.73,20.96,13.18,13.14,10.07,4.13,13.85,1.82,8.56,2.18,7.33,10.84,12.95,7.76,8.31,Gasoline-like
18.03,6.14,13.01,4.55,10.32,6.65,2.35,10.53,5.49,7.33,2.34,0.27,0.1,9.15,9.45,15.19,Chemical
20.09,11.71,19.86,10.92,1.01,3.39,6.78,2.04,2.46,5.27,14.45,8.67,10.15,13.51,7.33,3.5,Alcoholic
7.15,8.34,0.1,18.03,12.12,8.8,3.41,4.99,2.43,3.14,4.16,4.34,6.12,16.18,3.63,5.63,Gasoline-like
28.28,10.56,17.75,15.41,8.22,3.2,4.37,16.64,4.24,13.83,4.54,6.62,4.92,0.1,8.67,14.24,Alcoholic
15.84,4.26,7.74,16.22,14.13,7.92,4.02,7.54,2.91,4.08,2.88,6.08,14.74,6.57,4.05,4.86,Gasoline-like
1.92,12.99,11.78,9.82,4.3,1.93,6.45,10.48,4.09,17.16,2.68,11.7,21.03,18.14,2.63,0.1,Fruity
13.64,3.71,20.83,11.95,6.73,6.48,0.1,11.56,3.09,12.12,0.29,10.56,15.23,24.9,5.28,2.87,Fruity
11.35,4.59,13.61,17.69,12.97,10.29,5.54,9.89,6.99,9.57,8.92,7.18,2.83,14.39,2.77,8.18,Gasoline-like
2.63,10.93,14.3,12.85,4.79,4.26,3.58,14.51,2.49,7.55,8.92,5.76,12.52,7.91,10.79,14.14,Chemical
5.84,0.1,16.21,6.54,3.45,4.54,5.41,10.87,5.43,13.76,11.81,6.67,18.61,18.11,4.97,9.36,Fruity
9.98,10.84,4.28,7.32,7.67,7.91,3.15,5.81,5.27,12.85,1.95,9.43,18.77,21.3,10.22,6.64,Fruity
8.86,6.28,8.93,4.71,9.71,3.39,5.69,0.72,2.23,16.08,4.57,8.41,15.32,18.73,2.7,15.76,Fruity
4.17,12.44,0.1,10.35,3.9,8.57,0.14,10.96,5.08,14.79,6.07,9.16,14.43,16.96,8.47,2.87,Fruity
12.38,5.26,12.27,3.9,13.99,5.64,5.78,5.02,9.68,8.21,18.79,8.5,6.52,7.46,3.37,4.81,Sweet
14.05,8.24,14.03,8.4,5.93,8.8,2.0,3.84,4.85,16.66,4.67,2.55,14.56,17.27,5.85,8.09,Fruity
8.61,4.29,10.11,11.4,7.22,4.6,4.17,1.6,9.57,14.51,10.68,9.56,16.66,21.77,4.98,3.92,Fruity
19.16,1.99,13.23,18.47,1.49,6.33,8.45,8.9,3.64,17.15,7.11,11.11,15.9,13.1,5.67,2.32,Fruity
11.0,12.82,12.29,13.74,11.6,6.17,5.33,12.79,6.38,14.91,9.05,5.59,17.11,15.77,2.19,8.03,Fruity
13.34,7.59,23.39,7.51,2.09,5.08,4.65,2.73,4.48,11.49,12.77,14.56,19.81,12.03,8.23,6.05,Sweet
10.27,1.48,12.76,9.38,9.73,6.91,5.9,19.08,5.82,5.01,7.46,5.07,6.74,5.84,12.04,11.9,Chemical
12.77,9.25,22.18,16.27,5.28,5.29,4.57,14.78,10.08,5.36,12.53,11.1,13.56,12.8,5.71,15.77,Sweet
3.65,5.15,10.58,15.79,7.71,2.81,4.38,13.97,6.93,16.78,14.94,10.6,8.4,3.45,7.24,7.32,Sweet
12.36,6.44,10.58,14.4,14.08,9.09,7.81,7.46,1.54,0.42,0.53,2.09,11.96,15.29,6.97,12.41,Gasoline-like
12.93,13.64,12.49,0.1,1.58,6.22,6.91,11.42,5.6,18.93,3.61,7.31,12.3,16.66,1.86,8.06,Fruity
0.1,5.53,7.12,11.89,6.63,6.99,3.42,11.59,4.04,7.43,2.65,8.92,7.99,18.82,10.07,10.85,Chemical
17.93,13.13,23.06,15.5,1.53,0.25,4.18,8.8,11.35,8.69,5.64,6.8,1.77,11.42,6.51,8.77,Alcoholic
18.21,13.77,23.39,6.0,9.6,3.56,0.16,9.3,5.79,6.28,15.15,8.42,7.99,15.4,3.13,9.18,Alcoholic
3.75,3.98,10.09,12.76,3.47,6.22,0.1,3.77,6.2,13.12,5.64,6.0,16.07,20.3,4.13,5.07,Fruity
11.98,3.35,10.72,15.5,14.6,8.84,3.72,1.05,3.76,4.48,12.58,9.16,6.86,16.44,11.41,4.85,Gasoline-like
10.57,6.02,1.09,6.19,7.83,9.93,6.55,10.67,6.29,6.59,15.65,10.09,7.64,16.26,5.59,3.98,Sweet
5.56,11.3,0.1,10.17,3.38,2.77,2.9,4.96,2.22,12.81,16.22,10.16,13.67,25.07,3.25,9.52,Fruity
12.19,4.15,7.52,16.5,11.73,10.44,7.24,2.91,1.19,2.77,3.04,8.92,14.17,8.21,8.71,15.09,Gasoline-like
2.76,7.7,3.31,5.92,12.46,2.44,4.77,9.47,5.27,12.48,9.76,2.94,1.62,6.62,12.25,15.62,Chemical
6.1,10.38,10.92,10.86,9.92,3.1,6.62,8.91,7.27,17.17,9.28,10.62,10.31,8.7,0.1,2.27,Sweet
14.45,3.18,3.3,21.54,1.2,3.09,9.33,2.28,7.12,9.63,13.74,11.79,18.19,3.41,7.19,8.86,Sweet
13.24,9.64,21.27,14.3,12.64,11.94,7.21,3.33,3.59,11.3,10.62,7.42,13.58,18.51,1.49,4.27,Gasoline-like
19.23,16.77,17.06,13.68,13.61,11.95,7.9,3.8,6.36,8.59,8.64,3.6,10.7,6.6,10.53,9.04,Gasoline-like
22.54,0.1,0.1,4.81,8.54,2.29,0.1,12.2,3.89,12.83,5.13,4.47,17.4,17.6,8.05,0.1,Fruity
10.29,12.25,13.3,16.47,13.83,11.65,3.7,14.59,2.42,17.54,8.59,5.62,9.8,14.28,4.76,8.82,Gasoline-like
16.52,11.05,0.16,16.04,6.21,1.75,4.05,16.39,0.1,9.99,3.22,5.1,9.3,0.67,11.9,8.62,Chemical
13.53,0.56,15.74,13.49,9.82,6.15,4.55,10.22,3.68,11.63,5.82,2.17,9.73,21.79,9.33,7.47,Gasoline-like
5.92,8.88,12.35,7.07,10.18,6.78,9.45,13.0,7.04,11.4,12.0,9.65,14.22,20.58,5.09,6.96,Sweet
7.72,8.03,11.04,15.9,13.86,6.46,9.72,4.49,1.0,8.63,3.25,8.55,12.79,13.74,0.51,8.55,Gasoline-like
8.8,6.51,16.75,7.14,8.86,2.15,1.57,7.4,2.59,15.65,9.26,0.1,14.71,18.4,10.77,5.14,Fruity
8.16,13.23,0.1,8.26,4.39,9.14,4.22,5.27,6.87,15.35,10.94,11.36,10.61,10.98,10.94,11.61,Sweet
21.16,9.76,16.78,0.1,6.45,5.19,7.29,6.45,2.35,10.03,4.95,7.7,3.74,2.46,6.52,11.13,Alcoholic
8.42,1.7,9.16,11.12,9.91,2.2,2.6,4.06,0.1,12.78,3.15,5.68,15.56,17.9,4.07,0.1,Fruity
8.14,7.81,12.48,12.47,12.24,13.2,2.77,0.1,4.24,2.97,8.1,7.88,13.92,10.58,8.97,3.01,Gasoline-like
13.83,8.69,14.12,2.98,11.5,10.27,8.88,11.51,7.49,2.63,10.11,8.51,6.89,22.46,0.1,5.88,Sweet
10.57,8.33,16.16,4.61,5.02,3.89,4.72,2.86,7.03,5.37,10.14,9.93,7.55,12.66,4.4,13.63,Sweet
20.89,9.86,9.17,9.5,4.82,0.1,6.01,7.99,8.59,15.83,4.44,7.16,14.01,21.32,7.5,9.29,Fruity
17.25,6.62,0.95,9.11,7.62,1.36,2.02,9.7,8.22,4.42,12.66,10.82,8.57,3.32,4.84,13.93,Sweet
23.28,7.67,9.22,19.59,9.5,8.98,5.0,10.66,1.4,11.06,2.54,3.6,17.46,13.84,2.45,0.29,Gasoline-like
29.22,10.46,21.21,7.79,0.21,6.11,4.59,7.51,6.15,7.64,2.04,4.81,12.6,16.91,6.46,9.16,Alcoholic
23.4,6.88,3.95,6.43,2.03,5.02,6.5,5.33,7.92,9.57,13.87,9.61,10.61,12.19,6.53,7.0,Sweet
24.42,13.16,13.27,9.72,0.1,6.86,3.56,10.49,5.36,12.19,10.35,6.55,19.07,22.92,5.94,7.57,Fruity
0.1,11.71,0.1,14.7,6.73,7.86,0.61,11.04,2.17,13.97,2.06,0.1,17.35,25.82,13.89,6.17,Fruity
23.39,15.83,18.56,2.51,7.55,8.66,2.34,12.16,4.89,7.43,3.05,9.37,6.54,14.04,1.9,7.9,Alcoholic
16.25,8.92,12.21,11.98,6.26,10.35,3.14,9.59,0.6,15.25,11.29,4.19,14.88,22.4,0.35,12.88,Fruity
28.27,13.87,26.59,8.39,4.62,3.57,2.05,2.7,2.51,12.51,0.1,8.7,12.99,15.77,3.72,0.1,Alcoholic
21.31,4.97,13.3,4.17,7.0,1.5,4.52,5.57,2.43,14.68,5.77,0.1,12.84,20.94,4.58,9.71,Fruity
7.29,9.72,7.88,1.49,7.6,4.19,3.25,11.77,8.8,11.12,11.49,11.59,2.57,4.61,5.21,2.6,Sweet
16.45,6.02,14.08,8.19,6.31,5.62,3.98,13.01,0.85,10.63,5.45,2.96,7.89,16.08,10.87,17.94,Chemical
12.54,7.45,5.89,13.01,7.1,11.82,8.39,14.04,4.8,10.87,8.48,3.06,7.8,11.28,5.41,6.49,Gasoline-like
24.29,8.47,18.91,4.98,2.27,8.48,7.49,12.24,3.98,15.16,2.91,6.16,19.99,18.14,8.44,5.13,Fruity
21.56,8.26,14.84,15.47,5.58,8.18,6.01,5.3,4.32,4.81,3.63,6.88,5.79,11.77,5.3,6.6,Gasoline-like
13.19,2.87,7.51,15.61,11.81,9.43,0.67,7.63,2.65,11.33,8.2,8.56,7.11,19.91,4.57,11.55,Gasoline-like
3.17,3.53,17.96,8.64,0.1,9.98,3.13,12.45,0.77,3.98,5.43,2.15,0.1,9.13,10.48,18.8,Chemical
21.75,12.12,26.95,9.53,8.53,8.39,3.69,15.4,7.08,10.4,6.64,9.45,15.0,13.58,10.56,13.83,Alcoholic
14.64,4.74,20.49,18.71,12.72,11.9,2.44,8.57,9.94,10.19,8.98,6.52,2.91,6.93,4.52,4.99,Gasoline-like
21.29,12.61,20.03,10.79,3.66,1.57,6.59,3.99,3.72,12.25,3.45,1.18,18.36,10.37,6.0,16.07,Alcoholic
13.05,4.38,14.96,11.54,4.12,1.46,1.25,4.2,8.04,15.46,0.9,3.28,12.72,15.92,7.77,1.57,Fruity
7.97,5.31,11.75,1.74,9.12,5.38,5.32,22.11,2.53,11.84,8.28,10.69,8.4,7.02,14.04,11.58,Chemical
17.91,7.98,6.2,7.75,7.07,2.22,3.91,12.52,6.37,14.65,11.02,1.71,19.0,17.0,7.55,8.15,Fruity
17.36,11.4,27.08,13.46,6.31,8.45,7.56,12.67,2.11,8.94,2.32,4.6,10.78,0.1,4.96,11.03,Alcoholic
11.48,4.65,7.29,15.8,12.53,9.44,4.57,12.59,3.86,1.84,0.1,8.83,10.21,7.31,8.69,11.66,Gasoline-like
22.35,12.77,21.18,8.97,8.98,5.09,1.87,8.08,7.75,13.49,11.62,5.2,3.05,4.19,7.58,12.46,Alcoholic
6.0,7.62,15.62,6.51,0.1,7.36,6.93,6.85,3.08,14.39,11.43,7.36,18.95,20.92,4.94,8.32,Fruity
7.09,10.99,15.94,14.3,7.02,6.36,3.74,13.69,3.91,2.18,12.4,7.77,24.71,11.39,8.93,9.62,Chemical
14.95,6.03,4.85,1.25,10.38,8.84,2.26,6.08,10.03,15.24,14.63,11.47,4.46,10.44,4.95,7.41,Sweet
17.41,9.46,11.88,4.79,5.06,8.37,6.04,17.74,5.98,12.88,9.21,1.81,6.37,11.25,10.65,10.29,Chemical
20.88,13.53,18.43,3.52,2.15,4.77,6.13,13.02,5.7,19.05,9.06,7.6,5.84,8.37,6.25,8.73,Alcoholic
21.57,8.41,14.98,15.03,2.76,3.91,3.48,7.37,3.59,9.67,4.4,3.2,13.4,13.37,4.1,12.83,Alcoholic
10.9,6.26,19.58,0.14,9.08,4.78,3.5,3.66,8.34,6.8,8.37,9.62,6.08,16.37,6.13,4.91,Sweet
15.19,2.46,10.28,30.19,11.11,8.24,4.16,12.62,5.68,20.87,14.67,2.98,13.82,16.33,1.78,6.99,Fruity
18.3,7.38,8.36,5.81,5.74,6.77,4.47,6.96,2.99,16.69,6.91,10.37,19.34,18.04,3.98,3.82,Fruity
16.57,8.99,21.7,1.82,11.05,4.65,8.61,1.5,10.89,9.38,10.06,12.67,9.65,10.83,6.82,5.95,Sweet
15.46,3.24,13.72,6.38,2.6,7.39,2.54,13.02,6.19,8.36,7.73,6.87,13.28,18.24,10.43,10.8,Chemical
15.64,1.17,19.69,20.12,14.97,10.97,4.83,9.94,8.32,10.74,8.33,7.87,7.26,18.21,4.22,10.21,Gasoline-like
9.19,4.52,4.56,9.64,9.91,7.51,1.53,13.28,3.41,0.73,8.57,8.68,13.73,18.01,8.02,13.31,Chemical
8.39,0.1,8.76,17.27,13.13,8.24,4.59,10.21,4.17,14.81,3.45,2.53,20.6,17.83,5.3,9.95,Gasoline-like
3.15,6.37,17.52,13.59,2.59,3.73,2.44,10.89,6.49,10.24,4.69,0.8,12.24,22.99,8.18,10.68,Fruity
16.04,7.94,17.36,17.05,13.05,13.07,4.83,7.99,3.23,3.51,7.29,5.7,3.26,8.6,9.79,8.11,Gasoline-like
11.77,9.36,8.26,14.56,11.71,10.56,7.36,9.97,5.73,9.99,2.15,7.14,3.97,3.22,0.22,7.57,Gasoline-like
9.49,9.91,11.31,8.85,6.56,3.93,4.82,13.61,6.03,6.22,5.93,7.66,12.93,18.18,10.2,13.6,Chemical
1.99,7.93,4.79,3.6,8.43,5.6,7.65,17.66,3.77,5.71,7.3,8.32,6.38,0.1,6.92,13.02,Chemical
29.07,8.69,15.3,17.07,7.43,6.74,0.17,19.34,6.07,10.07,8.51,1.24,8.87,16.06,10.16,14.62,Chemical
8.84,14.07,18.42,5.99,4.76,4.52,9.62,0.1,8.5,12.14,11.51,11.01,12.11,2.63,6.03,0.21,Sweet
14.02,9.1,1.9,11.53,2.54,1.15,5.79,17.32,6.47,14.69,10.7,5.23,4.49,19.37,12.44,15.74,Chemical
12.13,10.43,10.01,9.23,5.28,4.15,1.19,0.1,4.29,18.23,0.1,4.36,18.89,26.67,6.78,3.18,Fruity
26.09,10.02,12.85,6.52,5.64,2.6,5.58,13.64,2.08,4.27,5.99,7.99,12.03,11.66,10.13,14.08,Chemical
26.33,10.22,25.43,12.99,4.61,5.04,3.28,16.32,6.96,10.22,12.74,0.1,3.91,7.12,10.33,5.18,Alcoholic
21.95,11.98,22.93,10.36,5.27,8.88,5.02,0.1,2.3,15.5,7.63,7.79,16.57,8.42,4.42,5.91,Alcoholic
9.6,3.15,0.1,7.59,7.02,2.96,5.16,9.19,1.75,10.11,6.2,3.77,4.22,15.49,9.64,11.89,Chemical
15.8,11.15,22.96,6.8,9.05,10.62,5.3,13.46,9.84,15.24,5.48,9.21,2.56,18.98,6.97,16.07,Chemical
14.38,1.66,12.83,3.34,4.06,7.62,6.31,6.28,7.44,11.81,13.26,11.79,3.85,15.03,6.59,11.85,Sweet
9.03,4.87,7.59,14.0,5.54,2.36,4.14,8.62,5.22,16.68,7.4,7.98,20.92,17.79,7.8,5.56,Fruity
6.11,7.95,3.51,16.36,8.55,8.36,2.97,10.73,3.2,4.41,13.09,9.84,10.05,19.97,5.7,3.97,Gasoline-like
6.58,0.77,15.84,10.55,6.66,4.82,8.25,6.45,8.85,11.05,6.91,8.7,14.74,21.15,7.76,1.03,Fruity
21.86,5.84,6.07,19.06,6.48,8.27,1.13,11.1,4.54,12.93,10.55,6.32,12.52,21.25,1.0,17.02,Gasoline-like
7.1,6.83,16.17,18.41,11.26,7.93,5.8,5.56,2.17,8.63,3.44,7.37,3.98,10.26,3.83,8.13,Gasoline-like
19.73,9.76,4.41,7.21,10.3,8.06,1.95,16.1,3.5,1.7,11.05,7.53,8.3,6.54,8.09,9.87,Chemical
9.37,6.03,19.5,12.98,8.49,6.4,0.1,12.63,3.88,10.83,7.17,8.71,16.67,22.94,11.05,13.81,Fruity
16.3,8.27,22.67,8.54,3.7,8.13,1.94,5.11,7.55,12.61,0.1,10.16,12.99,20.34,4.51,0.1,Fruity
0.1,5.41,11.42,9.15,5.95,6.25,3.66,20.44,2.38,14.26,7.58,6.05,9.63,9.28,8.12,12.8,Chemical
16.37,6.21,12.3,0.1,9.07,4.33,1.69,16.86,4.8,13.07,7.25,0.9,21.27,17.37,8.14,13.96,Fruity
12.78,4.81,6.55,7.86,13.24,1.75,4.42,12.48,3.47,11.74,0.1,3.22,7.04,6.29,10.23,14.14,Chemical
5.02,6.46,9.9,10.07,4.58,7.99,6.6,9.15,5.85,13.11,5.6,10.96,19.35,19.59,3.2,1.72,Fruity
7.61,4.98,16.64,3.06,7.27,4.92,8.99,7.71,6.41,3.8,13.77,9.44,6.97,18.81,6.04,7.97,Sweet
21.58,13.84,23.64,5.71,2.07,5.96,1.16,3.32,7.4,6.23,2.83,10.47,0.1,6.54,5.48,4.95,Alcoholic
17.36,1.56,7.44,17.98,14.55,8.54,3.09,10.31,4.76,4.06,0.1,10.98,6.87,19.61,2.0,8.38,Gasoline-like
25.6,11.77,23.93,6.46,7.39,3.77,6.28,7.21,8.92,4.85,5.88,5.22,10.14,4.17,11.25,9.1,Alcoholic
9.91,10.43,12.6,16.45,12.01,7.7,6.67,10.92,1.26,6.07,8.09,6.88,12.66,13.1,2.2,11.68,Gasoline-like
11.95,6.5,16.43,10.7,5.57,9.56,5.82,17.61,8.04,9.42,10.4,3.51,15.62,13.62,11.74,17.13,Chemical
19.88,12.55,15.26,3.39,6.87,2.67,9.49,14.72,2.34,3.45,9.15,3.08,2.27,6.04,3.96,6.16,Alcoholic
9.64,8.46,15.55,10.96,5.18,5.24,7.65,9.07,2.08,13.63,1.45,7.76,16.83,23.56,7.69,13.88,Fruity
21.69,4.4,11.56,7.16,3.36,4.1,6.57,13.67,6.5,7.64,12.23,13.11,10.45,4.41,6.3,13.36,Sweet
22.8,5.03,7.82,5.95,3.95,8.1,5.52,15.94,4.13,8.16,6.56,0.94,18.6,15.55,11.73,14.53,Chemical
21.03,11.74,26.89,10.65,12.47,4.71,3.65,8.07,7.5,9.48,13.1,8.38,0.43,17.79,3.3,8.93,Alcoholic
2.4,6.25,16.71,19.27,9.7,7.89,3.32,8.48,4.98,3.73,14.23,12.32,4.84,1.57,6.53,4.25,Sweet
21.83,9.77,19.34,5.27,2.37,1.77,1.32,15.94,5.69,7.63,6.19,4.87,0.1,24.0,4.83,3.69,Alcoholic
11.55,12.15,17.95,17.31,9.84,4.52,2.61,11.51,3.3,10.1,6.51,13.93,18.07,14.04,0.31,8.95,Alcoholic
14.1,10.69,7.47,15.16,11.35,10.31,6.83,12.87,0.73,16.86,9.48,6.59,8.4,3.68,9.61,2.25,Gasoline-like
26.84,14.17,24.47,0.1,2.98,2.5,1.7,13.31,5.23,6.61,10.33,6.36,0.1,5.05,0.52,7.27,Alcoholic
11.58,3.2,18.35,16.68,13.33,9.28,4.71,9.08,5.89,11.53,5.31,4.34,4.46,11.31,1.85,0.1,Gasoline-like
4.59,8.09,5.72,7.94,12.29,3.45,1.58,3.74,7.06,8.95,8.95,11.62,20.02,10.04,6.13,8.24,Sweet
11.96,8.83,8.25,7.15,4.5,6.33,2.5,20.02,5.17,11.98,4.99,6.22,21.97,17.73,2.47,8.78,Fruity
21.74,7.68,18.39,23.64,10.67,8.92,6.42,12.31,3.13,13.59,9.64,4.49,9.47,9.94,12.56,0.24,Gasoline-like
4.84,8.32,13.49,13.18,10.78,3.0,6.53,3.53,8.33,8.56,15.04,12.06,6.88,4.32,9.92,6.5,Sweet
23.39,11.14,18.25,9.25,3.12,6.75,5.65,6.22,8.54,13.08,10.81,3.27,11.38,16.44,4.73,14.85,Alcoholic
12.96,5.27,10.4,8.55,4.53,2.8,6.59,13.74,6.55,17.76,7.04,10.09,6.72,1.45,9.84,10.58,Chemical
20.16,6.34,8.12,18.31,15.31,10.36,1.31,2.45,0.1,14.18,2.88,7.09,5.25,15.19,8.6,6.22,Gasoline-like
16.44,11.97,11.46,7.67,0.33,2.28,2.5,0.1,2.82,10.42,8.33,9.7,20.31,21.12,4.13,2.06,Fruity
17.07,8.51,2.02,19.97,10.34,9.89,3.44,16.25,6.16,3.5,8.76,4.3,9.76,15.37,6.59,4.57,Gasoline-like
10.58,5.6,8.29,16.4,0.1,3.33,1.52,15.36,7.39,0.84,16.43,5.29,13.12,0.88,10.0,15.84,Chemical
23.39,11.03,10.6,15.97,13.56,4.63,3.18,9.39,4.86,10.95,5.63,4.99,5.38,17.7,5.93,12.89,Alcoholic
9.03,0.66,12.77,11.5,8.09,0.79,5.11,11.85,4.39,4.95,6.7,2.81,11.99,11.79,10.23,11.86,Chemical
15.51,5.08,15.6,13.86,11.71,10.21,4.9,0.1,0.55,1.44,8.69,4.68,9.79,9.85,7.31,3.81,Gasoline-like
14.77,10.16,11.37,0.1,8.84,2.07,6.98,12.24,1.43,15.07,6.43,8.31,17.35,25.56,5.43,9.93,Fruity
1.63,8.74,6.92,9.3,3.97,8.02,3.65,16.7,2.74,10.07,10.26,8.33,6.2,4.03,10.95,17.33,Chemical
25.83,8.62,19.09,7.53,3.66,5.93,2.24,13.12,3.87,6.3,6.57,9.06,5.94,8.19,6.32,12.71,Chemical
12.49,10.7,6.96,12.3,8.97,7.94,5.75,19.53,4.27,16.67,8.86,4.11,4.36,15.6,11.33,11.21,Chemical
11.48,9.26,14.25,9.85,11.26,7.5,3.51,6.61,4.96,16.61,3.66,11.26,18.31,19.85,0.46,4.29,Fruity
8.62,11.99,18.0,15.9,9.32,9.11,7.54,5.07,7.0,16.17,8.79,9.98,7.96,16.15,10.73,3.42,Gasoline-like
11.33,0.1,8.41,7.1,8.4,7.28,3.04,9.46,2.93,18.0,6.06,6.08,11.5,24.6,3.42,3.68,Fruity
18.78,9.0,26.31,7.79,4.97,5.11,4.93,12.9,2.69,21.6,8.68,13.32,15.45,15.04,10.96,13.11,Alcoholic
13.28,7.94,2.92,9.03,10.9,6.81,0.91,0.28,4.48,15.59,2.45,5.12,18.56,21.99,0.39,4.29,Fruity
6.88,11.71,7.3,9.48,4.45,0.33,1.69,5.5,3.85,19.28,9.07,10.1,18.26,11.56,7.16,0.35,Fruity
21.28,15.22,22.88,14.15,9.05,3.96,7.74,12.45,8.47,14.68,11.74,6.42,3.5,11.29,2.25,13.91,Alcoholic
19.85,2.46,21.41,19.03,11.16,8.77,3.01,13.68,3.82,14.39,8.47,6.03,8.93,0.62,11.2,12.67,Chemical
26.42,5.7,13.49,6.1,3.7,6.51,1.19,7.76,2.57,13.72,17.22,5.92,18.87,23.57,2.9,15.39,Fruity
10.81,7.6,2.11,18.83,0.36,5.15,7.28,13.15,1.3,6.54,13.53,3.95,10.44,7.28,10.75,15.63,Chemical
22.48,16.07,30.47,8.81,5.26,6.71,4.31,14.45,4.21,5.95,7.82,8.57,10.42,19.56,0.82,10.21,Alcoholic
22.88,10.78,16.64,7.09,3.36,6.99,4.28,1.33,5.53,6.89,6.8,6.84,15.83,16.67,5.89,4.77,Alcoholic
9.1,4.76,7.25,8.61,8.35,0.1,4.74,16.28,6.14,16.46,8.28,8.5,7.45,6.05,10.95,14.33,Chemical
7.69,5.42,4.79,10.88,9.0,6.78,2.15,15.78,1.15,6.66,0.51,7.82,1.9,10.4,9.93,12.43,Chemical
20.35,11.86,14.63,7.35,10.04,7.31,6.13,6.27,6.91,12.24,12.3,11.29,3.02,0.1,4.82,9.27,Gasoline-like
7.41,1.74,14.02,5.73,5.25,5.38,4.2,15.27,1.64,2.08,5.97,4.5,10.93,12.46,11.2,11.28,Chemical
6.97,9.8,14.77,8.07,7.65,0.73,2.01,5.55,8.29,10.03,13.0,9.14,8.79,22.0,5.5,5.94,Sweet
13.89,6.85,20.33,5.21,12.59,3.27,2.63,13.51,3.41,4.34,3.43,5.46,9.98,12.81,11.4,13.01,Chemical
17.74,9.26,14.84,4.75,4.22,3.73,2.58,11.43,4.96,13.29,11.41,11.27,18.28,26.06,4.64,4.54,Fruity
13.78,9.09,15.31,13.63,8.11,3.07,7.08,12.09,3.37,0.66,12.64,5.2,9.16,7.79,15.09,14.6,Chemical
17.05,11.76,21.93,8.8,6.19,4.29,2.45,7.62,7.59,13.37,11.45,10.48,8.6,12.31,2.24,7.63,Alcoholic
10.63,3.26,11.96,14.98,8.63,9.6,2.65,2.03,6.67,13.03,7.13,8.24,15.03,11.96,6.26,6.89,Gasoline-like
16.38,8.19,4.66,7.26,8.49,2.26,8.8,10.46,7.73,13.87,10.71,10.77,21.48,14.73,5.66,6.07,Sweet
3.32,3.65,13.78,15.9,15.62,7.85,4.2,9.22,0.1,6.59,8.94,8.57,12.97,18.9,1.94,3.49,Gasoline-like
7.51,10.69,26.56,17.74,7.72,8.53,2.71,5.23,4.82,7.5,11.82,0.1,10.25,10.45,3.44,5.11,Gasoline-like
22.58,11.94,20.0,14.35,9.24,10.97,8.36,16.7,1.12,9.26,7.0,2.45,14.13,6.91,1.48,4.32,Alcoholic
12.09,3.58,15.89,7.72,6.55,2.71,1.28,12.67,1.27,12.44,12.65,5.81,9.63,10.07,11.56,14.57,Chemical
18.15,11.09,2.95,23.21,14.24,8.12,3.62,11.29,4.85,17.96,7.16,2.76,9.07,16.44,3.12,14.46,Gasoline-like
20.01,11.75,3.36,11.18,2.47,6.93,7.38,18.62,3.87,9.96,8.61,10.43,10.91,8.37,6.86,7.91,Chemical
20.14,12.27,23.66,17.27,7.95,4.36,6.36,6.64,2.45,8.44,11.73,7.4,4.12,8.61,3.46,12.18,Alcoholic
7.95,2.25,4.51,8.8,14.08,1.42,3.34,12.99,3.34,2.4,13.53,4.77,15.56,11.92,10.41,16.2,Chemical
11.93,10.09,8.0,7.0,7.72,6.45,3.67,10.67,8.22,8.44,12.5,12.47,14.95,13.22,2.51,9.86,Sweet
9.93,10.11,8.19,18.21,11.57,3.57,7.13,8.37,3.45,14.8,11.06,8.89,19.41,22.84,9.2,11.05,Fruity
0.1,2.27,15.25,9.69,8.21,2.09,2.29,14.23,2.17,3.26,5.73,6.91,9.14,8.24,13.2,14.64,Chemical
8.85,8.01,15.17,6.33,4.8,0.1,4.17,8.88,7.75,4.74,10.63,9.32,4.24,6.17,7.5,11.08,Sweet
17.95,11.38,24.5,11.41,3.6,5.13,3.99,5.17,3.92,3.73,10.78,5.85,13.93,3.43,1.11,9.24,Alcoholic
11.46,8.28,0.1,16.75,9.38,5.76,3.3,9.7,3.82,7.16,0.1,4.25,6.66,16.41,1.48,12.05,Gasoline-like
15.59,6.71,9.08,4.57,6.59,7.33,8.35,9.21,4.72,20.37,9.59,9.2,16.13,15.11,4.88,5.79,Fruity
15.14,4.28,7.77,11.82,2.97,7.23,3.14,16.74,4.3,7.99,0.1,8.16,2.86,6.33,9.82,13.46,Chemical
10.08,7.34,8.99,11.11,0.4,6.19,5.91,10.67,8.19,4.99,13.04,11.16,13.88,12.27,5.27,12.68,Sweet
19.39,10.21,14.0,14.34,6.98,4.42,3.08,12.33,8.32,10.88,2.69,9.12,12.65,4.84,10.29,15.57,Chemical
20.27,9.49,19.93,11.17,11.49,2.96,5.68,2.72,4.35,11.83,7.18,9.03,13.19,16.2,6.84,5.26,Alcoholic
8.8,7.5,10.66,19.23,7.0,5.47,3.18,8.76,6.15,18.08,13.49,10.44,10.24,14.61,9.7,11.42,Sweet
17.38,6.81,15.3,8.47,9.06,3.98,7.55,10.2,6.82,8.71,12.88,9.45,6.51,10.86,5.35,10.24,Sweet
22.16,13.54,21.89,9.55,8.27,2.35,2.98,9.78,4.56,10.07,4.83,7.68,17.54,8.45,6.88,3.04,Alcoholic
0.1,9.77,9.65,12.58,13.16,8.52,7.89,11.76,4.83,15.14,9.89,7.25,13.71,11.31,3.78,17.59,Gasoline-like
24.73,5.03,9.18,10.29,3.86,3.73,0.1,9.71,6.71,10.98,11.69,10.97,10.6,14.15,5.41,12.82,Sweet
12.11,7.68,13.61,5.0,5.69,2.08,1.06,12.41,6.57,13.61,11.49,5.46,17.81,22.49,6.63,10.7,Fruity
8.79,2.99,1.05,10.57,0.1,3.33,5.56,12.92,9.13,4.73,9.81,8.37,10.92,10.27,3.37,1.5,Sweet
3.83,6.27,5.67,10.42,4.23,4.18,2.98,14.55,9.73,9.96,10.64,10.76,0.1,14.79,3.07,8.25,Sweet
25.58,12.86,25.02,13.04,10.79,6.57,4.06,11.21,4.95,10.33,9.27,9.61,15.68,15.4,8.07,5.39,Alcoholic
6.93,9.63,11.0,15.33,2.8,6.77,5.26,4.48,6.05,5.66,11.84,12.23,2.94,8.79,5.48,4.92,Sweet
10.55,6.5,12.22,15.92,10.98,10.6,3.61,13.33,6.16,12.08,0.1,6.49,8.45,10.37,5.29,13.05,Gasoline-like
15.27,5.74,0.58,14.69,7.88,6.3,3.77,14.95,6.52,11.02,6.85,4.44,8.03,0.1,10.93,16.74,Chemical
12.24,0.85,0.47,6.39,5.64,4.47,5.36,16.59,3.95,10.53,5.55,4.81,15.85,9.39,9.99,14.8,Chemical
16.83,12.52,18.94,17.91,6.1,7.67,4.22,13.0,5.78,6.18,5.79,5.64,9.38,4.82,8.28,11.03,Alcoholic
26.82,10.13,18.63,14.13,6.01,5.77,0.1,8.2,2.78,12.6,4.79,5.47,23.41,18.61,7.16,17.02,Alcoholic
20.07,11.07,9.75,7.12,7.23,3.43,5.94,19.33,3.6,12.05,6.47,6.81,16.4,24.63,0.72,8.33,Fruity
24.69,7.72,18.31,15.77,0.1,9.79,5.95,15.19,6.02,8.84,13.12,6.1,14.54,7.45,7.04,14.96,Chemical
15.88,1.55,19.55,12.29,14.85,3.36,6.02,11.2,8.18,10.74,13.89,10.55,6.87,6.99,9.04,9.48,Chemical
15.19,6.83,6.95,10.86,9.58,8.02,5.28,16.01,5.38,6.88,11.17,8.39,17.84,12.13,9.22,16.85,Chemical
3.69,4.77,12.91,11.61,8.95,7.51,4.09,5.12,3.28,14.3,4.49,10.38,13.67,18.51,6.88,4.73,Fruity
26.58,10.0,18.08,2.45,10.34,1.95,5.58,10.37,6.25,10.4,9.76,4.67,19.05,12.27,6.94,7.58,Alcoholic
12.82,8.67,19.36,17.84,7.77,7.75,8.18,1.34,0.1,18.23,9.47,5.31,3.45,11.76,8.0,10.24,Gasoline-like
11.36,4.36,3.63,14.35,11.93,8.11,4.64,4.12,1.18,9.69,4.39,8.32,9.01,11.42,7.97,10.99,Gasoline-like
0.1,4.23,14.93,7.33,7.15,10.24,3.36,12.61,2.77,5.69,5.62,7.37,11.4,10.52,9.98,13.67,Chemical
12.87,7.09,8.04,15.43,12.39,12.53,4.73,10.29,5.74,8.36,4.08,10.21,9.06,3.78,9.11,4.69,Gasoline-like
8.6,7.51,16.84,18.95,14.01,8.51,3.55,6.76,2.5,2.04,5.51,2.58,10.72,10.66,11.2,4.5,Gasoline-like
0.1,5.12,0.29,3.11,8.91,5.54,8.93,3.22,7.32,7.45,12.61,12.93,14.3,20.45,2.38,8.67,Sweet
20.27,14.74,19.89,2.05,6.44,4.08,2.58,12.85,5.2,16.54,9.79,0.1,14.31,3.91,2.22,9.62,Alcoholic
17.31,13.23,23.67,10.2,7.9,6.49,6.26,3.88,2.64,10.22,0.1,1.52,7.68,18.13,4.82,6.09,Alcoholic
18.81,12.59,17.97,14.15,11.53,8.4,5.56,14.3,2.69,8.13,10.21,4.92,7.4,10.46,1.9,7.3,Gasoline-like
4.98,8.57,5.65,0.78,1.93,6.52,4.77,15.72,3.44,5.13,3.82,11.3,17.32,11.38,11.34,13.21,Chemical
5.15,11.25,11.34,21.68,12.37,11.12,6.78,8.11,4.48,15.6,11.61,6.34,9.38,9.4,6.52,6.67,Gasoline-like
11.59,0.25,7.17,18.68,15.66,10.5,7.06,3.22,3.31,4.02,3.35,0.98,10.36,10.22,2.76,6.75,Gasoline-like
24.76,12.49,25.6,14.31,6.81,2.0,5.35,7.72,3.9,8.77,7.53,8.65,5.35,9.09,2.64,2.8,Alcoholic
16.63,7.94,8.88,9.84,5.34,8.86,6.41,19.9,5.99,14.61,6.12,7.94,6.55,11.47,10.57,7.87,Chemical
6.08,0.1,9.99,8.11,8.05,3.92,6.08,4.67,5.4,17.73,1.63,8.56,17.35,21.04,2.0,13.67,Fruity
19.07,11.72,21.4,10.35,3.0,7.36,5.67,7.67,2.54,11.24,6.89,9.29,11.89,14.92,6.41,6.08,Alcoholic
10.86,6.0,16.45,17.92,11.88,8.44,3.26,6.18,3.95,9.59,12.41,6.98,4.39,12.72,1.36,16.34,Gasoline-like
10.43,6.11,11.29,11.6,6.51,4.04,2.56,13.04,7.55,13.46,12.15,11.36,10.98,5.25,11.25,7.18,Sweet
11.96,10.12,4.82,8.47,6.8,6.6,2.71,12.05,3.6,14.58,15.51,9.75,1.57,17.36,8.45,12.76,Chemical
21.73,4.45,13.17,15.98,8.14,10.24,6.91,13.17,10.51,1.3,3.43,6.76,5.78,7.96,5.96,6.81,Gasoline-like
26.57,11.14,24.25,15.6,6.87,3.07,5.6,9.13,4.21,11.12,11.07,5.97,10.6,7.18,7.45,8.12,Alcoholic
0.83,10.06,17.79,14.62,16.08,7.05,4.81,13.85,5.8,0.48,7.5,6.88,18.09,15.75,6.2,9.38,Gasoline-like
12.91,3.25,11.44,5.17,11.45,10.06,7.71,11.43,4.53,14.06,5.83,6.58,17.74,19.46,7.8,7.28,Fruity
23.27,5.36,23.35,3.85,10.38,4.35,8.42,9.05,7.7,15.64,8.15,10.69,3.82,12.99,5.59,8.0,Sweet
27.26,12.37,18.87,1.24,5.52,7.51,4.68,6.06,7.37,8.2,0.12,7.6,14.2,12.95,0.1,10.46,Alcoholic
16.5,8.2,3.51,12.81,5.7,4.66,3.72,8.4,3.61,17.57,13.83,3.69,23.32,13.12,3.91,7.95,Fruity
17.42,4.13,14.42,14.45,5.78,5.42,4.12,12.13,6.4,9.15,12.82,13.05,10.79,8.76,6.78,3.59,Sweet
18.64,10.52,18.21,10.8,2.98,0.88,5.84,9.43,5.65,10.33,13.97,7.68,5.59,8.98,9.46,5.64,Alcoholic
14.91,13.51,14.6,9.83,8.27,5.77,4.07,3.62,6.32,16.17,3.2,2.35,8.99,16.15,10.02,1.33,Alcoholic
7.78,2.81,11.02,10.08,6.83,6.11,3.49,16.01,5.55,14.3,4.19,2.69,15.39,3.57,10.76,13.18,Chemical
10.2,14.84,6.36,13.97,13.92,2.84,6.9,14.96,7.14,2.94,2.89,4.55,5.07,10.73,13.59,13.87,Chemical
14.61,3.93,4.23,10.68,11.56,9.1,3.75,16.22,2.04,12.32,7.15,7.41,4.25,1.8,9.95,11.17,Chemical
19.99,0.16,2.65,5.82,11.16,5.38,5.47,15.62,4.62,12.59,4.03,8.71,17.28,26.25,8.7,3.48,Fruity
25.45,10.41,17.79,14.94,9.11,5.8,1.61,2.47,3.41,13.42,12.59,3.44,21.74,12.81,2.98,9.83,Alcoholic
0.1,3.72,11.7,13.6,12.37,9.25,0.1,9.0,4.0,10.68,3.25,5.84,1.43,7.85,5.18,9.55,Gasoline-like
11.12,7.81,7.09,1.24,9.54,4.67,6.1,11.31,3.82,16.41,9.46,2.61,22.53,21.32,1.12,8.2,Fruity
16.03,8.15,6.42,14.05,12.03,9.93,1.31,2.38,3.62,6.98,7.78,9.89,11.19,18.52,3.37,6.27,Gasoline-like
5.3,9.24,9.67,9.74,6.05,5.61,6.06,9.06,5.87,14.03,3.31,3.1,14.57,26.35,4.59,4.73,Fruity
20.32,7.84,16.85,9.49,0.16,3.57,0.1,7.64,7.41,9.73,14.16,11.43,14.4,22.67,4.59,2.27,Sweet
17.79,12.16,14.35,18.07,12.82,7.62,1.35,7.03,2.48,0.68,4.25,6.02,14.02,4.07,6.6,7.32,Gasoline-like
5.79,11.55,13.59,12.3,1.02,7.08,2.21,7.63,7.6,5.48,15.35,11.29,14.57,9.07,6.97,14.21,Sweet
11.87,3.34,9.97,12.48,5.72,5.13,5.46,17.82,3.05,16.92,7.93,5.88,17.56,15.39,9.01,11.8,Chemical
5.77,3.52,10.53,4.55,3.06,6.86,6.71,4.12,1.63,17.06,6.59,9.16,17.67,14.6,8.48,12.32,Fruity
23.7,10.6,21.13,5.9,5.66,1.89,5.62,4.36,1.64,6.29,9.7,3.78,4.94,13.7,7.92,0.1,Alcoholic
18.03,8.27,7.3,12.25,0.1,10.72,5.13,15.37,9.66,7.4,16.36,9.47,13.42,16.53,8.63,9.74,Chemical
13.83,9.99,13.08,12.71,8.37,5.22,0.8,4.41,8.75,1.45,13.4,11.46,19.73,10.72,4.03,13.26,Sweet
14.11,8.73,17.42,13.04,8.17,2.73,4.35,21.03,1.25,9.27,10.07,0.1,3.89,18.95,10.37,12.24,Chemical
11.86,4.27,16.99,12.91,13.52,7.06,7.0,9.0,4.93,0.1,3.44,4.08,18.43,12.96,2.56,8.84,Gasoline-like
9.86,2.45,14.32,7.68,7.31,0.1,2.02,11.85,8.93,20.53,15.69,9.67,19.46,16.2,10.39,7.51,Sweet
26.59,9.59,19.31,7.09,11.01,9.38,5.9,6.59,2.45,4.11,5.15,7.01,9.93,15.72,4.3,6.03,Alcoholic
10.75,6.91,0.79,12.86,11.81,10.38,3.61,5.21,5.08,7.92,8.82,8.99,4.08,11.98,6.9,14.12,Gasoline-like
17.69,1.38,13.65,13.31,8.87,6.21,5.18,11.85,3.41,11.51,3.97,10.19,14.7,13.81,4.87,7.36,Gasoline-like
9.62,10.87,24.91,9.07,4.53,0.65,5.22,7.03,10.32,14.59,11.25,12.48,6.14,8.83,6.37,5.88,Sweet
16.93,4.05,7.75,6.91,8.72,8.4,3.22,16.75,5.67,13.4,4.62,6.76,4.15,0.1,7.57,12.41,Chemical
6.87,8.89,15.2,16.36,13.15,8.21,5.1,1.12,2.86,7.84,12.04,3.03,5.15,5.69,6.12,4.43,Gasoline-like
9.08,5.73,0.1,5.68,10.59,4.62,6.62,11.81,1.97,12.28,8.28,6.33,15.24,6.81,8.99,11.85,Chemical
22.97,9.75,21.28,11.86,11.9,5.65,2.66,0.94,6.4,24.61,7.71,6.02,4.82,1.71,7.89,9.15,Alcoholic
20.6,11.46,18.8,4.04,4.17,1.98,4.09,13.96,2.77,6.56,14.33,3.71,7.09,3.59,13.93,10.51,Chemical
21.44,9.74,23.61,13.8,3.08,4.84,2.6,9.11,0.1,6.0,14.5,2.08,8.73,2.23,8.37,13.41,Alcoholic
11.04,3.41,16.88,5.88,8.65,4.41,3.89,8.29,9.1,3.19,13.27,11.7,10.49,17.32,3.07,17.37,Sweet
14.08,10.42,7.89,13.77,0.72,4.2,7.45,6.62,1.62,10.73,10.82,2.59,17.78,21.76,10.78,8.49,Fruity
0.14,4.1,14.88,10.67,9.24,3.78,1.72,12.2,6.15,4.1,7.96,1.97,3.8,17.76,12.21,13.85,Chemical
9.29,6.21,15.57,13.38,3.7,7.52,7.2,10.24,6.72,9.48,12.79,14.36,17.92,11.11,12.12,9.26,Sweet
8.62,8.64,16.69,1.84,11.61,3.42,2.59,12.96,0.21,16.24,12.12,6.86,9.83,19.71,9.66,14.56,Chemical
15.17,11.09,14.2,16.91,9.92,7.68,3.44,13.68,5.18,11.5,12.07,0.1,12.77,0.1,10.05,12.35,Chemical
14.0,1.75,9.53,6.49,5.9,5.17,3.26,3.12,8.92,9.91,11.09,10.74,19.28,10.21,9.61,3.22,Sweet
6.72,12.02,13.12,12.38,10.42,8.99,6.78,9.31,5.97,19.15,5.82,2.79,16.17,12.6,7.09,0.1,Fruity
21.93,13.32,27.69,5.26,0.51,7.31,3.93,7.02,6.08,10.07,2.24,3.82,18.11,9.35,6.9,0.1,Alcoholic
16.04,4.28,16.3,19.65,10.65,10.1,0.65,5.75,5.48,8.9,10.9,4.22,12.18,13.66,11.54,13.91,Gasoline-like
23.69,7.15,26.97,7.14,3.81,1.45,7.74,8.77,8.16,7.65,6.44,8.55,10.48,19.07,4.79,8.64,Alcoholic
23.77,0.1,5.01,8.7,8.5,7.85,5.13,3.97,5.9,17.05,9.96,6.79,11.35,16.62,8.14,9.73,Fruity
8.78,9.46,14.38,16.04,9.4,8.49,4.78,2.79,0.82,14.12,10.21,7.0,5.34,0.1,5.51,0.89,Gasoline-like
10.36,5.18,2.83,1.08,7.45,5.02,5.81,13.51,7.98,2.77,13.45,7.82,9.14,7.87,11.34,15.35,Chemical
3.7,7.24,15.72,14.69,3.56,6.99,1.16,10.12,7.36,13.22,2.62,6.93,12.56,17.58,5.92,6.75,Fruity
19.54,12.85,21.59,7.68,7.21,10.11,3.27,16.37,4.56,12.0,5.06,10.16,11.9,3.55,4.12,7.35,Alcoholic
28.37,15.43,23.18,9.19,7.27,8.55,8.42,5.45,8.02,11.96,7.64,8.74,10.72,17.96,5.67,14.48,Alcoholic
8.77,9.38,21.84,19.5,11.75,8.61,0.88,12.68,0.1,13.94,11.32,5.13,12.92,16.03,7.98,4.85,Gasoline-like
15.94,7.27,8.69,14.95,9.91,7.5,8.22,12.05,1.86,2.62,5.36,5.2,12.56,7.87,12.45,5.67,Gasoline-like
12.73,3.05,5.84,0.1,2.13,8.83,3.55,17.03,4.03,10.11,10.9,9.24,11.61,14.21,10.98,14.44,Chemical
7.17,8.83,24.92,9.09,6.87,3.13,5.94,15.8,4.87,16.2,6.04,8.2,6.58,12.83,12.19,13.92,Chemical
9.28,0.22,8.51,12.49,11.05,7.94,8.32,3.81,4.79,11.72,4.67,2.48,12.17,14.33,5.38,4.84,Gasoline-like
15.22,9.59,9.38,7.55,9.44,11.98,5.79,11.41,4.85,14.16,5.82,5.88,11.06,17.27,5.21,5.18,Fruity
14.59,13.4,24.14,13.16,3.0,5.53,3.88,8.26,2.71,10.04,3.38,4.11,5.7,9.54,2.49,6.87,Alcoholic
0.1,0.1,16.47,5.46,3.49,6.29,7.04,14.33,7.11,10.52,9.47,5.51,21.08,18.71,10.16,15.04,Chemical
8.07,14.64,17.89,8.6,0.1,4.6,6.74,5.31,10.84,12.41,12.37,10.37,11.09,5.51,6.94,7.42,Sweet
20.81,6.98,19.76,18.29,14.44,7.08,5.71,10.75,3.29,12.72,10.4,9.36,12.9,16.39,7.88,13.34,Gasoline-like
3.52,6.92,25.51,11.29,11.1,2.6,7.3,15.51,6.89,6.16,4.84,6.89,5.59,12.32,9.25,13.11,Chemical
6.56,5.41,12.0,13.77,5.03,7.84,2.39,11.09,7.36,0.79,15.54,11.62,10.83,4.62,9.9,10.74,Sweet
20.95,0.1,17.35,19.89,8.68,8.06,2.69,3.48,3.56,5.19,8.32,9.05,17.31,13.68,11.64,13.17,Gasoline-like
19.97,14.03,17.85,0.1,0.1,0.34,8.56,6.45,6.3,9.02,8.65,4.48,16.14,13.91,8.08,11.3,Alcoholic
19.49,14.6,23.59,5.45,0.1,1.21,1.84,8.73,7.71,8.22,14.15,2.4,9.79,17.28,9.0,4.6,Alcoholic
9.34,0.1,5.28,19.23,10.65,9.6,8.06,10.65,3.45,6.72,8.82,6.11,5.08,11.28,6.47,0.59,Gasoline-like
25.84,14.91,22.55,13.36,6.27,3.4,5.53,9.84,4.16,17.39,9.47,7.58,13.15,28.82,1.28,5.99,Alcoholic
2.46,6.19,4.28,9.35,7.79,0.1,4.5,7.64,5.23,15.79,6.78,4.51,15.35,18.17,6.62,11.89,Fruity
0.1,5.73,17.97,8.01,2.93,2.01,4.99,11.41,8.65,9.34,10.83,8.56,15.71,23.37,7.46,9.21,Sweet
8.08,5.54,10.33,3.85,6.04,4.51,3.03,11.32,3.37,18.66,13.35,2.18,18.64,17.26,7.12,1.24,Fruity
24.54,10.62,22.77,5.48,7.95,0.81,0.35,11.3,3.45,17.91,10.37,7.01,16.14,13.74,7.05,13.69,Alcoholic
13.59,8.56,8.66,15.17,11.19,9.66,0.1,8.42,1.02,12.25,9.4,9.92,3.24,16.43,6.21,11.99,Gasoline-like
10.79,4.29,24.3,12.52,7.51,6.57,5.05,20.17,3.72,6.73,6.26,3.95,8.05,16.71,8.5,13.75,Chemical
15.21,6.83,13.41,7.55,12.45,3.41,6.01,11.85,3.5,7.46,8.02,7.82,6.34,10.97,8.37,11.17,Chemical
22.87,8.79,20.84,5.28,1.05,4.66,1.74,7.09,4.82,8.1,12.48,3.13,13.39,13.91,7.67,10.6,Alcoholic
8.86,4.97,2.62,4.37,9.21,3.56,2.64,11.97,5.66,3.84,3.77,4.85,11.16,17.84,11.48,11.77,Chemical
14.48,2.54,22.94,20.66,11.41,11.17,3.98,4.73,9.4,12.16,5.43,8.65,14.95,13.16,4.88,4.73,Gasoline-like
23.98,11.5,20.57,5.17,7.35,4.5,4.08,10.57,6.45,9.42,14.22,1.09,3.52,0.1,0.1,8.26,Alcoholic
4.86,9.58,9.74,14.98,7.22,3.52,6.1,9.4,8.25,6.66,6.77,8.31,9.31,15.72,10.12,3.67,Sweet
20.15,4.59,7.21,15.17,11.39,6.63,6.49,11.23,4.52,12.51,9.15,8.48,6.47,6.91,9.41,11.01,Gasoline-like
23.73,1.96,11.0,11.06,1.84,5.3,2.57,20.18,4.69,9.75,15.05,4.9,17.28,16.26,6.66,12.71,Chemical
6.48,7.74,15.77,18.49,10.65,9.36,2.5,12.34,6.93,6.7,10.94,4.73,10.27,12.22,9.28,12.72,Chemical
15.15,7.9,14.72,14.53,12.6,9.27,2.94,2.66,2.75,5.52,7.55,10.38,17.65,16.6,8.3,5.53,Gasoline-like
17.64,0.33,22.0,3.76,7.85,4.1,6.2,2.66,9.97,5.25,13.78,9.46,18.94,1.24,0.1,13.99,Sweet
16.34,6.93,19.53,16.82,13.61,1.5,6.63,5.32,8.28,13.09,16.2,11.84,12.65,4.05,2.18,2.69,Sweet
10.0,6.75,10.84,14.19,5.92,8.13,7.24,0.22,7.36,3.55,17.35,12.08,12.69,14.74,4.35,10.74,Sweet
14.1,10.7,1.87,20.18,14.48,6.72,4.42,8.35,0.36,5.67,7.33,5.94,3.58,12.51,2.19,6.57,Gasoline-like
10.36,6.44,13.94,8.3,1.69,2.53,3.39,8.24,5.28,18.32,8.0,4.31,15.55,17.19,2.67,12.64,Fruity
11.67,9.57,5.93,16.77,9.55,4.72,1.84,9.64,8.45,5.61,14.97,11.46,16.34,7.24,2.73,7.75,Sweet
4.35,10.6,9.07,14.53,13.15,7.86,4.81,11.22,3.7,4.98,3.5,5.82,9.42,25.59,2.92,8.58,Gasoline-like
0.1,9.83,4.39,21.15,11.29,8.62,9.02,13.42,4.54,10.15,1.77,9.48,6.41,15.04,5.62,1.8,Gasoline-like
11.7,4.2,15.9,17.04,10.88,9.57,4.12,9.61,2.95,1.02,4.77,2.9,6.79,10.13,6.52,6.14,Gasoline-like
13.42,9.26,16.31,13.7,2.82,9.02,4.88,5.02,3.01,19.67,6.0,4.73,21.86,14.88,3.26,3.2,Fruity
16.9,7.39,20.48,4.7,1.54,3.34,6.34,19.69,9.65,15.01,11.87,15.29,14.5,12.25,8.41,1.63,Sweet
20.78,14.61,25.37,6.21,5.65,4.18,0.1,13.49,0.37,2.8,14.54,7.36,6.26,12.04,8.8,4.23,Alcoholic
15.93,12.83,7.93,15.4,14.08,7.21,5.73,7.04,4.75,6.79,3.63,0.1,5.26,14.34,6.51,4.22,Gasoline-like
16.03,8.29,11.31,5.89,7.36,5.42,6.61,11.36,7.74,13.17,4.04,5.19,17.99,18.51,6.28,2.45,Fruity
27.88,12.18,24.79,10.6,5.11,8.89,7.19,5.88,1.19,10.69,11.7,3.99,12.42,5.35,6.2,2.93,Alcoholic
0.1,6.69,17.19,6.93,5.9,5.63,8.85,10.18,9.45,14.1,12.49,13.12,11.39,12.27,8.64,6.8,Sweet
23.7,1.57,2.84,7.18,8.01,4.03,4.32,14.13,2.24,4.69,5.86,2.48,0.1,11.97,6.7,15.32,Chemical
14.91,8.68,12.94,11.26,4.13,1.84,2.98,11.24,6.89,12.29,14.5,11.6,8.82,13.65,4.73,6.54,Sweet
14.65,0.1,8.84,13.51,12.87,10.18,1.19,4.74,2.18,10.88,11.56,6.6,14.16,17.8,4.05,7.62,Gasoline-like
16.35,10.54,10.5,16.38,4.26,4.62,3.47,2.42,6.7,14.58,5.57,2.82,19.12,17.59,4.0,5.87,Fruity
11.99,3.77,17.52,2.9,10.93,2.35,4.15,12.78,4.55,11.28,6.3,12.89,4.04,13.66,11.54,11.37,Chemical
0.21,6.56,0.1,19.23,3.11,1.72,4.72,9.4,6.6,8.1,12.5,13.0,0.1,14.82,8.74,6.1,Sweet
20.83,12.03,8.65,9.27,8.95,3.16,6.52,0.94,5.61,15.08,12.76,8.74,13.49,24.53,10.89,9.01,Fruity
19.46,13.86,19.48,10.92,7.41,0.58,8.13,4.71,3.99,9.68,11.87,3.16,7.16,14.0,6.14,7.36,Alcoholic
21.54,16.47,21.62,8.66,3.15,3.17,8.9,6.84,5.1,6.8,17.08,4.81,3.54,9.7,6.42,0.65,Alcoholic
10.6,11.29,8.59,11.33,5.45,2.18,8.6,18.36,4.58,3.02,2.16,8.58,13.11,12.81,14.13,14.64,Chemical
18.79,9.22,20.88,11.39,4.78,5.32,4.86,0.24,3.93,15.67,7.96,7.58,16.6,16.77,6.91,8.49,Fruity
25.36,9.9,20.39,10.89,3.18,6.95,1.65,2.64,2.32,12.68,6.09,5.07,8.25,5.66,10.08,4.89,Alcoholic
11.39,5.71,8.42,4.79,5.12,3.51,5.77,8.86,0.3,20.04,9.12,8.61,22.66,16.42,11.79,5.56,Fruity
11.92,10.04,7.32,1.42,3.63,6.52,4.69,9.67,7.06,10.46,10.94,10.35,3.6,11.48,5.63,2.91,Sweet
12.51,4.82,15.48,16.28,6.33,9.31,3.58,10.97,7.32,5.84,12.77,11.61,10.11,15.51,8.57,11.5,Chemical
7.22,7.92,12.18,4.73,6.17,5.89,8.27,15.14,8.05,13.68,3.09,6.84,22.3,19.16,0.75,4.0,Fruity
15.82,3.5,21.42,7.81,11.63,2.25,9.39,10.72,3.88,14.47,4.36,5.94,18.6,17.78,4.25,16.81,Fruity
13.59,7.49,9.88,15.32,11.97,10.25,3.38,11.37,2.46,11.73,4.6,8.09,3.34,15.71,8.17,10.97,Gasoline-like
12.97,4.43,16.47,9.36,9.34,11.44,4.12,10.07,3.49,16.51,13.64,6.18,18.65,23.34,5.74,6.01,Fruity
24.58,1.49,1.26,14.86,9.85,8.51,9.58,20.65,1.38,7.71,6.12,5.71,1.08,19.64,9.14,4.08,Gasoline-like
23.33,0.1,23.1,2.68,4.02,3.81,2.05,15.15,3.41,5.44,2.87,9.83,9.65,14.45,11.9,14.19,Chemical
5.14,6.84,13.96,18.54,12.28,7.92,3.24,4.79,3.12,7.58,3.51,12.29,9.75,17.74,6.35,2.06,Gasoline-like
25.91,11.13,20.2,8.37,3.69,3.4,2.91,4.92,6.61,12.56,10.82,2.45,0.1,10.91,4.93,5.83,Alcoholic
11.42,14.7,0.1,14.35,9.44,9.31,6.89,10.78,4.39,6.64,0.53,7.45,21.07,5.36,6.53,9.54,Gasoline-like
13.17,12.72,11.02,18.27,12.58,9.97,1.34,6.19,2.24,12.69,3.45,3.83,11.05,20.6,5.94,0.53,Gasoline-like
17.07,8.6,11.58,13.85,13.6,10.58,2.15,5.12,5.51,10.71,6.23,7.29,16.07,13.19,1.64,3.19,Gasoline-like
7.72,7.31,19.36,5.46,0.1,1.39,5.32,17.48,1.5,12.86,0.1,7.84,5.47,24.18,6.81,13.54,Chemical
14.91,8.49,8.52,0.1,4.21,2.81,10.62,8.65,9.38,6.8,11.72,14.8,16.04,15.36,10.33,12.92,Sweet
17.97,8.28,21.83,10.91,3.27,2.99,6.19,2.45,4.96,14.19,10.67,3.31,5.58,9.25,3.02,0.1,Alcoholic
21.5,11.54,23.67,1.27,2.76,2.16,6.2,1.96,5.73,6.22,11.99,9.05,11.93,5.53,1.74,9.95,Alcoholic
24.2,4.36,7.65,5.66,13.91,7.93,10.46,9.3,5.87,11.68,10.44,1.28,17.71,16.01,5.14,2.79,Fruity
12.17,4.0,9.5,18.18,5.78,5.88,5.45,11.81,6.67,15.79,9.54,8.74,1.7,12.17,12.41,14.52,Chemical
13.96,7.19,16.81,9.28,12.66,7.2,5.51,6.41,5.06,15.23,4.2,6.67,14.72,21.7,7.83,4.61,Fruity
4.31,3.66,15.22,10.76,5.64,7.1,4.08,1.85,4.02,15.57,10.3,4.62,16.08,19.47,6.8,7.95,Fruity
18.18,7.67,12.4,9.31,15.84,6.32,7.68,13.8,7.5,10.58,6.4,9.58,15.14,12.34,10.01,16.44,Chemical
25.61,11.26,18.11,8.18,0.51,4.04,1.85,13.06,6.59,13.87,9.7,8.83,17.76,9.85,0.32,6.54,Alcoholic
21.4,13.56,24.35,6.4,4.11,0.69,1.84,5.41,6.69,9.49,4.48,7.28,3.36,16.62,10.21,11.68,Alcoholic
21.33,15.35,12.07,11.8,7.57,5.06,0.1,11.49,3.09,8.38,7.89,8.5,14.29,13.15,6.51,6.73,Alcoholic
9.25,9.38,18.28,12.52,13.99,8.49,0.1,10.25,8.07,5.79,0.1,8.58,4.51,20.22,0.1,10.91,Gasoline-like
11.95,8.71,18.72,8.55,6.45,6.57,1.1,7.67,2.0,16.33,6.09,9.6,12.49,17.69,6.53,10.26,Fruity
9.66,7.12,0.1,4.79,13.71,5.12,6.97,13.28,4.29,14.59,10.57,4.42,5.63,19.23,14.42,9.92,Chemical
23.91,13.04,25.21,12.96,4.64,7.43,7.48,9.67,1.14,5.15,4.05,5.78,16.23,7.81,0.1,12.75,Alcoholic
11.43,7.49,11.46,13.95,1.71,3.16,8.57,11.2,8.35,7.88,13.02,10.54,4.09,10.31,12.54,15.58,Sweet
17.26,10.19,12.75,16.64,12.7,7.77,6.93,7.28,3.67,6.87,9.4,4.56,4.93,2.74,6.29,1.58,Gasoline-like
6.04,4.97,4.75,4.59,9.67,5.21,4.94,4.92,7.01,7.52,4.39,10.1,2.59,10.85,6.29,3.98,Sweet
25.89,9.64,21.18,11.44,6.8,8.03,7.39,5.63,4.66,16.83,11.62,4.91,0.1,10.26,8.6,0.1,Alcoholic
28.12,2.33,10.54,6.58,11.21,4.23,8.62,9.42,8.21,13.68,13.13,11.95,8.61,1.02,6.38,10.08,Sweet
17.36,10.08,25.82,15.27,13.58,10.12,6.98,12.68,2.31,12.31,3.25,3.33,7.26,7.47,4.32,0.1,Gasoline-like
24.93,6.06,11.34,9.18,13.02,4.86,2.59,8.89,5.05,15.8,3.55,10.21,18.62,17.12,6.85,4.16,Fruity
3.14,1.64,16.94,14.51,6.94,0.1,6.6,9.03,6.48,12.9,14.46,7.11,16.46,14.65,3.49,11.39,Sweet
27.0,5.52,10.76,9.68,11.91,3.45,7.72,1.06,9.15,3.18,12.01,9.75,16.25,18.37,5.61,2.83,Sweet
15.72,1.69,12.74,11.64,7.16,4.55,8.52,10.72,7.2,3.12,10.19,11.76,14.87,13.15,6.19,11.18,Sweet
14.1,9.7,20.44,10.07,6.69,5.08,0.1,11.99,3.75,9.39,12.07,6.89,12.99,3.77,4.18,10.6,Alcoholic
24.33,11.14,20.62,13.62,10.37,11.19,4.33,4.6,1.76,9.61,7.69,10.22,6.88,20.39,1.06,1.52,Gasoline-like
25.37,10.69,18.81,10.21,5.47,7.49,4.83,8.38,9.66,7.55,5.67,7.78,15.71,11.42,2.93,4.97,Alcoholic
25.68,11.33,16.06,5.16,6.38,5.41,8.56,2.04,4.33,1.81,0.91,2.86,13.05,17.2,4.17,6.12,Alcoholic
10.17,3.1,1.85,15.01,12.43,9.97,6.26,2.84,5.54,11.95,6.62,7.39,5.79,3.61,9.98,6.24,Gasoline-like
18.99,5.53,15.28,8.23,5.32,4.81,1.71,8.19,10.02,3.7,9.74,9.97,12.38,9.22,4.51,9.96,Sweet
19.46,1.52,11.72,15.81,6.14,6.88,8.22,5.41,8.11,13.24,9.6,9.01,14.67,7.12,3.38,1.75,Sweet
25.55,10.24,15.4,6.94,11.1,1.65,0.61,9.38,3.9,13.1,5.63,5.11,19.32,2.17,7.07,8.28,Alcoholic
9.06,6.02,17.62,2.85,4.91,4.29,2.43,5.21,8.46,6.08,11.1,11.13,9.62,3.61,7.65,6.99,Sweet
9.24,5.21,0.1,14.19,5.17,5.82,1.55,9.15,4.46,12.25,9.96,3.12,14.62,12.6,2.89,9.7,Fruity
12.87,6.19,12.59,10.71,7.33,1.45,2.1,4.51,9.17,1.53,9.78,10.83,7.89,11.13,3.14,3.53,Sweet
7.73,7.0,18.4,6.75,7.94,4.51,8.05,13.61,4.77,11.04,13.68,0.74,5.02,19.27,11.81,12.14,Chemical
12.27,8.82,19.4,5.52,4.19,3.65,4.4,9.96,1.86,14.28,3.04,7.89,15.63,21.27,12.03,5.55,Fruity
9.65,6.82,12.52,0.1,3.71,8.08,2.9,8.95,5.45,13.86,3.24,4.23,15.66,16.45,6.25,10.83,Fruity
20.38,6.78,18.86,10.77,8.83,2.22,4.78,16.54,4.97,5.87,8.84,5.83,13.57,14.51,9.97,12.3,Chemical
12.79,7.06,5.5,18.75,17.67,7.44,4.51,11.11,5.92,16.13,6.7,1.06,4.84,7.54,2.31,8.55,Gasoline-like
16.16,12.96,14.1,10.95,0.1,4.07,5.53,11.54,7.06,14.93,3.01,4.53,20.54,9.08,2.09,8.76,Alcoholic
1.37,7.76,5.91,18.98,7.69,10.99,3.98,9.3,5.18,12.99,8.64,2.58,8.96,14.58,4.34,7.01,Gasoline-like
9.45,8.85,25.52,0.1,2.16,3.67,2.94,18.11,4.48,9.87,5.5,6.38,10.68,12.97,11.1,8.46,Chemical
16.02,12.49,9.1,10.01,5.13,8.3,7.13,0.1,2.71,15.06,3.72,3.28,18.32,18.78,2.57,19.46,Fruity
17.75,15.77,18.8,2.87,9.74,8.61,8.37,6.16,2.05,11.08,6.57,8.37,18.11,4.03,9.03,5.08,Alcoholic
9.5,8.62,20.17,3.47,3.41,2.89,4.47,9.03,0.54,14.55,0.88,4.68,18.69,17.24,5.91,3.16,Fruity
27.98,10.51,7.49,17.34,13.47,9.38,8.46,1.89,2.53,8.7,10.83,5.71,9.32,9.64,4.72,10.93,Gasoline-like
16.91,6.28,22.56,10.25,9.22,11.5,3.38,10.03,8.63,2.27,11.25,12.83,9.12,13.04,5.03,16.36,Sweet
13.02,3.02,30.22,11.66,4.87,3.92,0.83,8.37,6.87,10.93,16.24,11.79,16.56,1.11,0.17,13.55,Sweet
11.85,8.45,5.97,14.56,9.57,6.04,3.95,11.98,1.79,12.65,16.32,8.15,0.99,15.26,9.29,10.54,Gasoline-like
13.21,13.31,10.67,6.45,4.78,6.72,7.25,19.07,7.24,13.78,10.73,6.31,12.41,16.59,10.31,11.45,Chemical
25.32,8.04,10.69,19.58,10.43,9.5,0.88,16.23,2.98,1.27,7.41,6.6,9.19,15.98,9.44,12.95,Chemical
8.22,6.59,3.12,7.85,10.51,1.03,7.11,13.93,7.53,9.88,10.51,12.69,9.64,9.6,7.15,10.48,Sweet
12.19,0.1,15.75,15.74,12.6,9.12,8.03,2.02,6.64,16.07,3.9,2.54,14.8,18.83,4.52,1.42,Gasoline-like
11.16,6.22,9.39,14.1,7.19,3.75,6.16,10.99,2.25,19.26,8.87,6.72,18.33,20.52,8.78,7.77,Fruity
17.44,2.9,17.39,9.72,1.45,5.53,3.94,8.14,2.01,10.61,7.72,3.34,17.67,15.71,5.41,9.71,Fruity
11.79,4.8,17.8,10.09,5.78,4.91,7.8,10.95,4.86,9.73,13.75,11.52,9.47,6.79,0.28,6.86,Sweet
19.9,12.59,10.41,5.94,2.75,4.26,6.68,18.25,10.18,16.9,11.18,11.76,9.09,10.91,4.21,13.15,Sweet
11.47,7.18,10.65,5.23,3.54,7.47,4.11,20.34,4.3,11.02,6.41,9.98,5.86,14.81,9.33,13.86,Chemical
24.91,9.06,25.68,6.28,0.19,2.76,4.4,4.27,5.29,13.64,4.76,1.96,5.96,20.59,11.25,1.74,Alcoholic
13.81,6.14,6.72,18.34,10.39,7.6,4.06,13.75,0.18,5.7,6.22,7.99,8.71,5.25,5.45,10.92,Gasoline-like
15.93,12.38,21.78,12.16,9.58,3.92,1.19,8.51,3.58,6.72,0.13,9.2,16.99,16.86,2.5,0.1,Alcoholic
21.78,9.28,29.09,5.43,6.7,4.33,7.4,0.1,5.83,19.31,5.88,1.09,8.57,9.54,7.9,7.82,Alcoholic
29.85,14.59,28.52,5.35,8.22,5.24,5.52,6.97,3.37,7.66,1.83,4.11,13.17,12.65,6.84,7.51,Alcoholic
12.54,2.64,13.07,7.3,10.51,8.76,0.94,9.85,5.73,15.28,7.91,8.33,18.07,18.8,3.45,1.76,Fruity
3.38,7.42,16.2,18.88,13.0,8.52,4.43,13.45,5.83,4.76,10.28,9.13,1.16,11.01,2.67,3.48,Gasoline-like
11.54,5.51,6.97,13.0,9.54,7.22,5.36,7.6,2.46,16.27,9.95,4.41,11.79,20.84,7.7,3.36,Fruity
20.39,6.72,11.69,10.24,6.89,3.89,1.59,14.02,0.1,20.16,4.28,2.44,19.24,24.74,9.72,7.64,Fruity
7.28,8.86,13.31,15.99,9.19,4.17,8.47,5.55,5.28,12.05,11.72,13.47,20.12,18.2,0.1,11.95,Sweet
9.43,4.55,4.02,9.53,5.35,7.0,3.58,13.69,0.1,15.67,6.43,3.39,7.33,16.86,8.24,12.72,Chemical
13.53,1.43,16.46,22.93,10.9,8.21,4.2,14.47,5.72,9.92,5.72,5.11,16.19,15.3,7.49,14.1,Chemical
18.84,12.0,15.04,5.2,9.16,2.34,4.37,12.26,5.98,15.84,9.51,9.67,17.78,28.51,5.84,2.68,Fruity
10.05,5.49,0.1,18.5,11.5,10.39,7.21,13.2,3.49,5.56,13.99,8.72,8.27,7.49,4.31,1.99,Gasoline-like
9.18,9.57,7.19,7.43,3.42,4.08,4.93,14.15,7.34,18.79,7.89,11.45,5.73,12.66,7.84,12.85,Chemical
19.87,6.51,16.65,0.22,0.1,3.43,5.5,9.55,7.48,8.83,14.16,14.31,23.16,18.9,0.1,9.62,Sweet
26.61,12.77,22.34,0.33,7.48,2.52,3.99,5.1,4.5,7.5,8.51,5.68,7.77,5.33,6.14,1.85,Alcoholic
12.95,2.82,19.39,12.47,2.18,8.23,4.07,15.05,7.3,0.1,0.1,8.73,6.73,10.9,7.77,14.03,Chemical
12.01,6.9,11.21,11.34,13.64,10.72,5.85,1.54,4.95,3.66,7.19,5.87,9.62,15.76,4.51,5.22,Gasoline-like
9.49,7.29,16.35,17.14,9.69,9.02,8.36,16.15,1.66,10.25,8.82,2.97,9.43,3.51,0.66,10.45,Gasoline-like
7.98,4.67,8.7,13.87,13.75,10.37,6.55,10.9,3.11,8.89,8.9,13.16,5.49,9.34,2.46,5.03,Gasoline-like
8.87,9.74,7.07,7.91,6.18,1.67,7.72,5.14,8.55,5.63,15.64,11.84,10.11,1.66,4.71,9.77,Sweet
10.44,4.48,7.76,3.05,7.46,7.18,7.27,15.19,2.95,4.49,5.35,9.7,4.39,4.95,11.64,14.06,Chemical
10.19,11.76,15.9,6.06,8.48,7.18,4.75,4.82,6.41,3.85,17.35,7.71,5.67,8.33,1.81,4.86,Sweet
16.67,4.16,5.81,17.0,11.86,8.1,5.51,14.81,8.16,9.09,3.07,3.64,0.83,13.88,7.24,7.53,Gasoline-like
7.74,5.58,16.43,6.45,8.37,2.31,4.54,10.66,6.3,10.38,13.74,11.45,4.62,10.37,1.55,7.29,Sweet
17.23,13.44,22.0,12.24,9.87,7.25,3.63,19.43,2.55,4.3,8.72,7.72,14.83,9.34,8.01,2.17,Alcoholic
22.93,10.15,17.41,9.26,6.64,1.48,5.61,8.6,2.9,4.93,15.48,14.4,7.83,14.9,4.07,14.86,Alcoholic
16.28,7.45,25.02,2.09,9.6,4.05,5.15,8.86,6.47,10.0,5.64,7.43,10.05,0.1,10.23,14.93,Chemical
10.63,0.33,16.05,5.2,9.55,4.06,6.25,4.99,4.31,7.13,15.44,8.9,4.38,20.12,8.22,4.63,Sweet
14.85,8.21,9.98,11.43,7.7,6.19,8.99,16.11,3.6,9.54,7.67,7.46,7.94,10.62,8.67,15.36,Chemical
20.99,7.96,4.86,9.16,9.75,5.02,4.26,3.93,10.28,15.4,7.36,7.64,16.36,20.13,10.18,5.37,Fruity
9.27,6.52,8.1,12.56,8.07,2.8,8.5,10.11,4.43,16.2,6.52,10.78,20.65,24.23,6.83,7.83,Fruity
14.51,8.9,11.48,12.88,12.33,9.98,4.84,6.04,4.98,15.51,11.69,9.34,4.35,5.7,7.82,7.59,Gasoline-like
3.63,5.88,1.3,7.44,8.4,8.79,5.57,13.6,6.29,0.1,8.94,4.96,7.27,12.09,8.88,11.41,Chemical
1.71,0.1,2.68,17.3,10.18,4.4,5.14,5.4,7.7,14.45,10.42,6.29,22.75,22.23,10.07,3.7,Fruity
18.59,14.41,14.52,6.35,9.82,6.97,3.95,9.01,3.39,10.43,10.67,6.05,4.24,19.44,6.95,8.51,Alcoholic
9.52,8.44,17.31,11.06,6.59,6.07,2.37,4.29,4.82,15.35,8.32,6.91,18.84,18.77,0.61,10.54,Fruity
7.29,6.72,19.91,4.43,0.1,5.05,5.96,16.41,4.16,1.95,1.12,8.36,16.38,8.34,12.35,11.12,Chemical
23.53,9.17,2.24,16.69,10.13,9.06,5.23,12.55,9.07,9.2,12.99,8.95,1.07,12.52,8.75,8.9,Sweet
11.0,3.25,6.06,12.81,0.1,4.91,5.62,0.1,5.9,17.07,10.46,0.1,21.07,17.23,8.57,8.5,Fruity
23.9,8.07,4.72,19.1,4.96,1.58,6.29,16.59,3.1,10.26,6.46,3.84,0.1,10.16,11.95,12.58,Chemical
2.33,9.42,20.76,15.66,13.63,5.88,6.58,7.67,2.81,9.27,4.62,2.58,14.27,0.83,4.46,6.28,Gasoline-like
19.54,0.42,9.11,14.52,8.14,0.54,7.09,15.58,1.17,5.07,4.98,4.84,1.3,9.13,9.0,12.33,Chemical
4.04,11.02,8.98,3.85,7.18,2.43,0.1,14.5,5.55,10.07,7.84,7.33,9.3,9.3,7.86,15.73,Chemical
15.67,3.45,10.69,3.8,8.62,9.8,5.28,10.05,9.38,10.23,10.79,7.48,6.45,13.76,1.26,6.46,Sweet
7.97,4.94,7.18,10.07,5.83,3.94,2.43,14.81,6.52,2.73,9.42,4.82,7.29,12.72,10.69,14.01,Chemical
17.18,4.91,4.86,14.01,12.59,8.74,2.69,10.74,4.13,1.59,9.58,6.92,9.23,13.66,3.22,9.12,Gasoline-like
16.67,4.06,13.12,13.37,4.63,4.77,5.85,13.4,2.85,18.0,8.24,7.52,17.29,19.21,9.92,8.75,Fruity
0.1,10.12,25.56,17.49,4.02,3.3,3.18,0.1,5.02,20.13,7.98,8.19,21.1,18.35,9.79,13.03,Fruity
23.27,6.81,7.23,14.8,10.71,10.91,3.31,10.33,3.51,11.67,4.35,6.71,8.25,10.93,8.13,11.69,Gasoline-like
23.6,12.75,13.27,12.67,8.43,2.94,5.24,6.11,4.87,19.32,7.21,5.19,5.48,17.27,7.2,4.81,Alcoholic
7.71,8.17,2.0,9.57,10.68,2.83,4.5,7.44,4.33,15.6,15.57,3.98,16.02,17.53,8.72,5.16,Fruity
23.71,15.19,23.99,9.07,1.69,5.03,7.38,0.1,4.82,9.85,5.59,7.04,15.1,12.53,5.72,5.64,Alcoholic
8.29,2.21,0.1,10.33,8.69,10.76,4.94,2.6,0.1,6.26,10.52,8.7,6.17,11.74,0.1,3.01,Gasoline-like
9.17,4.07,13.97,0.1,5.56,7.66,0.98,5.64,7.18,12.1,13.57,8.97,11.0,6.6,7.93,8.9,Sweet
22.36,12.09,15.21,3.44,14.86,6.72,5.15,13.59,2.54,6.38,11.82,6.14,7.98,1.29,1.8,5.63,Alcoholic
0.1,13.0,16.38,10.9,7.96,6.33,8.41,13.52,8.37,11.72,13.49,9.08,9.98,6.25,7.91,4.11,Sweet
25.99,12.99,22.56,11.81,7.62,5.52,5.03,10.48,5.63,4.19,16.63,11.25,13.78,5.47,1.92,5.51,Sweet
8.11,3.99,15.85,7.84,6.21,5.6,6.18,6.6,8.41,9.79,12.4,9.02,4.09,4.44,4.92,4.04,Sweet
10.22,7.79,7.79,15.8,8.31,9.04,1.62,6.14,2.95,6.97,7.46,2.87,12.7,15.12,4.19,7.88,Gasoline-like
18.59,7.91,19.69,14.71,4.04,5.36,7.24,4.88,4.77,17.16,10.67,6.54,13.27,9.54,9.71,13.08,Alcoholic
11.64,16.38,0.1,6.81,7.1,6.43,3.31,4.77,3.86,13.73,0.1,10.8,19.88,19.89,4.94,12.94,Fruity
22.34,12.31,21.79,1.6,7.05,0.86,3.46,5.76,3.01,5.28,8.46,2.05,15.96,17.53,3.85,4.09,Alcoholic
15.44,4.17,12.93,10.33,5.81,5.79,3.31,11.58,3.6,10.48,9.61,0.1,14.1,8.2,9.36,13.01,Chemical
13.76,1.07,13.83,19.18,10.74,10.15,2.67,9.57,1.32,10.58,6.99,5.33,13.03,8.3,4.2,6.6,Gasoline-like
25.9,12.91,25.95,9.98,6.57,9.54,7.8,6.42,1.79,10.17,7.6,6.45,6.14,21.37,4.84,7.56,Alcoholic
16.21,4.42,12.38,3.27,6.97,6.35,2.08,12.46,8.89,14.85,15.8,10.69,5.8,2.51,8.98,14.9,Sweet
10.67,16.97,10.98,6.47,4.77,1.78,5.37,3.08,7.17,14.29,8.07,2.84,22.16,18.63,9.25,12.0,Fruity
11.0,12.23,10.04,8.72,3.51,3.57,9.22,0.1,6.22,8.73,11.11,10.9,11.25,11.06,6.94,4.41,Sweet
10.75,10.09,14.01,6.61,12.28,9.61,4.21,14.29,3.03,15.03,8.23,4.93,8.26,10.85,8.05,12.12,Chemical
23.82,13.64,18.22,12.48,9.34,3.79,6.54,3.09,7.39,14.78,4.24,11.16,12.36,12.17,8.47,9.38,Alcoholic
15.72,5.46,13.58,7.16,0.1,4.33,4.19,12.3,2.58,18.91,16.48,6.2,13.29,18.34,6.76,11.09,Fruity
17.95,11.76,27.32,4.32,8.59,8.62,7.93,1.35,4.48,6.1,12.15,0.1,8.99,9.64,1.37,5.85,Alcoholic
2.05,6.96,14.52,5.28,13.39,4.99,4.32,5.88,5.11,15.07,4.42,6.25,14.33,16.08,3.7,16.46,Fruity
21.05,9.53,1.74,6.62,7.7,1.98,6.05,9.08,8.06,6.39,14.1,10.69,5.83,20.57,7.84,8.53,Sweet
12.71,8.61,0.1,10.04,3.93,6.11,2.36,17.51,4.71,7.32,11.48,7.46,5.6,6.21,9.87,9.74,Chemical
18.16,15.27,22.33,1.05,3.81,3.06,5.19,8.75,7.63,0.49,6.2,11.48,13.38,10.34,13.03,11.26,Alcoholic
8.46,9.91,21.37,3.53,0.1,6.59,2.77,15.82,4.26,0.1,3.0,5.96,0.1,6.11,10.29,13.37,Chemical
22.03,10.22,6.07,3.95,2.84,8.13,3.9,10.69,6.87,4.42,12.32,12.74,4.17,14.62,5.02,2.23,Sweet
7.14,9.82,9.19,10.65,2.35,5.46,1.43,17.55,5.15,4.24,7.4,7.47,3.11,3.01,8.23,10.75,Chemical
5.79,8.17,3.36,18.41,11.46,7.45,8.52,9.88,1.8,11.57,12.72,0.1,16.42,13.98,6.93,5.57,Gasoline-like
1.12,7.22,2.54,3.16,5.42,3.83,1.73,4.34,8.5,8.99,6.94,8.59,11.01,15.37,5.42,8.0,Sweet
30.71,16.0,25.15,15.67,10.52,3.83,3.91,6.3,6.14,0.65,7.95,2.28,16.0,5.56,5.2,3.28,Alcoholic
23.93,9.96,18.33,14.69,10.54,5.72,2.42,13.55,2.81,11.3,7.58,12.23,0.39,17.72,5.75,7.68,Alcoholic
20.18,14.15,5.79,11.91,3.38,8.15,7.01,6.54,3.85,16.76,9.88,7.55,17.6,19.13,7.0,11.72,Fruity
10.49,9.41,19.91,5.5,5.39,6.28,5.72,1.06,6.92,8.74,10.98,11.06,1.65,6.29,1.4,1.36,Sweet
11.86,8.48,10.14,5.95,5.24,3.19,3.7,0.1,7.86,9.43,15.39,12.26,9.48,3.2,9.46,9.56,Sweet
19.25,0.1,5.22,1.03,5.67,0.7,0.1,14.29,0.1,11.61,4.21,2.24,0.1,17.13,7.55,12.73,Chemical
17.18,8.58,18.71,14.91,13.54,10.1,3.18,13.72,4.32,11.34,10.41,7.0,12.79,13.03,6.52,5.18,Gasoline-like
5.92,2.5,14.66,10.76,11.29,8.19,3.55,15.05,6.66,3.85,10.0,4.4,8.65,15.32,10.41,18.76,Chemical
20.24,16.31,19.13,9.14,10.18,5.36,5.75,2.79,2.26,2.39,8.15,10.89,8.65,6.54,5.86,0.22,Alcoholic
20.33,13.79,22.29,13.83,4.23,7.45,2.62,5.56,4.33,20.97,4.13,6.36,6.44,12.36,2.22,9.57,Alcoholic
28.7,10.42,26.2,11.68,9.15,8.61,3.03,11.45,0.42,6.11,5.74,6.17,7.47,7.57,4.71,7.96,Alcoholic
21.08,11.13,25.32,7.18,5.12,4.16,5.06,2.39,6.21,8.79,4.04,8.24,8.16,12.94,6.75,9.27,Alcoholic
14.5,6.47,6.16,14.62,4.23,7.64,6.95,8.55,8.19,8.48,12.65,11.85,7.03,10.77,7.57,3.66,Sweet
0.1,9.4,18.48,4.8,1.38,3.78,2.72,7.97,6.94,11.57,11.07,10.32,12.05,2.37,5.21,7.33,Sweet
15.94,3.07,17.17,9.39,4.96,0.48,6.86,7.87,8.46,16.07,14.6,13.39,14.95,9.21,3.41,14.63,Sweet
18.23,12.89,15.91,6.3,5.65,7.46,8.65,7.6,8.03,10.72,9.26,7.12,6.42,15.46,6.31,2.62,Alcoholic
20.25,10.81,4.16,2.67,12.57,3.86,3.7,10.3,8.26,0.1,11.93,10.93,11.13,12.21,7.16,7.43,Sweet
24.32,13.52,15.67,6.95,4.66,7.12,4.63,1.73,5.41,16.61,11.29,6.83,9.94,7.35,2.28,9.96,Alcoholic
21.61,15.76,21.68,8.19,11.58,2.71,3.49,9.63,7.85,0.57,5.97,4.39,10.82,8.29,8.51,6.44,Alcoholic
17.99,11.6,25.21,3.85,4.67,0.1,8.01,11.4,5.65,12.66,9.8,8.74,9.02,12.3,7.22,13.45,Alcoholic
20.12,12.06,18.33,6.98,8.91,7.32,6.9,4.75,5.96,7.8,9.92,8.57,2.82,8.41,8.1,9.14,Alcoholic
0.1,4.64,10.3,17.11,13.79,7.68,3.25,15.48,2.98,12.7,9.23,1.98,6.22,16.98,8.28,4.25,Gasoline-like
13.56,9.09,13.17,12.69,10.64,4.89,1.74,9.67,8.78,16.84,1.76,6.95,13.8,21.89,3.09,7.96,Fruity
19.31,7.02,7.3,15.86,10.63,11.31,0.1,16.69,5.79,14.75,4.59,3.32,18.39,5.92,9.57,18.39,Chemical
22.8,12.74,17.44,4.97,3.89,5.92,7.9,13.6,3.76,11.77,5.27,10.46,3.72,19.66,6.68,1.82,Alcoholic
12.25,2.4,15.12,18.27,8.24,9.03,3.09,9.56,8.86,12.78,5.89,9.91,11.15,8.06,3.02,6.2,Gasoline-like
15.15,6.98,16.7,9.43,6.71,3.77,4.44,14.71,4.49,5.27,5.89,7.42,7.56,0.1,7.24,12.99,Chemical
11.81,7.53,12.87,7.59,7.34,2.33,2.47,5.25,4.71,15.13,8.25,8.71,19.63,17.52,1.09,5.28,Fruity
4.09,6.24,7.48,17.86,11.18,5.34,7.29,8.95,3.01,1.99,13.04,6.6,10.75,9.5,6.08,5.71,Gasoline-like
18.64,14.47,18.64,5.04,6.91,4.61,4.01,6.47,6.32,13.38,9.66,11.54,0.1,10.26,2.74,13.09,Alcoholic
4.81,6.4,4.17,20.43,13.21,9.35,2.88,9.71,3.63,0.1,6.12,9.08,5.38,7.69,9.52,12.17,Gasoline-like
15.24,11.11,20.56,16.24,4.76,5.65,4.42,5.31,6.95,18.85,12.86,4.98,8.85,16.75,6.32,11.51,Alcoholic
6.94,11.22,13.37,11.83,6.59,5.2,8.05,16.71,9.64,10.49,13.33,13.33,7.98,16.22,7.75,9.27,Sweet
16.56,10.69,23.77,18.15,1.65,5.64,4.48,7.49,7.03,6.87,8.98,5.78,16.93,9.59,5.77,12.47,Alcoholic
13.84,3.16,0.1,8.22,6.73,2.34,3.28,6.7,2.42,14.82,15.79,10.39,20.07,23.67,1.64,4.63,Fruity
4.2,1.24,0.1,18.61,8.95,5.56,6.21,8.67,3.54,16.51,5.8,5.53,16.94,20.64,7.02,0.47,Fruity
4.5,11.14,2.44,11.49,5.66,3.83,7.19,14.37,4.23,0.1,10.17,2.59,2.83,23.06,11.12,14.11,Chemical
6.06,2.19,8.02,6.87,6.58,4.79,6.32,6.37,4.23,18.69,10.14,13.37,20.53,23.59,0.59,11.82,Fruity
13.48,6.84,11.03,8.23,3.17,9.27,4.07,12.8,2.58,17.59,7.72,8.43,14.16,20.56,1.14,4.9,Fruity
25.67,12.65,25.19,10.44,7.72,1.69,2.08,13.75,5.75,4.66,5.97,4.41,10.13,6.3,5.34,12.01,Alcoholic
25.98,8.96,19.63,4.44,10.26,0.93,3.34,7.21,4.37,9.61,6.65,6.68,20.65,6.26,3.92,11.16,Alcoholic
18.57,13.17,22.83,10.5,4.38,6.27,1.67,5.03,4.15,11.37,6.41,1.58,6.99,18.3,9.63,8.87,Alcoholic
23.43,2.35,12.79,5.72,12.33,4.54,5.67,0.1,4.8,15.76,11.35,7.37,17.27,17.69,6.42,5.6,Fruity
11.57,11.4,15.58,17.93,14.53,6.44,6.34,5.29,4.28,6.77,2.03,3.0,5.0,5.33,8.1,12.18,Gasoline-like
12.9,8.66,9.0,13.84,7.63,0.1,3.36,18.48,6.49,8.98,11.12,5.03,10.2,14.95,10.82,13.73,Chemical
23.79,13.77,13.93,7.46,7.3,8.47,6.4,8.31,2.36,6.77,11.66,4.51,12.18,5.07,6.54,1.77,Alcoholic
8.44,4.65,18.38,17.51,12.37,8.78,9.38,9.73,5.45,11.69,11.85,5.85,9.69,15.09,9.96,9.79,Gasoline-like
15.24,7.74,8.59,11.82,10.68,6.17,4.99,11.81,3.64,16.39,12.81,5.45,0.1,11.98,4.65,12.24,Gasoline-like
10.95,1.85,16.19,17.42,13.76,7.06,2.91,11.6,6.85,3.6,4.11,5.26,8.31,22.12,8.18,8.02,Gasoline-like
14.34,8.64,1.82,11.14,8.79,11.16,4.82,13.05,4.71,3.88,8.37,2.1,14.02,18.0,4.2,10.77,Gasoline-like
19.45,5.24,2.09,9.14,10.01,10.86,7.68,3.22,4.75,13.46,4.97,10.05,6.87,10.98,3.45,2.98,Gasoline-like
16.54,3.51,8.43,11.05,5.33,5.88,3.12,9.27,7.28,8.88,16.34,10.17,12.61,13.7,6.92,10.79,Sweet
20.11,3.14,4.52,9.38,7.03,7.51,3.85,12.0,6.94,6.15,10.18,9.21,8.22,19.23,5.4,4.43,Sweet
17.41,0.1,2.16,6.85,2.49,6.96,6.19,11.5,6.5,13.21,4.34,5.86,15.23,14.41,6.93,14.1,Fruity
21.21,3.4,9.7,19.68,12.43,9.96,5.74,7.34,6.06,14.61,6.7,9.84,8.14,5.35,9.13,8.64,Gasoline-like
13.89,4.7,16.31,3.08,8.12,2.02,0.1,4.21,6.17,9.36,13.59,11.82,2.38,16.17,7.83,4.28,Sweet
22.13,4.97,15.96,2.0,5.72,0.1,2.08,15.17,8.94,0.1,8.46,5.79,2.66,7.23,9.27,14.66,Chemical
13.31,7.22,8.09,12.3,12.92,9.09,5.54,6.76,4.2,4.97,5.28,3.28,3.67,12.06,9.91,7.34,Gasoline-like
6.96,7.25,14.24,6.29,15.16,2.6,8.4,12.54,2.37,20.19,2.21,5.78,13.54,21.11,3.73,10.62,Fruity
27.33,16.6,20.4,6.93,12.65,10.77,3.19,9.06,3.21,0.1,4.45,12.32,6.55,7.68,8.06,6.64,Alcoholic
11.28,13.79,25.21,7.5,3.34,8.24,2.71,9.75,3.43,10.59,5.39,2.68,15.63,24.6,0.94,8.76,Fruity
7.79,9.66,15.12,8.39,8.78,6.66,4.53,7.69,10.03,13.15,9.8,10.11,9.54,10.39,5.74,3.67,Sweet
11.56,10.57,5.39,10.69,2.13,2.04,1.56,4.24,6.78,6.93,14.83,9.59,0.1,11.42,7.91,10.68,Sweet
6.9,3.76,6.2,23.95,13.73,7.51,2.06,4.74,6.34,1.09,13.91,8.01,10.26,7.13,10.12,7.8,Gasoline-like
26.25,12.38,20.45,14.09,3.4,3.24,5.05,9.81,7.38,9.68,7.57,4.55,11.3,11.45,7.48,2.5,Alcoholic
4.93,6.5,0.1,4.77,7.05,6.21,9.03,16.07,6.16,16.63,5.66,0.1,12.99,20.06,5.98,10.1,Fruity
14.86,5.37,0.1,18.37,3.4,5.14,6.11,12.42,9.37,11.29,11.26,9.48,16.67,22.38,6.83,4.05,Fruity
14.34,0.1,9.55,5.86,8.61,4.56,4.13,8.38,9.32,8.77,15.11,12.8,9.84,5.76,3.04,5.3,Sweet
7.23,8.26,6.49,11.7,4.43,2.72,5.71,12.92,3.7,2.35,10.71,7.08,5.51,0.85,10.58,18.09,Chemical
16.94,10.75,20.61,1.04,10.32,0.1,7.03,4.8,4.4,12.71,12.88,7.65,0.1,18.16,6.1,9.3,Alcoholic
12.51,3.29,11.96,9.4,6.8,10.12,1.84,16.83,1.56,3.49,2.68,1.47,8.61,12.57,6.14,18.22,Chemical
21.37,11.21,20.92,6.6,1.97,9.86,3.36,2.6,2.69,10.07,10.38,8.1,9.9,9.89,7.34,6.94,Alcoholic
14.06,9.41,21.27,9.86,4.64,0.94,3.1,3.01,4.03,17.37,14.12,8.46,13.57,21.22,9.94,3.61,Fruity
24.8,3.7,11.28,9.59,1.54,1.95,7.88,0.1,3.89,18.18,0.53,2.0,20.62,21.52,2.66,13.4,Fruity
19.15,8.91,9.66,12.8,8.96,6.61,4.14,13.39,3.8,6.97,5.33,2.29,10.4,9.65,10.4,9.29,Chemical
9.26,6.37,14.97,11.04,9.48,3.98,7.19,7.4,3.83,14.96,4.7,6.94,14.03,26.29,1.82,3.65,Fruity
26.17,12.74,25.05,2.37,4.05,7.1,5.25,8.95,0.85,0.1,8.21,5.41,11.42,10.85,4.8,5.84,Alcoholic
15.27,2.87,8.91,9.99,7.75,5.42,8.9,7.78,8.77,13.34,2.01,2.16,15.77,18.02,8.13,9.93,Fruity
18.7,8.71,21.25,14.69,3.91,4.57,7.42,9.92,1.87,12.15,8.28,4.24,4.83,13.6,5.69,14.47,Alcoholic
19.58,4.32,13.41,9.94,6.65,4.46,3.18,13.3,5.61,9.79,9.21,8.93,5.98,4.57,6.61,15.37,Chemical
4.99,6.11,26.79,14.88,0.18,7.63,6.21,5.27,5.89,15.74,15.14,4.98,17.5,18.27,2.87,16.99,Fruity
17.44,5.31,12.54,9.61,4.58,3.49,3.67,9.88,5.12,16.43,5.73,9.64,19.78,16.17,6.66,1.52,Fruity
3.68,3.9,14.66,11.02,9.12,9.91,3.65,10.38,4.79,19.88,7.87,5.55,19.02,22.0,1.83,9.75,Fruity
8.89,12.94,0.1,18.17,11.67,9.1,4.64,11.93,7.25,0.1,12.53,7.73,7.82,1.12,2.79,13.97,Gasoline-like
19.84,0.1,19.3,9.04,3.08,5.33,2.75,9.27,10.46,4.01,14.04,12.79,14.03,21.21,6.96,11.48,Sweet
20.29,5.94,9.53,12.79,6.63,5.77,6.85,0.1,5.48,11.09,16.73,5.94,19.26,19.6,2.16,5.71,Fruity
20.95,9.62,20.93,17.39,9.05,9.06,3.48,0.1,1.24,15.36,7.53,7.0,0.1,6.06,8.02,7.37,Gasoline-like
14.89,10.17,12.98,18.23,6.53,5.9,4.8,7.72,9.66,3.84,11.81,8.94,11.76,16.54,11.16,8.84,Sweet
19.42,3.12,17.25,11.31,9.19,4.46,4.01,10.22,2.41,4.62,3.18,4.36,7.61,15.77,11.06,15.09,Chemical
21.55,10.11,20.96,9.55,15.23,7.2,9.05,14.43,5.33,8.65,2.57,2.15,14.4,6.86,5.33,0.1,Alcoholic
6.03,8.45,21.03,7.54,12.76,9.4,5.29,6.68,3.42,17.85,7.14,0.1,18.51,15.9,1.73,9.05,Fruity
16.55,4.95,11.76,7.51,3.96,4.02,4.03,14.34,6.36,15.42,0.75,5.78,16.53,21.43,1.61,3.03,Fruity
20.16,7.76,20.19,17.17,5.04,0.97,8.87,8.04,3.34,13.84,10.23,6.89,15.48,0.1,0.52,10.06,Alcoholic
6.76,7.04,6.63,7.5,5.75,7.2,3.68,1.34,6.35,8.79,14.81,10.91,5.22,12.93,1.07,2.87,Sweet
16.3,9.72,18.9,5.15,4.29,2.55,3.7,11.2,9.04,1.98,13.08,7.61,6.45,12.83,0.1,4.11,Sweet
22.11,6.32,12.69,14.19,1.03,6.1,1.41,8.87,8.19,11.23,13.37,9.9,16.83,11.69,0.1,12.08,Sweet
24.65,1.89,17.27,10.04,5.57,2.97,5.8,6.99,2.16,13.36,6.94,7.99,18.83,22.6,2.99,10.08,Fruity
3.8,5.34,18.31,5.58,9.41,1.77,2.9,16.39,3.31,12.73,1.29,4.91,13.58,16.81,10.46,15.78,Chemical
20.16,11.15,15.78,11.24,9.25,10.7,4.61,4.6,2.39,1.62,4.08,10.19,8.63,10.08,1.74,2.72,Alcoholic
9.45,5.32,10.28,15.53,13.3,8.64,0.31,4.28,1.78,9.82,6.71,5.57,3.77,14.0,6.82,10.13,Gasoline-like
21.87,10.7,17.88,14.79,2.54,5.11,5.33,9.06,5.36,11.66,3.05,5.55,9.13,19.27,7.79,4.0,Alcoholic
19.25,14.04,13.98,12.08,7.54,6.03,6.47,7.29,3.76,8.32,7.4,0.58,8.03,3.81,7.23,7.07,Alcoholic
23.15,12.22,26.8,11.88,5.07,5.55,5.43,12.75,2.8,1.9,2.39,4.16,17.52,11.83,2.72,2.68,Alcoholic
5.51,3.25,9.33,15.36,12.45,8.83,8.09,18.32,0.22,10.62,9.12,2.64,8.59,11.15,4.02,5.37,Gasoline-like
18.72,12.64,25.0,4.7,10.03,3.86,8.18,4.84,1.06,11.7,8.79,4.53,9.94,3.56,0.64,4.01,Alcoholic
25.51,9.32,9.98,14.49,9.96,9.23,3.26,14.4,2.16,3.21,13.06,8.49,1.88,3.81,3.8,5.24,Gasoline-like
3.16,4.03,11.38,0.43,7.78,3.32,3.92,15.59,4.2,12.38,13.65,4.94,3.86,11.9,9.85,16.2,Chemical
23.56,15.05,18.33,20.67,9.65,0.22,3.67,15.58,7.86,10.6,8.97,3.9,17.4,3.26,8.99,13.95,Alcoholic
10.19,0.33,6.39,6.66,3.82,6.3,5.11,1.8,7.76,5.39,12.22,9.42,7.1,11.05,0.58,15.31,Sweet
16.73,9.59,4.16,15.22,4.12,0.1,2.1,11.97,7.76,16.19,11.96,10.9,10.54,7.77,4.24,5.02,Sweet
4.55,3.75,13.06,11.51,13.76,7.34,5.7,0.84,6.14,14.46,7.38,3.74,16.53,16.02,0.38,6.22,Gasoline-like
7.73,5.88,10.58,8.34,4.64,3.02,12.55,9.99,6.12,15.15,3.91,4.32,17.93,13.36,2.5,3.51,Fruity
16.01,13.13,20.43,6.78,8.88,2.82,4.98,6.47,0.1,9.4,0.1,5.6,15.28,15.5,2.72,9.2,Alcoholic
24.31,6.68,10.79,7.11,6.73,4.42,6.96,12.98,4.16,13.1,5.31,7.49,11.0,13.53,9.16,13.26,Chemical
13.46,5.94,11.18,13.82,5.02,5.79,6.53,10.79,7.94,9.21,14.63,14.23,13.79,3.28,6.4,8.8,Sweet
11.16,5.62,7.87,11.94,7.38,0.1,3.17,9.54,9.33,16.77,9.17,4.24,16.82,23.41,8.79,10.53,Fruity
26.16,8.73,13.04,17.34,6.96,2.93,4.09,7.25,7.6,11.29,9.89,10.29,9.28,5.67,4.32,8.9,Sweet
7.1,4.12,14.28,2.87,9.46,6.48,4.41,11.81,2.05,17.33,8.09,4.16,14.81,25.35,3.31,11.58,Fruity
15.13,7.81,10.59,3.46,12.68,2.63,0.96,5.35,2.02,16.83,4.22,4.06,20.45,17.38,6.4,14.52,Fruity
28.02,12.47,4.74,16.51,8.29,7.68,5.51,10.81,1.92,0.1,6.1,6.83,14.87,7.37,3.96,9.94,Gasoline-like
13.85,12.58,18.99,10.12,4.35,8.03,3.04,4.51,0.1,16.7,5.94,0.27,18.4,18.03,11.55,6.99,Fruity
15.71,9.97,20.73,13.21,11.32,8.85,4.03,12.42,3.66,12.38,4.17,1.63,4.29,4.3,3.09,4.84,Gasoline-like
20.53,13.39,19.67,11.32,5.63,3.08,5.68,4.89,2.58,11.29,9.06,8.32,4.75,15.37,8.15,7.61,Alcoholic
13.68,10.99,17.37,11.46,1.53,1.11,10.36,8.84,3.63,8.29,5.94,10.22,8.5,14.13,7.33,5.26,Alcoholic
21.2,13.06,24.79,6.33,11.09,5.46,4.42,5.62,5.49,6.06,11.93,4.02,9.81,8.03,5.21,8.68,Alcoholic
19.93,11.26,26.1,14.14,10.75,8.81,6.58,4.24,4.86,19.6,6.99,11.73,11.63,0.1,6.04,10.4,Alcoholic
12.11,9.83,21.0,15.14,8.84,8.66,3.74,8.13,5.87,7.48,15.31,10.9,13.56,8.88,1.09,8.01,Sweet
9.65,12.92,12.54,22.58,7.05,4.03,3.17,8.3,2.91,17.71,10.07,7.1,14.59,14.6,5.52,12.15,Fruity
19.27,15.47,17.01,0.64,3.79,4.89,3.3,9.37,4.43,7.84,6.81,6.18,15.9,16.78,11.8,12.09,Alcoholic
17.74,7.63,10.14,7.96,3.26,5.26,5.86,4.77,5.28,16.12,8.04,6.69,19.26,20.82,12.84,2.73,Fruity
26.21,6.37,12.01,9.74,8.02,1.14,3.84,0.1,1.44,16.04,9.48,1.52,16.67,21.62,3.88,6.76,Fruity
8.07,8.1,13.08,19.46,7.4,8.48,9.23,4.41,5.33,9.31,5.19,5.62,10.99,1.96,7.96,3.59,Gasoline-like
15.24,4.83,11.67,9.66,7.75,0.91,5.32,3.99,6.16,17.05,6.07,5.23,16.75,16.69,6.58,7.71,Fruity
16.79,7.81,12.93,16.91,9.63,4.83,4.6,4.39,5.21,14.95,0.1,4.56,12.57,27.1,1.72,5.23,Fruity
22.39,4.0,21.39,11.68,2.91,7.28,5.26,9.51,7.96,7.91,14.74,10.97,2.2,12.95,5.45,11.28,Sweet
11.02,9.57,16.98,8.22,0.1,6.41,4.03,13.07,0.1,18.2,4.36,6.83,17.11,16.49,3.23,11.54,Fruity
17.65,10.16,17.24,8.67,10.84,7.1,4.85,6.77,2.85,16.63,7.39,8.23,18.36,22.54,10.17,6.1,Fruity
20.3,6.64,12.52,17.47,6.3,2.79,8.88,9.68,7.8,18.26,11.29,9.59,8.13,13.32,4.63,8.74,Sweet
24.31,14.06,21.62,9.72,6.16,4.5,0.1,6.31,3.27,4.63,10.73,4.24,8.42,14.58,10.99,6.97,Alcoholic
9.61,7.79,3.38,9.23,0.1,4.93,2.14,10.8,4.19,18.82,1.77,10.34,23.24,22.3,8.84,9.67,Fruity
2.55,6.24,6.15,12.62,9.55,11.19,3.81,2.74,3.06,2.43,5.2,8.36,5.22,14.73,10.48,12.73,Gasoline-like
5.28,8.53,9.81,19.71,9.98,3.35,3.82,5.15,10.58,6.36,15.12,12.76,8.27,10.18,7.41,12.07,Sweet
9.23,6.81,16.24,18.79,11.39,8.44,5.45,1.8,2.79,0.1,2.59,3.15,9.72,9.3,10.05,0.1,Gasoline-like
10.98,12.22,14.0,13.11,8.17,6.71,8.77,11.08,6.93,14.46,12.74,11.11,8.55,4.33,5.23,10.31,Sweet
19.52,7.79,22.15,11.46,9.53,4.48,1.84,7.98,8.44,10.57,6.88,3.76,4.35,18.23,6.76,8.39,Alcoholic
2.77,10.74,8.18,14.77,3.44,3.25,8.43,10.9,10.03,7.62,5.69,8.34,12.37,8.8,8.9,14.16,Chemical
12.9,11.4,4.11,5.88,9.71,3.8,6.27,17.23,1.36,14.32,7.61,11.61,13.93,13.48,11.38,13.68,Chemical
23.29,5.22,20.03,15.3,10.89,8.26,4.13,8.9,3.75,0.1,7.84,1.86,12.74,7.19,6.03,9.1,Gasoline-like
6.05,9.42,13.39,9.16,4.97,6.79,3.98,11.48,3.09,11.45,7.56,11.65,14.07,25.09,7.48,9.03,Fruity
8.95,2.92,9.57,6.61,9.83,9.46,3.86,13.65,3.1,15.36,11.53,8.48,6.56,21.62,9.8,9.59,Chemical
16.72,1.2,8.27,11.55,5.5,3.4,6.36,6.43,5.5,14.05,8.76,6.05,13.18,17.11,5.78,12.65,Fruity
23.72,12.92,18.79,4.05,6.31,4.64,4.56,11.09,2.89,8.58,5.16,5.26,8.46,0.36,3.88,14.61,Alcoholic
10.33,9.34,17.07,12.31,15.02,5.14,6.93,10.8,3.71,3.94,3.29,6.71,20.42,12.78,10.58,4.65,Gasoline-like
20.46,10.41,18.5,10.87,2.8,4.12,2.72,10.6,5.22,14.05,9.8,9.76,8.4,10.87,3.28,5.87,Alcoholic
13.18,10.3,7.85,3.42,2.82,4.03,7.46,18.3,8.5,3.86,9.31,3.52,18.88,15.31,10.37,12.14,Chemical
28.22,11.99,20.99,17.64,5.82,5.94,3.12,2.4,5.25,13.43,13.05,9.01,5.97,3.26,3.46,1.54,Alcoholic
27.03,12.68,23.66,4.82,6.13,9.33,2.76,6.84,2.39,7.3,4.31,4.21,13.34,4.04,6.43,6.49,Alcoholic
20.06,8.24,3.53,8.17,0.1,8.91,7.46,3.09,2.78,14.06,13.68,0.55,17.41,19.35,8.94,5.44,Fruity
25.53,14.34,22.7,9.11,7.91,2.3,9.43,9.6,2.02,5.49,8.61,7.72,16.28,2.99,4.43,5.22,Alcoholic
16.55,11.29,7.71,13.76,4.27,8.02,5.08,8.34,9.89,9.83,15.08,8.52,7.45,10.95,9.94,8.4,Sweet
24.34,14.44,16.9,18.77,10.15,3.99,5.71,13.18,5.96,5.35,8.2,16.07,11.86,5.12,4.78,6.71,Alcoholic
13.71,4.9,11.11,3.64,11.97,5.7,1.89,4.54,8.36,14.27,14.96,12.16,15.58,15.39,5.52,6.1,Sweet
16.0,12.23,23.59,11.08,6.4,5.47,4.35,9.5,6.95,12.33,4.17,1.88,18.21,4.84,7.68,2.11,Alcoholic
8.78,5.38,14.9,10.54,12.55,7.07,7.95,11.7,6.55,9.16,4.3,1.53,10.41,0.52,2.82,7.95,Gasoline-like
10.59,4.28,7.2,17.99,9.27,10.91,0.58,8.82,5.97,13.85,4.68,2.64,13.78,9.41,6.26,0.1,Gasoline-like
1.73,0.1,15.16,13.27,10.69,8.69,2.21,9.8,2.78,8.91,3.22,5.4,21.29,9.9,10.42,3.76,Gasoline-like
11.64,9.67,14.97,13.77,9.37,0.1,5.57,16.95,2.61,2.21,9.28,5.65,9.38,9.43,11.93,19.16,Chemical
13.96,4.49,13.6,10.83,8.31,8.64,2.52,13.83,6.41,12.39,8.04,4.3,8.44,12.71,8.91,15.04,Chemical
17.06,5.77,17.09,16.27,8.07,5.95,6.86,17.84,8.68,14.89,9.27,10.62,1.79,8.53,10.56,4.37,Sweet
22.1,13.06,21.04,6.38,12.03,7.52,1.44,12.88,6.35,4.47,11.14,4.24,10.37,11.84,0.19,7.14,Alcoholic
13.25,11.25,20.31,5.22,1.79,3.4,4.35,2.85,3.99,11.1,5.6,2.79,1.25,22.07,8.41,12.69,Alcoholic
9.17,13.14,20.11,7.62,7.21,9.01,4.22,3.75,8.62,12.01,8.96,9.82,6.22,7.98,6.33,5.02,Sweet
1.01,5.06,10.12,15.97,14.07,9.29,5.15,0.55,2.45,13.01,8.73,5.67,5.59,3.53,5.3,8.13,Gasoline-like
15.41,3.88,3.74,8.76,7.28,10.08,2.78,17.82,4.52,13.98,9.93,6.03,0.1,11.9,8.93,16.53,Chemical
1.68,13.16,17.41,5.72,1.67,6.84,2.34,8.15,4.24,13.23,9.24,9.66,19.93,19.75,2.92,9.36,Fruity
8.96,7.58,1.81,11.59,12.41,0.33,4.24,11.24,7.88,14.57,3.1,1.55,17.38,26.62,7.47,8.97,Fruity
0.61,0.1,20.31,7.81,10.45,10.27,4.05,0.1,6.35,3.14,8.87,5.48,4.17,0.1,3.35,10.29,Gasoline-like
5.64,9.22,12.54,6.42,9.22,6.33,5.48,15.37,6.22,4.79,12.79,9.88,11.3,14.66,11.81,12.71,Chemical
26.92,12.67,23.79,12.35,7.2,6.22,4.33,6.11,1.3,7.39,11.53,9.49,0.1,8.59,8.04,10.12,Alcoholic
2.75,5.81,7.44,6.75,2.36,0.21,2.71,10.48,6.16,8.17,11.8,3.26,1.88,14.63,10.23,17.97,Chemical
20.0,13.11,15.59,15.38,3.25,5.59,4.11,10.51,5.47,9.44,5.35,7.21,7.71,12.15,2.19,3.04,Alcoholic
13.48,5.83,12.8,15.91,11.6,9.62,2.68,5.0,3.36,6.59,6.96,3.91,7.86,12.64,7.79,6.28,Gasoline-like
4.27,5.43,24.22,16.65,7.95,8.08,7.1,10.99,2.42,12.12,8.7,2.31,13.99,17.28,11.0,9.54,Fruity
20.97,15.45,28.87,9.35,11.19,4.4,4.24,8.4,6.69,2.24,10.69,7.44,10.33,11.6,8.95,0.1,Alcoholic
16.81,5.18,0.1,15.33,9.39,9.84,7.04,13.63,4.6,12.57,2.3,7.7,6.69,23.52,7.57,9.17,Gasoline-like
14.35,8.7,8.26,12.54,5.62,7.2,2.6,14.44,6.0,2.78,11.0,1.54,7.28,13.1,11.76,12.88,Chemical
21.78,11.85,12.68,14.14,4.46,6.22,2.51,5.66,6.19,16.03,5.9,0.47,16.17,18.9,2.09,5.9,Fruity
13.05,7.33,9.64,18.81,10.18,11.88,4.98,14.42,2.78,1.82,9.72,5.06,9.3,1.78,6.0,9.84,Gasoline-like
4.85,11.08,8.67,17.47,10.06,8.82,3.55,6.49,8.73,16.53,5.93,7.43,6.08,5.83,2.53,11.91,Gasoline-like
12.23,5.51,16.03,13.66,3.67,2.47,6.57,12.03,4.12,10.01,7.94,3.45,13.95,14.58,9.2,21.08,Chemical
11.57,8.72,14.1,10.96,11.13,5.63,7.56,8.57,7.58,1.33,4.83,2.64,12.25,8.47,8.95,11.34,Chemical
3.09,7.0,7.41,18.07,10.82,7.73,3.03,8.38,5.51,7.1,11.54,6.9,0.1,18.05,4.29,5.2,Gasoline-like
8.81,2.02,5.94,11.22,5.58,1.42,6.37,6.49,5.41,16.94,3.25,12.5,13.58,22.83,9.41,3.39,Fruity
25.01,7.83,12.55,17.33,10.89,8.19,6.26,4.83,4.64,13.07,9.51,13.16,15.58,4.42,3.25,0.85,Gasoline-like
15.3,9.06,8.69,9.86,8.5,1.12,5.11,9.34,4.72,15.05,9.2,4.9,19.13,19.46,3.58,4.51,Fruity
19.2,2.87,0.1,7.67,7.73,1.94,0.68,13.08,6.32,5.69,13.15,12.76,9.99,15.74,0.99,7.95,Sweet
21.65,9.52,22.17,9.92,5.46,2.55,2.11,7.01,4.77,14.02,8.14,8.9,6.51,0.1,4.55,6.71,Alcoholic
6.08,8.58,9.33,18.19,10.91,11.78,5.43,9.53,6.74,8.44,4.06,5.26,12.31,4.59,8.81,5.65,Gasoline-like
8.33,6.05,12.08,9.67,5.01,6.25,2.84,10.71,4.83,5.29,11.5,6.16,18.8,18.23,9.85,14.93,Chemical
18.26,9.93,17.33,12.51,3.3,6.49,1.25,17.91,8.24,7.42,10.77,11.33,11.02,12.43,0.8,8.47,Sweet
5.82,5.57,1.13,7.69,0.1,8.8,6.7,5.28,6.43,13.14,8.71,9.63,8.02,18.21,6.66,8.34,Fruity
18.39,8.76,15.31,15.32,5.76,8.63,6.8,6.27,10.52,4.84,9.14,9.5,6.67,14.18,11.08,9.95,Sweet
16.66,5.71,12.43,10.36,17.68,5.5,6.68,7.35,5.87,15.14,7.07,12.63,20.52,20.18,0.1,7.74,Fruity
28.03,13.43,24.82,8.53,10.5,3.99,2.47,15.28,6.65,1.94,9.31,6.05,8.21,14.64,7.39,10.69,Alcoholic
15.89,6.92,10.97,11.19,0.1,8.47,8.11,16.21,5.32,14.61,9.45,8.87,9.32,15.57,12.36,7.31,Chemical
18.93,6.64,17.65,16.05,3.97,3.02,4.74,15.06,2.62,10.48,0.2,5.75,12.88,13.03,13.87,10.58,Chemical
17.56,12.4,19.87,4.33,10.07,10.15,9.47,3.45,1.43,12.87,13.91,9.69,18.7,7.27,5.08,6.24,Alcoholic
12.91,15.71,14.05,12.85,10.4,12.63,2.09,7.81,6.66,9.41,9.96,8.15,10.72,19.51,0.89,9.48,Gasoline-like
13.26,6.94,10.35,12.44,6.33,6.85,5.91,12.19,7.29,12.28,4.44,9.0,16.88,18.18,9.45,9.73,Fruity
11.98,7.06,12.01,6.95,9.99,4.56,3.15,4.0,5.25,5.51,8.6,8.06,14.96,11.04,1.95,7.33,Sweet
14.26,10.13,6.55,5.54,8.49,2.28,4.19,8.25,6.98,4.2,16.24,9.96,6.37,18.89,2.79,6.29,Sweet
28.52,11.93,31.37,3.95,8.69,3.08,3.79,10.61,2.93,7.68,7.43,9.49,0.98,11.51,4.67,2.5,Alcoholic
10.3,12.22,14.76,1.65,9.03,6.7,1.66,3.17,7.36,0.1,8.81,8.42,1.61,17.77,3.91,7.08,Sweet
26.13,13.81,22.28,7.13,5.72,5.89,4.24,6.86,3.07,17.52,11.35,6.48,0.1,14.05,6.3,5.23,Alcoholic
4.95,3.46,17.79,1.22,10.76,7.28,5.38,17.3,11.77,8.77,1.65,9.05,12.23,24.25,9.21,16.56,Chemical
22.76,9.87,26.29,3.92,5.87,4.11,0.1,0.96,4.31,10.54,6.61,5.11,0.1,15.13,4.92,8.62,Alcoholic
11.25,0.1,19.71,10.13,15.32,11.79,3.16,9.51,7.34,20.39,2.92,2.09,15.25,21.69,5.66,9.69,Fruity
15.48,10.74,6.74,18.14,12.96,10.53,5.4,7.92,3.0,7.46,5.07,7.71,0.1,2.34,2.21,9.8,Gasoline-like
18.17,12.22,19.91,22.86,11.21,4.06,3.32,13.71,5.47,0.1,10.64,7.39,5.41,17.77,10.36,11.07,Alcoholic
9.99,14.95,17.25,7.37,5.14,7.98,5.3,11.69,7.88,15.45,4.2,6.29,19.59,20.95,5.1,11.93,Fruity
20.92,11.09,0.1,3.44,7.44,3.5,9.22,2.45,8.0,9.22,18.01,13.12,8.37,11.21,8.6,8.07,Sweet
15.2,11.68,10.49,5.66,10.32,4.84,3.55,11.52,6.9,10.97,10.88,4.01,19.14,22.35,8.64,10.72,Fruity
11.82,2.18,2.41,12.57,12.17,6.27,4.9,9.17,10.06,7.16,9.06,11.43,15.26,0.1,7.79,4.97,Sweet
27.86,5.89,8.19,11.12,8.68,7.11,11.07,8.84,2.71,16.1,9.07,2.9,11.32,17.73,2.33,7.51,Fruity
20.36,12.39,23.81,2.63,6.26,9.73,4.12,0.24,5.86,1.75,2.67,10.01,15.86,3.19,2.34,7.46,Alcoholic
7.3,7.24,20.67,8.64,4.92,7.5,6.42,10.32,3.88,11.32,13.36,9.35,8.81,9.42,11.46,7.93,Chemical
22.47,7.96,14.38,12.28,15.14,9.43,5.12,6.31,5.55,13.58,8.22,7.72,13.78,19.99,4.44,9.6,Fruity
13.72,6.63,10.19,15.18,7.9,3.41,4.2,7.3,9.04,10.82,14.25,10.63,13.65,11.95,1.29,3.76,Sweet
9.46,5.84,10.98,8.8,3.52,7.59,4.68,9.67,5.39,11.26,3.47,2.2,11.77,16.23,13.28,8.03,Fruity
12.66,3.05,10.67,17.67,11.76,11.08,8.04,14.25,2.25,11.76,5.2,1.01,12.7,6.91,0.84,6.2,Gasoline-like
11.12,3.82,11.81,4.01,3.03,3.32,3.77,11.24,7.94,13.35,7.79,10.45,10.9,0.1,4.87,5.74,Sweet
6.82,11.01,12.64,10.92,7.65,1.75,3.18,13.73,3.8,6.07,5.1,6.51,16.48,1.12,12.86,14.26,Chemical
8.52,7.17,8.34,5.17,6.9,3.89,2.09,11.33,9.79,10.27,16.41,13.53,6.91,23.61,10.91,8.79,Sweet
11.87,2.61,21.99,8.22,10.2,9.55,5.59,11.19,5.08,13.82,8.65,5.07,14.27,27.55,2.94,4.35,Fruity
19.59,10.4,5.69,16.46,14.71,9.95,0.1,5.68,5.47,8.18,9.24,13.29,10.3,9.9,1.62,11.8,Gasoline-like
17.84,13.9,15.82,18.1,6.54,11.6,9.38,5.96,3.74,11.34,7.85,6.13,3.83,5.75,1.34,7.82,Alcoholic
15.54,10.04,26.38,13.59,6.87,9.19,6.53,7.31,5.72,8.72,10.17,13.73,10.49,12.28,3.4,8.86,Alcoholic
11.1,1.59,21.05,14.78,6.75,5.6,5.24,6.84,2.44,15.05,10.9,7.47,19.81,20.97,3.72,5.67,Fruity
24.83,10.8,8.58,0.1,2.78,4.09,5.26,14.29,7.56,10.29,9.49,9.98,14.54,24.02,6.34,12.05,Sweet
12.06,0.67,12.32,6.82,4.16,9.36,7.48,15.88,2.65,14.29,11.95,6.42,4.97,13.56,9.25,18.72,Chemical
9.87,8.01,10.18,14.11,9.88,8.39,5.26,7.79,3.52,13.7,5.39,6.95,3.37,23.75,6.06,12.1,Gasoline-like
19.97,10.95,24.49,6.44,8.51,4.76,6.69,8.91,3.93,16.67,4.61,6.11,11.02,9.47,1.55,3.77,Alcoholic
23.31,12.87,20.47,9.73,10.64,5.11,4.27,8.83,7.47,3.67,3.45,0.58,3.51,6.32,1.15,14.07,Alcoholic
21.79,12.44,15.49,5.63,8.62,0.71,4.67,7.48,3.42,18.56,1.35,12.09,19.71,19.48,6.32,7.56,Fruity
18.17,13.29,22.86,9.45,10.15,0.1,3.98,9.26,0.91,0.1,7.42,6.73,17.22,5.57,8.69,11.36,Alcoholic
19.18,7.72,16.8,14.37,4.94,3.59,2.78,12.93,6.51,12.88,15.65,9.72,3.85,16.67,6.85,0.5,Sweet
22.21,8.3,13.52,14.26,4.64,3.03,0.1,16.35,3.03,10.24,8.64,3.3,9.76,17.86,9.63,16.34,Chemical
7.11,9.48,8.78,13.44,10.22,11.04,7.06,12.77,4.03,16.53,7.51,5.68,19.77,8.62,6.4,2.87,Gasoline-like
13.1,13.82,17.39,12.21,10.52,7.43,1.96,13.45,2.89,6.4,7.57,0.16,11.52,5.73,10.43,13.7,Chemical
17.1,3.19,16.56,13.65,4.7,5.79,3.08,17.9,1.88,7.36,9.33,6.81,8.29,9.12,8.85,9.87,Chemical
4.52,7.17,14.59,2.96,11.75,8.38,8.19,16.59,2.44,11.71,3.91,2.41,8.15,8.78,9.4,14.19,Chemical
17.87,1.64,4.43,20.62,15.07,11.08,5.25,14.53,9.37,11.37,6.29,9.86,9.27,9.22,7.23,5.32,Gasoline-like
4.85,4.88,16.86,10.7,1.28,3.12,2.51,3.79,8.96,16.88,4.19,9.99,23.28,23.21,2.64,7.3,Fruity
12.55,4.09,14.56,14.02,7.22,5.29,1.44,3.32,6.42,20.5,5.09,10.88,17.2,15.2,1.28,5.88,Fruity
21.3,8.32,9.76,13.28,5.45,4.9,3.87,14.66,5.98,15.61,8.97,7.99,17.43,20.78,6.47,5.85,Fruity
5.66,6.35,0.85,4.84,1.79,5.88,6.28,15.75,5.43,3.29,9.38,10.44,3.24,2.48,8.89,15.8,Chemical
13.34,8.88,8.92,8.07,11.55,1.96,6.82,10.67,7.87,9.42,11.24,9.52,10.06,5.68,3.68,8.43,Sweet
20.13,10.64,13.17,3.13,7.25,0.1,4.85,13.35,0.39,19.39,4.16,0.1,10.13,21.83,13.38,13.71,Chemical
13.59,11.55,11.88,8.92,2.98,5.13,5.06,12.67,7.46,5.91,11.05,3.22,8.25,12.97,11.59,10.78,Chemical
12.98,6.6,23.65,13.3,9.81,6.91,4.83,6.88,3.22,7.02,8.04,4.5,6.65,9.38,0.62,6.0,Gasoline-like
16.34,6.98,13.15,17.79,11.68,9.51,1.98,8.02,0.87,1.66,7.03,3.61,10.81,13.88,6.55,3.63,Gasoline-like
13.87,4.88,9.37,22.62,7.46,11.15,5.34,13.14,3.58,16.13,6.95,5.85,7.65,7.23,4.65,5.62,Gasoline-like
4.23,6.76,2.01,19.73,8.73,9.45,3.63,16.82,3.49,14.75,1.56,9.9,14.43,12.34,9.37,12.88,Chemical
16.6,12.48,9.48,14.62,9.4,9.06,0.91,11.29,6.2,15.53,7.75,10.33,14.65,8.84,12.73,14.25,Gasoline-like
23.27,13.43,23.17,4.72,7.68,4.69,4.14,3.41,2.67,1.3,11.27,11.65,13.44,7.28,6.19,11.8,Alcoholic
16.14,11.91,11.37,18.16,14.23,10.84,3.85,21.12,6.88,11.22,2.03,7.56,0.1,7.23,4.61,7.42,Gasoline-like
14.87,5.24,12.63,16.93,10.71,7.51,6.11,2.85,6.86,13.3,6.6,3.25,6.88,11.14,6.18,7.9,Gasoline-like
19.95,7.41,20.12,4.28,9.5,4.76,1.77,13.53,5.01,13.3,12.26,8.83,10.2,18.04,11.28,13.08,Chemical
9.67,7.65,6.04,13.09,13.71,3.01,9.04,11.15,6.21,8.02,10.08,2.17,1.46,10.95,8.99,12.82,Chemical
16.02,3.71,13.5,16.55,3.83,0.52,2.27,14.06,0.18,8.12,6.94,6.31,20.59,18.15,5.61,10.0,Fruity
19.6,5.89,13.66,19.32,10.01,9.08,0.85,6.0,4.1,17.38,8.58,12.43,15.73,18.31,1.38,8.5,Gasoline-like
15.46,9.96,7.7,12.42,12.42,2.17,3.99,12.48,2.23,17.08,9.02,0.41,18.42,16.0,6.84,6.62,Fruity
9.32,5.28,14.65,15.88,4.84,4.53,4.45,15.18,4.2,1.38,12.74,8.56,3.41,6.66,12.66,14.54,Chemical
14.3,11.81,20.97,17.64,10.67,9.44,7.99,10.79,1.95,14.95,9.78,4.92,13.42,14.21,2.33,11.98,Fruity
12.08,11.48,7.91,7.34,10.16,3.8,1.51,17.56,7.89,0.1,4.93,13.22,12.44,8.47,9.34,11.18,Chemical
0.1,9.4,10.09,5.31,10.6,7.68,0.1,11.66,0.38,17.13,8.9,9.17,15.61,13.39,3.11,7.29,Fruity
1.58,8.63,1.74,13.19,9.97,2.13,3.99,16.22,7.22,0.58,0.1,9.09,7.64,5.68,11.17,10.86,Chemical
7.08,6.87,13.77,0.1,6.65,7.63,7.16,14.3,8.12,16.85,13.2,6.64,12.4,14.34,3.02,4.84,Sweet
11.33,3.85,15.54,9.09,11.84,6.71,4.35,9.98,10.01,16.63,12.32,11.52,13.76,6.96,7.53,4.55,Sweet
14.65,6.24,15.58,14.38,13.38,9.31,3.18,7.73,3.18,9.47,6.73,4.97,5.93,7.65,7.81,3.38,Gasoline-like
17.84,8.04,0.1,5.62,6.81,5.49,0.32,17.13,3.35,9.91,5.58,3.24,9.98,11.76,9.53,12.67,Chemical
12.43,5.32,12.87,2.49,7.67,4.08,6.77,8.57,5.01,16.18,5.88,7.92,21.55,17.09,7.47,14.47,Fruity
15.1,3.26,12.64,13.25,6.91,4.32,10.16,14.18,4.73,11.15,7.84,9.62,14.01,11.85,8.6,18.17,Chemical
14.68,0.46,14.82,17.42,10.01,9.38,1.95,3.11,4.14,9.4,9.63,6.37,3.47,17.42,7.08,8.79,Gasoline-like
19.89,7.62,6.14,14.17,11.18,9.21,4.3,8.15,5.18,7.65,3.45,8.82,8.42,11.4,8.31,11.37,Gasoline-like
18.19,8.67,11.9,6.97,5.47,4.92,2.79,12.59,5.12,8.16,9.91,4.94,4.56,17.62,9.03,15.49,Chemical
0.1,12.5,9.87,11.24,6.11,2.56,3.17,18.89,3.24,0.1,7.44,7.21,12.38,2.64,10.03,11.64,Chemical
10.62,9.57,9.8,17.87,11.94,8.42,6.12,9.0,8.3,4.96,15.12,9.49,6.23,19.73,6.38,7.87,Gasoline-like
13.85,1.18,9.39,3.2,5.21,6.56,4.77,0.1,4.85,15.36,7.7,2.86,17.71,19.94,6.65,10.54,Fruity
12.48,8.95,17.98,9.74,5.83,4.88,5.72,7.66,1.3,17.74,5.73,2.29,14.35,18.01,4.12,12.66,Fruity
6.69,6.98,15.08,7.6,0.1,0.58,2.75,12.56,5.47,10.53,12.03,9.4,7.7,6.32,0.1,10.19,Sweet
9.78,6.91,17.15,15.84,9.81,5.1,6.72,5.67,3.62,15.7,9.55,5.04,18.18,18.67,4.48,4.61,Fruity
18.91,9.82,26.49,8.09,6.92,5.8,6.19,13.64,3.16,7.88,10.82,11.82,20.25,8.82,9.78,0.1,Alcoholic
17.1,10.32,18.01,15.77,4.97,1.73,5.37,13.19,2.11,13.73,10.57,6.38,16.27,16.39,13.31,8.7,Chemical
11.73,4.3,17.58,14.25,7.52,6.36,2.21,13.9,7.87,15.82,7.78,6.13,15.57,10.8,7.82,15.18,Chemical
7.24,10.13,13.89,0.1,5.5,3.11,4.53,7.81,7.91,17.82,15.84,9.16,13.47,18.06,1.86,9.32,Sweet
13.23,6.62,11.67,18.87,8.2,10.46,0.1,13.29,4.23,7.16,0.1,6.64,22.64,14.44,11.12,12.08,Chemical
9.23,9.38,16.37,3.24,2.92,4.22,11.21,8.15,9.18,6.01,11.52,8.46,10.0,17.61,1.98,6.17,Sweet
5.91,5.85,19.52,4.88,12.98,8.16,7.96,8.09,3.06,11.9,6.69,8.75,20.87,15.98,5.74,5.27,Fruity
25.67,7.42,15.21,13.19,8.59,4.07,0.14,9.1,1.66,16.26,4.23,3.92,17.17,20.63,3.72,13.38,Fruity
22.47,6.01,23.36,14.57,4.57,4.54,2.87,14.43,0.1,3.59,6.59,12.83,12.42,8.95,9.32,14.57,Chemical
19.16,7.17,12.76,4.9,2.88,2.29,6.37,9.7,9.67,9.59,12.09,11.04,10.08,13.76,10.34,18.38,Sweet
13.7,3.5,23.05,9.84,7.6,7.59,7.34,17.25,7.1,13.31,8.24,3.15,6.71,20.95,7.68,11.67,Chemical
8.36,7.39,11.17,9.13,0.86,1.82,2.87,5.11,8.55,19.04,7.33,8.13,8.37,11.81,5.54,8.88,Sweet
19.24,5.19,0.1,3.77,7.75,5.39,6.26,11.8,6.71,10.32,4.61,1.25,8.27,3.15,8.98,13.25,Chemical
17.18,0.1,15.5,4.54,2.03,1.95,4.07,0.92,5.68,11.96,9.67,13.85,13.18,18.76,0.1,4.73,Fruity
6.57,2.59,10.64,11.51,6.72,3.49,5.8,15.29,5.83,7.06,4.94,6.83,0.1,12.55,8.86,12.95,Chemical
6.69,17.43,14.91,7.25,0.1,2.11,2.91,13.12,10.96,9.52,13.49,10.65,9.39,7.19,2.82,6.67,Sweet
14.93,2.23,0.1,2.14,3.84,6.63,3.34,4.32,3.38,17.56,13.06,10.42,18.85,14.73,5.77,16.1,Fruity
1.19,3.55,11.06,13.22,7.69,1.95,5.18,8.66,6.63,16.7,12.29,9.47,0.1,13.61,8.11,6.69,Sweet
17.3,5.18,3.41,8.63,10.55,5.28,3.03,4.93,4.43,13.29,10.91,3.76,20.64,24.86,9.4,4.26,Fruity
11.51,3.54,14.85,8.3,0.1,4.5,7.93,15.09,3.54,3.55,9.59,9.55,17.76,10.37,8.6,17.69,Chemical
22.6,2.2,1.87,9.06,4.59,7.29,7.44,3.87,7.49,12.99,13.25,10.63,10.68,13.69,0.1,11.52,Sweet
18.43,4.64,7.07,15.81,11.88,10.13,0.1,7.93,4.18,13.93,8.46,6.33,10.57,10.2,9.16,2.59,Gasoline-like
15.6,2.6,19.47,11.82,12.95,9.65,9.43,12.25,3.58,8.45,6.7,7.67,9.15,2.2,8.57,12.89,Chemical
17.94,8.27,18.82,14.45,8.22,5.97,3.73,9.29,9.56,11.05,14.98,8.51,12.32,9.09,0.81,8.04,Sweet
18.59,7.7,8.59,16.36,5.45,9.77,5.45,9.58,8.53,4.35,10.45,11.03,16.06,11.08,5.71,4.89,Sweet
7.16,5.4,12.49,6.87,8.07,0.1,6.09,12.0,7.41,19.2,14.01,13.7,13.14,16.05,7.11,3.37,Sweet
15.35,10.67,18.16,6.51,2.39,5.16,6.58,11.3,2.68,9.32,8.23,3.49,9.4,13.75,7.7,18.0,Chemical
22.79,13.77,17.94,14.29,0.1,9.7,3.46,13.92,4.14,8.22,10.34,7.06,9.88,13.89,3.8,9.03,Alcoholic
22.23,8.14,11.85,16.47,3.52,2.67,4.4,12.39,8.17,16.08,9.9,0.73,15.78,18.74,4.01,6.12,Fruity
10.37,8.66,10.94,15.07,10.9,2.53,3.55,8.34,0.6,20.74,9.43,3.33,12.06,24.3,4.01,13.53,Fruity
22.76,10.72,23.15,1.67,12.06,7.23,8.2,14.54,5.07,6.31,4.3,12.42,9.17,14.93,7.4,0.97,Alcoholic
9.07,5.3,7.55,15.91,14.61,11.76,1.11,11.08,3.48,9.6,14.33,13.7,10.59,13.36,3.35,18.05,Gasoline-like
8.6,11.11,11.19,10.42,9.28,2.03,4.22,8.09,3.37,12.47,8.43,0.1,2.22,0.1,7.76,14.92,Chemical
2.92,1.97,9.44,9.26,8.91,5.43,7.92,18.38,6.8,12.49,12.63,0.84,9.2,3.37,11.23,11.85,Chemical
23.25,3.49,15.32,3.02,0.1,6.96,6.52,16.19,1.08,2.5,9.33,5.41,10.85,9.61,12.69,15.26,Chemical
18.03,6.68,7.08,16.31,4.17,3.52,7.18,9.05,8.44,3.95,13.91,10.99,13.23,15.66,1.11,10.45,Sweet
12.71,12.03,9.0,0.1,7.48,10.17,5.62,11.39,1.84,11.8,5.73,11.81,14.36,9.1,12.1,11.43,Chemical
21.36,7.43,14.03,5.44,4.69,6.64,1.82,14.38,8.63,6.2,16.49,10.4,18.44,14.69,8.76,7.72,Sweet
27.12,6.75,4.83,12.62,6.87,8.57,5.26,13.81,0.97,12.92,6.0,8.27,14.4,20.6,5.04,4.82,Fruity
10.09,0.38,27.4,13.99,12.58,8.4,2.96,10.55,6.63,10.27,16.53,8.0,9.3,18.52,7.81,14.94,Gasoline-like
19.15,7.6,11.48,7.04,10.02,5.39,4.76,4.11,5.46,19.97,4.27,3.02,17.56,19.89,7.19,6.7,Fruity
7.05,3.01,14.24,3.52,4.26,3.67,3.74,16.03,3.38,6.53,8.93,7.63,8.19,18.07,10.4,13.18,Chemical
27.15,9.4,7.62,0.1,2.32,1.64,2.41,9.44,8.3,16.3,10.8,8.35,15.17,15.46,5.4,12.82,Sweet
19.57,14.64,27.73,0.32,2.06,3.97,7.62,12.9,2.98,16.47,6.06,8.29,1.53,7.81,6.42,7.91,Alcoholic
15.49,5.11,14.94,12.99,8.64,7.07,8.01,10.69,6.72,2.36,3.27,5.05,13.25,15.93,8.45,17.37,Chemical
25.31,12.41,25.01,12.08,8.32,4.42,1.47,0.1,5.97,6.15,7.11,1.6,4.4,4.39,2.18,7.02,Alcoholic
12.82,4.46,5.91,11.11,11.86,8.09,3.71,18.12,0.1,11.57,9.51,8.25,0.1,3.1,9.79,16.17,Chemical
11.54,6.16,10.25,20.2,11.1,8.97,10.57,13.01,3.39,14.98,6.2,6.07,5.67,9.76,7.97,5.61,Gasoline-like
13.66,7.31,11.58,10.67,5.2,8.33,6.85,9.31,6.85,16.87,4.0,6.94,16.64,21.43,5.73,4.41,Fruity
17.48,10.03,7.86,4.88,12.16,3.59,2.17,7.38,7.98,2.94,14.73,12.98,4.05,11.22,2.06,6.47,Sweet
17.72,10.02,21.46,2.77,6.42,7.6,5.21,10.45,7.61,5.52,9.47,10.44,15.27,15.24,5.07,3.71,Alcoholic
0.1,3.58,11.82,15.32,9.02,4.88,2.4,10.4,7.6,5.65,11.21,10.16,10.02,2.96,1.55,14.4,Sweet
19.93,11.98,21.15,15.12,10.02,7.65,8.76,9.22,5.88,5.49,4.09,8.22,9.74,13.24,4.31,3.6,Alcoholic
21.54,5.77,15.85,7.61,5.49,4.89,3.12,17.03,9.03,1.03,10.54,11.68,14.29,12.48,6.51,5.98,Sweet
7.7,3.33,18.42,19.63,10.85,8.89,1.77,3.55,6.71,8.4,7.05,4.65,14.8,6.39,7.24,15.84,Gasoline-like
12.97,11.82,7.69,5.98,8.33,2.86,5.77,5.64,0.44,16.27,0.94,7.79,21.09,18.77,3.57,5.36,Fruity
16.18,6.22,11.28,2.92,6.94,2.49,6.4,9.69,2.97,18.21,6.87,4.01,16.87,18.59,2.03,3.32,Fruity
17.09,11.32,12.07,12.86,11.03,6.94,2.83,4.5,7.41,21.76,11.34,7.23,11.55,8.58,3.47,6.8,Sweet
26.25,7.59,20.11,1.64,0.28,11.08,4.25,16.53,7.67,8.3,11.26,9.28,5.49,21.1,12.34,10.59,Chemical
25.64,7.16,23.37,12.03,9.16,5.98,5.16,9.01,0.91,7.63,7.05,5.03,8.85,3.88,8.76,10.39,Alcoholic
11.4,0.82,10.57,16.29,5.85,8.34,5.47,10.6,6.22,15.42,17.18,9.65,17.32,6.47,4.18,4.81,Sweet
18.97,3.88,19.51,5.92,1.61,5.63,5.35,8.13,7.12,14.14,7.79,8.79,21.58,25.03,3.56,10.27,Fruity
21.36,2.56,6.09,3.01,8.94,5.19,5.44,12.06,3.44,14.19,9.82,2.43,17.44,17.07,5.88,8.88,Fruity
6.41,17.73,16.5,18.4,13.74,8.98,3.74,10.7,2.6,8.41,7.02,2.55,13.4,0.1,9.19,11.5,Gasoline-like
11.17,8.39,21.64,11.09,11.34,7.95,4.58,4.77,8.35,10.76,12.28,10.2,9.81,11.8,2.45,6.96,Sweet
20.86,17.39,20.62,8.06,5.63,3.62,4.56,6.58,4.63,0.1,1.05,10.03,1.6,0.1,3.41,12.12,Alcoholic
21.07,11.41,7.06,13.55,7.03,2.86,9.62,7.73,9.35,12.77,10.74,9.5,9.13,10.55,5.71,0.1,Sweet
2.97,6.31,15.48,2.67,0.6,3.03,4.44,11.64,3.09,12.53,8.29,2.42,11.95,12.78,10.86,17.34,Chemical
20.92,12.8,28.23,8.65,5.75,1.81,0.1,9.64,7.49,5.4,9.82,11.48,13.7,10.71,7.18,3.55,Alcoholic
22.01,7.25,15.46,12.62,4.66,7.52,4.07,18.88,3.11,9.1,4.7,5.27,21.65,10.63,10.55,12.03,Chemical
0.1,9.62,21.9,16.74,7.82,10.37,3.18,1.29,1.32,0.1,9.15,2.8,5.32,20.97,2.89,9.24,Gasoline-like
25.4,7.83,14.05,9.72,12.07,9.2,3.72,21.07,4.09,9.33,10.74,4.92,14.39,10.42,7.41,9.52,Chemical
4.41,6.74,12.52,13.93,14.94,6.15,5.29,10.89,6.85,8.92,5.42,7.89,4.94,4.08,9.41,6.93,Gasoline-like
11.74,5.22,9.03,6.42,12.12,6.3,1.41,12.95,8.63,10.13,7.59,12.43,9.43,14.25,4.12,6.36,Sweet
21.29,15.15,16.37,11.36,7.78,3.84,1.54,7.46,8.28,21.78,11.11,9.4,12.52,10.5,7.77,4.1,Sweet
10.81,14.65,13.16,18.86,13.28,10.03,4.62,8.65,5.62,7.93,1.45,8.54,17.26,7.79,7.13,4.28,Gasoline-like
15.41,13.79,24.61,12.59,0.25,4.41,6.82,6.98,3.99,9.0,10.69,14.93,11.86,10.84,6.87,10.47,Alcoholic
5.96,13.75,11.84,21.37,12.95,9.83,4.16,10.27,5.3,7.1,7.58,7.01,11.5,13.79,4.18,3.41,Gasoline-like
6.33,14.13,16.45,4.9,7.52,4.54,0.1,14.14,9.33,7.47,14.24,12.61,11.32,13.46,5.11,9.97,Sweet
5.43,5.75,14.85,15.92,10.36,9.83,4.54,8.8,6.26,9.26,13.5,5.39,11.19,11.99,7.44,1.72,Gasoline-like
26.8,14.16,25.43,8.26,10.37,1.33,4.93,5.66,2.17,9.0,3.77,4.44,15.28,12.19,4.86,6.41,Alcoholic
1.39,7.02,12.75,13.91,0.66,0.21,6.54,10.39,1.95,18.71,8.59,7.89,16.87,11.19,3.91,12.89,Fruity
29.34,6.46,19.51,11.59,4.92,3.32,5.08,8.8,6.02,15.7,10.55,0.1,18.57,22.15,7.4,8.82,Fruity
5.11,4.63,15.23,2.29,11.23,8.18,5.97,5.93,9.03,1.63,13.66,11.54,19.56,6.53,4.44,8.81,Sweet
12.07,0.18,6.85,4.79,14.07,6.85,1.17,12.92,4.46,12.05,10.1,7.89,10.43,7.74,9.86,9.43,Chemical
24.0,10.67,19.78,9.57,6.83,2.27,0.55,12.4,6.41,9.32,9.96,3.39,3.55,13.17,5.72,10.17,Alcoholic
15.73,7.16,15.86,8.74,6.9,0.1,9.08,7.06,8.11,6.79,7.15,7.56,11.04,11.92,5.59,9.81,Alcoholic
15.19,8.48,6.99,8.26,4.14,2.9,5.88,13.67,7.62,4.27,12.15,10.04,9.12,5.38,8.56,11.48,Sweet
12.32,12.57,10.04,9.22,5.42,5.75,6.66,13.94,7.04,4.97,8.04,0.94,13.93,7.05,12.81,15.22,Chemical
17.01,2.72,16.07,4.72,15.39,9.35,6.92,15.09,3.95,5.01,5.06,4.79,3.67,1.0,10.51,12.7,Chemical
8.74,5.01,17.47,15.2,11.11,5.12,2.64,12.16,6.89,6.77,9.13,15.23,13.96,13.58,2.26,11.44,Gasoline-like
13.96,13.04,10.09,12.89,9.11,6.4,4.19,8.81,5.94,10.3,13.16,1.92,22.44,7.14,8.88,13.08,Chemical
15.72,1.89,3.98,2.7,6.84,3.97,11.04,13.73,5.45,7.75,13.0,8.3,11.13,10.04,11.77,14.36,Chemical
8.05,3.95,0.53,10.46,7.64,7.23,9.23,8.71,6.94,7.28,15.18,9.85,16.16,12.77,5.7,6.41,Sweet
22.76,15.43,22.33,6.52,5.55,0.95,6.22,0.1,3.44,7.23,9.48,11.49,10.31,13.96,6.97,4.24,Alcoholic
4.09,6.64,8.75,5.99,5.39,0.1,5.95,15.87,1.29,4.52,13.68,10.7,4.62,8.01,12.59,13.07,Chemical
5.85,13.57,11.96,12.83,7.84,3.91,0.72,7.69,8.59,19.53,3.34,0.1,16.45,18.75,3.65,10.96,Fruity
17.44,6.79,9.11,5.32,7.78,3.39,4.44,0.1,7.62,3.07,15.47,11.73,5.01,20.62,5.55,8.67,Sweet
15.83,1.93,19.25,0.1,6.95,7.73,5.16,10.99,2.44,4.25,8.73,7.26,14.13,7.58,11.15,15.26,Chemical
14.05,13.46,8.85,14.25,11.47,8.38,2.59,4.24,4.2,5.53,5.67,1.84,16.58,11.51,5.42,7.31,Gasoline-like
13.58,2.4,16.24,17.49,11.59,7.33,3.73,3.48,3.27,23.85,8.12,3.47,12.37,2.4,3.72,3.58,Gasoline-like
17.88,0.1,3.6,17.86,6.06,3.25,5.11,14.6,1.4,12.94,10.51,10.13,16.77,15.53,9.95,11.59,Fruity
5.0,1.21,6.9,1.28,7.09,3.12,5.12,11.45,8.99,8.68,16.26,11.04,12.28,9.96,0.1,9.34,Sweet
19.55,4.45,12.56,3.7,7.6,4.98,10.42,15.46,5.86,2.49,8.5,9.11,6.68,13.25,11.9,12.81,Chemical
24.47,10.15,20.54,3.6,8.48,4.22,5.71,8.85,3.06,19.15,7.24,1.65,11.94,18.45,1.4,6.51,Alcoholic
23.08,12.63,15.9,4.56,2.52,8.62,2.82,7.83,4.1,6.18,14.22,6.87,7.8,13.28,11.44,4.0,Alcoholic
11.92,15.66,11.22,15.36,11.37,7.93,4.21,10.68,6.33,9.27,8.28,5.43,15.79,1.96,4.78,0.1,Gasoline-like
19.0,5.99,9.53,17.89,10.12,9.44,3.78,6.39,2.03,17.82,9.81,3.19,8.82,22.78,4.56,11.37,Gasoline-like
9.05,4.49,11.69,10.45,4.41,5.07,6.73,8.54,1.74,14.5,1.82,8.09,18.01,14.11,6.36,1.79,Fruity
6.2,14.94,24.72,6.92,11.25,9.78,4.54,0.1,4.79,14.04,9.16,4.96,17.26,21.49,3.46,7.31,Fruity
20.87,2.64,22.23,11.04,9.5,7.59,7.25,14.9,3.84,21.92,2.77,8.24,9.64,11.38,13.76,13.69,Chemical
19.3,10.42,14.01,7.97,7.08,3.51,3.45,13.87,8.33,11.73,11.13,13.21,10.32,13.84,7.45,6.43,Sweet
17.94,10.53,23.58,15.12,5.13,10.01,7.37,5.42,3.54,6.42,9.6,3.27,19.0,20.86,8.42,4.78,Alcoholic
24.2,13.67,24.16,1.06,6.29,0.1,5.22,9.09,6.15,4.31,13.21,3.82,14.91,9.07,6.21,4.84,Alcoholic
15.2,7.56,6.11,7.33,9.59,0.1,3.23,9.5,6.41,9.86,9.13,9.86,6.09,13.12,11.76,2.86,Sweet
18.13,8.79,17.13,8.92,6.5,3.8,3.4,10.78,8.66,3.5,14.8,8.75,12.9,15.79,3.56,6.44,Sweet
16.52,3.29,15.02,6.05,2.59,4.5,9.9,7.72,2.61,11.65,7.72,7.99,15.94,14.09,2.03,14.32,Fruity
15.0,3.23,10.98,17.61,10.4,7.37,5.99,6.08,5.6,6.89,6.95,1.89,10.83,3.36,4.52,7.64,Gasoline-like
22.33,8.98,4.54,6.2,5.75,4.9,2.75,12.42,5.25,11.92,6.76,4.3,5.47,4.29,10.3,15.78,Chemical
13.96,12.93,7.25,17.8,10.41,6.72,6.34,2.77,7.89,9.03,8.2,3.79,7.96,14.93,4.46,0.1,Gasoline-like
19.19,11.62,23.52,2.13,6.66,4.69,4.77,7.18,8.78,7.52,8.19,4.16,8.1,2.73,4.98,10.59,Alcoholic
6.49,5.98,10.66,11.47,0.83,0.1,3.6,6.99,7.64,13.2,9.59,9.88,11.05,3.36,4.69,4.8,Sweet
6.09,18.1,8.6,11.92,6.05,7.38,7.0,10.87,2.95,21.16,3.45,7.99,17.79,15.93,3.55,6.4,Fruity
13.71,1.12,15.31,16.71,10.2,6.49,0.54,0.1,5.73,7.76,7.51,9.45,10.18,21.23,9.93,12.52,Gasoline-like
16.11,11.77,4.82,15.09,3.82,3.95,5.18,20.85,6.97,10.61,6.62,5.16,10.95,15.85,9.83,16.67,Chemical
12.88,5.96,23.14,19.58,10.92,8.78,10.47,13.3,5.4,11.3,8.97,7.26,2.44,6.34,0.46,11.68,Gasoline-like
12.01,8.4,11.58,0.1,5.84,5.45,6.98,18.31,6.01,6.73,2.92,2.65,10.69,9.87,9.78,11.55,Chemical
25.18,9.59,9.23,11.33,7.01,3.62,4.97,0.1,6.09,17.53,3.8,9.3,13.49,14.77,4.92,9.61,Fruity
8.72,9.87,2.84,12.49,2.23,4.63,2.56,10.85,9.73,8.02,11.35,11.77,12.34,5.88,7.3,11.98,Sweet
25.54,9.38,18.12,13.39,13.24,9.6,8.48,12.23,4.44,2.92,6.5,0.1,5.85,2.32,9.63,7.22,Alcoholic
20.33,5.71,0.1,12.09,10.89,11.66,7.19,11.71,3.24,2.02,5.31,5.7,8.46,5.0,1.76,5.84,Gasoline-like
13.06,8.92,16.7,1.61,7.23,5.07,6.24,9.11,0.31,10.03,11.12,4.92,14.44,14.18,12.29,17.03,Chemical
5.48,6.31,17.0,5.39,1.86,5.42,0.61,2.74,6.48,8.37,12.92,10.13,7.12,10.39,7.57,10.32,Sweet
26.02,13.32,22.42,13.83,3.94,6.5,3.59,6.34,1.96,5.29,7.32,6.16,8.03,12.93,1.17,8.43,Alcoholic
12.77,4.58,16.16,16.75,12.22,7.82,3.56,11.24,0.94,7.89,5.54,8.27,16.46,6.56,3.36,10.55,Gasoline-like
6.07,12.42,28.72,5.81,7.83,6.21,7.89,13.26,9.32,6.47,9.89,7.31,10.75,9.91,8.03,8.99,Chemical
4.67,5.96,6.38,15.15,0.37,5.82,3.84,17.43,4.51,3.27,11.35,0.1,0.1,3.8,6.65,13.31,Chemical
26.88,15.75,25.6,13.19,6.76,2.72,5.2,10.09,8.26,15.43,10.29,0.51,3.7,14.41,6.69,5.53,Alcoholic
1.95,10.94,11.02,6.56,8.94,4.41,7.12,8.2,6.33,15.08,10.96,9.11,14.34,23.39,5.28,8.74,Fruity
22.29,15.2,27.92,11.94,0.1,6.86,5.64,7.28,6.78,12.02,1.26,4.72,9.92,18.75,4.66,7.47,Alcoholic
7.28,4.88,5.85,5.12,8.01,8.85,0.71,18.47,7.81,8.43,9.83,4.15,11.57,10.71,10.13,13.9,Chemical
5.82,4.82,13.39,9.59,12.46,10.39,3.51,8.97,5.28,14.38,6.69,6.43,0.62,13.54,6.51,7.15,Gasoline-like
11.7,11.66,22.52,13.66,17.74,11.7,0.53,5.97,11.17,14.88,6.44,7.54,10.75,17.82,10.4,9.93,Gasoline-like
12.4,8.69,7.29,11.82,4.27,0.1,7.74,13.78,5.4,13.28,3.01,5.1,14.33,21.79,9.2,12.5,Chemical
1.07,14.14,4.78,7.99,8.69,7.85,5.82,15.96,3.21,5.49,0.61,7.4,4.95,10.29,10.34,13.87,Chemical
9.67,4.94,0.1,8.82,5.63,4.62,1.95,12.44,2.82,17.29,14.77,1.05,15.03,19.01,8.23,3.13,Fruity
16.0,5.11,4.93,10.0,5.65,4.13,2.27,13.56,2.05,15.52,8.86,17.62,13.43,21.24,4.82,7.1,Fruity
8.42,12.35,1.25,4.37,2.39,3.26,3.71,11.64,4.52,13.41,14.17,11.75,17.49,17.16,8.29,0.58,Fruity
18.95,11.3,23.48,10.24,4.88,5.27,5.05,5.06,5.38,8.09,4.76,5.85,7.65,0.69,3.18,9.37,Alcoholic
9.61,3.6,1.72,4.4,9.21,5.53,3.31,10.84,6.61,6.47,13.23,15.58,15.59,21.8,6.8,10.96,Sweet
12.66,12.15,12.78,17.14,7.62,6.14,2.47,8.75,9.44,2.21,14.75,11.3,20.66,11.76,7.51,8.49,Sweet
12.7,0.1,9.35,3.96,8.27,1.97,3.48,5.55,3.04,13.84,6.3,1.54,18.19,21.65,2.25,14.56,Fruity
27.81,7.58,5.9,8.64,10.57,2.05,0.28,12.98,2.25,2.21,9.2,4.47,10.91,10.8,11.04,12.43,Chemical
29.09,13.68,23.47,3.07,13.48,9.51,1.69,4.5,7.88,18.08,4.18,1.76,6.66,1.73,4.37,13.34,Alcoholic
10.38,6.04,15.7,14.24,14.71,12.28,1.57,13.29,1.6,9.02,10.8,7.72,12.14,14.23,9.65,9.24,Gasoline-like
18.54,10.42,18.99,10.5,8.35,5.19,6.95,12.54,0.1,10.56,2.38,8.8,1.85,7.5,5.79,5.0,Alcoholic
11.9,13.18,11.28,15.15,12.2,7.7,3.42,14.9,4.01,11.47,0.1,1.85,12.74,4.12,2.89,5.14,Gasoline-like
22.12,12.3,21.03,3.29,9.46,3.75,6.75,4.15,5.37,0.1,0.1,2.24,8.2,20.85,4.21,13.73,Alcoholic
17.13,11.48,27.64,3.27,7.24,2.63,2.34,7.09,8.19,8.68,5.74,15.36,11.74,5.42,8.12,7.35,Alcoholic
10.0,1.02,10.12,2.98,8.99,5.16,7.91,12.33,10.09,11.78,12.73,10.66,14.22,23.12,7.62,8.23,Fruity
9.09,12.29,7.46,12.37,7.89,6.88,3.76,9.95,4.42,13.46,2.27,8.28,6.7,10.86,5.32,9.5,Gasoline-like
17.85,0.63,4.31,13.52,13.01,8.47,6.49,10.92,8.99,11.49,1.71,8.36,14.2,8.14,10.26,10.26,Gasoline-like
9.12,6.74,12.18,3.63,9.66,2.88,2.58,8.26,6.94,7.47,8.94,8.05,6.44,15.55,0.1,9.71,Sweet
24.34,8.15,17.23,10.13,5.54,8.24,5.64,6.59,3.87,5.69,8.76,7.99,11.0,12.99,4.23,13.75,Alcoholic
0.1,12.7,23.27,17.54,10.01,3.43,5.43,11.2,1.56,5.85,6.34,5.18,9.36,5.89,9.58,17.07,Chemical
5.31,8.77,25.38,6.98,7.3,5.26,3.16,11.84,0.61,19.93,3.64,3.92,15.82,21.71,2.42,7.49,Fruity
1.85,8.5,0.1,13.62,8.25,4.84,2.89,15.55,6.24,11.36,0.89,5.2,15.76,14.41,10.32,17.21,Chemical
9.23,0.1,22.63,19.47,12.6,8.54,5.57,0.1,2.92,14.2,7.19,1.61,7.61,0.1,2.22,8.45,Gasoline-like
20.23,13.57,21.05,2.44,11.52,8.07,3.06,10.37,2.08,8.78,10.19,8.35,9.07,7.01,5.52,8.04,Alcoholic
12.21,2.16,23.69,6.32,9.11,9.96,2.89,16.42,3.17,20.32,0.1,2.87,6.28,2.72,10.98,17.77,Chemical
17.79,4.43,4.65,6.78,10.67,4.86,2.67,19.93,6.07,14.91,2.99,10.33,8.87,9.35,9.9,11.16,Chemical
18.48,8.13,10.44,16.38,9.29,4.33,6.24,21.08,6.44,11.16,0.8,9.43,15.35,10.1,10.28,20.17,Chemical
15.15,0.59,5.97,10.05,9.5,8.22,9.16,2.59,8.17,0.1,13.59,11.89,7.41,11.89,4.41,4.27,Sweet
20.39,5.61,16.79,14.45,2.71,5.14,5.37,14.52,2.53,14.02,9.18,5.32,15.36,0.1,7.48,12.52,Chemical
31.78,9.77,24.19,7.02,2.38,3.82,2.46,7.57,5.15,3.99,10.18,4.49,4.77,7.46,10.17,1.89,Alcoholic
14.95,9.68,0.1,13.48,7.52,9.55,1.46,14.75,4.57,8.3,7.31,4.63,3.46,4.45,12.24,11.26,Chemical
8.24,1.73,8.37,8.4,8.11,6.76,4.71,13.27,6.32,4.59,16.22,11.3,8.38,12.21,11.74,7.74,Sweet
28.28,10.73,20.17,8.86,7.41,6.61,7.08,8.41,1.09,14.4,7.22,12.93,11.25,6.19,8.45,2.26,Alcoholic
14.69,3.76,5.96,16.73,10.36,8.82,4.54,0.1,7.06,0.1,0.1,7.32,6.34,0.1,10.31,6.74,Gasoline-like
4.7,6.97,15.7,6.93,7.92,6.6,2.98,17.0,9.27,8.17,8.17,4.41,8.02,7.63,12.08,16.88,Chemical
12.43,5.38,17.45,6.33,8.0,8.8,3.31,9.99,3.99,16.95,9.65,9.94,15.38,18.17,8.85,9.96,Fruity
8.97,16.13,15.94,11.37,9.57,4.44,6.12,16.39,3.79,10.92,4.1,8.11,4.92,16.84,6.6,16.74,Chemical
23.95,8.5,14.84,7.03,10.7,3.04,3.5,12.2,3.68,18.86,5.38,6.71,21.42,17.43,3.91,9.98,Fruity
14.76,5.63,21.2,8.26,6.8,5.64,5.06,10.75,5.11,17.98,12.88,7.37,19.07,18.67,7.59,5.35,Fruity
17.85,12.79,12.17,8.74,3.44,5.9,2.89,9.94,6.46,16.85,3.25,10.16,7.91,6.08,8.76,4.96,Alcoholic
2.53,5.97,0.1,9.09,9.23,1.92,4.87,8.86,7.69,19.47,6.48,7.53,17.61,21.81,6.76,6.51,Fruity
20.87,9.25,23.61,5.82,9.77,6.12,5.68,0.1,5.55,6.43,4.07,7.56,9.57,12.01,4.39,7.34,Alcoholic
26.31,12.86,28.19,21.16,7.49,6.3,3.45,9.98,3.82,12.79,14.32,4.9,7.17,11.9,6.53,11.06,Alcoholic
2.45,5.18,10.25,6.43,5.57,4.93,1.59,18.54,7.01,9.97,5.43,4.95,13.03,17.2,11.57,16.02,Chemical
17.46,5.13,11.75,14.42,4.08,3.58,4.24,12.88,5.11,3.59,6.27,5.66,9.19,11.89,8.9,13.53,Chemical
15.19,7.07,19.14,18.21,14.61,10.51,9.42,7.78,7.0,4.71,11.67,7.47,15.65,17.28,6.47,7.56,Gasoline-like
12.87,12.34,4.58,8.12,4.94,1.76,4.18,16.79,1.42,8.7,0.92,1.63,9.3,10.33,11.58,13.77,Chemical
25.0,12.52,25.01,22.01,4.2,1.97,11.5,8.08,5.65,6.28,9.53,14.94,8.35,12.64,3.38,11.7,Alcoholic
25.08,10.17,18.76,11.03,9.77,6.05,0.1,9.14,5.32,9.54,6.58,5.91,11.14,7.01,10.04,14.66,Alcoholic
13.14,7.67,14.09,11.7,12.49,2.73,5.3,14.92,8.33,15.5,9.98,11.92,17.07,9.83,3.26,13.18,Sweet
16.35,9.47,15.77,2.08,1.42,4.73,2.52,4.27,6.3,13.12,10.87,10.89,12.47,16.57,0.58,2.99,Fruity
0.1,6.47,6.45,9.13,2.73,5.5,4.97,15.22,6.61,8.49,3.52,10.92,5.65,10.97,10.74,13.2,Chemical
15.33,10.94,16.52,17.35,14.26,8.22,6.36,4.19,3.06,0.1,5.52,6.03,9.46,11.39,1.13,4.61,Gasoline-like
23.62,6.58,19.75,12.07,13.93,10.76,4.07,13.3,2.14,4.77,9.39,6.78,6.11,15.84,1.47,5.18,Gasoline-like
19.15,13.15,25.32,12.77,4.0,6.85,6.53,12.4,1.53,14.43,8.58,10.09,12.8,11.26,1.56,8.55,Alcoholic
13.52,12.62,0.1,3.78,10.4,8.06,2.84,4.72,8.1,6.57,12.12,13.94,2.62,7.19,5.05,7.5,Sweet
16.25,0.23,8.71,8.52,5.49,0.1,3.78,6.8,1.73,14.82,4.99,7.28,14.49,18.97,0.1,10.18,Fruity
29.26,8.98,20.75,8.7,8.11,4.81,1.71,11.31,6.27,2.41,7.28,0.9,6.54,13.94,3.42,7.42,Alcoholic
15.89,6.7,7.91,13.06,7.58,3.99,7.11,10.86,5.38,16.56,6.39,5.75,13.73,20.09,6.63,5.07,Fruity
14.89,11.11,21.31,14.99,10.06,7.64,6.6,5.6,2.59,5.56,10.71,10.79,0.32,21.48,1.05,6.4,Gasoline-like
5.19,10.66,12.66,10.82,8.46,9.25,3.32,4.84,5.13,16.7,11.48,4.71,18.88,25.26,7.74,6.95,Fruity
19.55,3.84,11.31,13.2,6.48,1.92,3.9,11.38,3.39,10.14,5.98,13.78,16.02,17.26,5.32,10.18,Fruity
19.81,6.86,13.77,16.5,10.9,11.19,0.1,15.03,2.65,14.4,9.14,9.79,10.84,9.7,7.27,6.17,Gasoline-like
6.69,6.17,16.78,5.4,7.46,7.95,0.1,15.17,5.4,14.67,5.14,7.2,12.01,24.77,4.43,10.65,Fruity
12.67,5.59,20.37,3.75,7.29,1.33,5.45,10.97,5.93,6.53,8.99,7.0,12.41,6.43,9.12,13.39,Chemical
3.84,6.84,7.82,7.39,6.18,3.49,3.76,7.28,2.56,13.76,7.69,14.92,18.47,16.62,5.73,9.17,Fruity
6.86,7.7,16.49,10.7,8.95,0.7,2.04,11.88,6.67,5.19,2.77,5.01,0.1,3.86,11.25,12.56,Chemical
10.56,11.43,19.02,12.34,6.97,9.25,5.21,1.95,6.11,14.35,6.13,2.06,18.75,14.24,2.3,11.18,Fruity
21.23,12.29,13.54,5.61,11.42,9.59,7.14,1.08,7.89,9.81,5.04,1.39,15.72,10.03,5.25,6.07,Alcoholic
3.57,10.05,11.33,4.38,7.62,1.27,5.12,15.77,0.4,15.11,8.2,0.1,2.23,17.57,11.4,15.03,Chemical
17.85,12.43,17.2,6.64,10.38,5.71,5.74,9.5,3.08,7.61,7.1,4.14,19.47,6.12,5.23,2.51,Alcoholic
20.57,13.06,29.54,4.42,8.35,3.81,5.73,6.83,7.45,11.14,5.3,7.16,8.13,18.16,3.64,7.15,Alcoholic
24.96,10.67,22.87,11.3,7.71,0.9,5.88,10.67,3.59,12.2,7.79,4.1,6.33,15.86,6.0,9.29,Alcoholic
14.25,5.31,17.98,3.86,12.34,8.92,4.32,12.79,4.34,0.34,5.56,4.95,10.22,9.76,8.7,17.54,Chemical
11.19,5.75,10.88,19.65,13.2,10.36,4.06,4.79,6.28,2.13,10.72,4.4,12.16,6.2,11.6,10.54,Gasoline-like
15.31,7.94,12.46,8.8,6.25,3.51,5.31,12.81,2.92,8.24,9.27,2.39,15.43,3.97,11.01,11.63,Chemical
11.03,2.61,19.27,11.85,4.93,5.17,5.25,12.11,10.96,4.4,11.6,3.28,3.63,15.97,9.3,17.28,Chemical
13.7,1.54,9.06,9.38,7.3,10.07,5.04,0.8,4.22,19.36,8.83,4.66,19.88,21.96,3.96,7.2,Fruity
18.31,5.44,18.1,3.38,9.0,0.23,0.85,12.92,8.08,9.19,9.66,11.66,11.78,12.26,2.05,11.3,Sweet
16.46,11.93,17.78,2.07,8.88,7.77,0.1,5.48,7.12,18.15,3.22,7.02,17.35,22.36,5.01,8.15,Fruity
17.12,10.28,23.18,4.73,10.14,6.87,9.65,12.02,5.71,8.45,6.49,10.71,14.43,9.56,4.87,7.77,Alcoholic
13.73,9.67,14.07,4.2,9.16,8.49,7.81,8.51,5.54,14.78,6.74,5.12,16.71,18.29,7.57,7.33,Fruity
15.45,1.86,8.62,16.41,12.2,10.26,3.35,0.1,12.5,10.66,18.24,6.94,6.59,11.48,9.68,11.29,Gasoline-like
